price,area,flat_toilets,balcony,current_floors,total_floors,ceiling,dorm,mortgage,year,type_of_house,repair_status,distance_to_center
9500000.0,39.0,совмещенный,лоджия,4.0,5.0,2.7,нет,нет,1979,кирпичный,частично,3.712
39000000.0,76.1,раздельный,нет,4.0,10.0,3.0,нет,нет,2021,кирпичный,частично,2.43
29990000.0,75.0,раздельный,нет,9.0,10.0,3.0,нет,нет,2024,кирпичный,полностью,4.193
10900000.0,37.0,совмещенный,балкон,1.0,5.0,2.7,нет,нет,1966,кирпичный,частично,0.47
13400000.0,50.8,совмещенный,нет,6.0,6.0,2.7,нет,нет,1990,панельный,частично,2.078
15483700.0,46.22,раздельный,нет,3.0,10.0,2.75,нет,нет,2023,кирпичный,без мебели,1.294
90000000.0,140.0,2 с/у и более,нет,7.0,9.0,3.0,нет,нет,2023,кирпичный,полностью,1.599
16535600.0,49.36,раздельный,нет,3.0,10.0,2.75,нет,нет,2023,кирпичный,без мебели,1.294
47286000.0,105.08,раздельный,нет,3.0,9.0,3.2,нет,нет,2025,кирпичный,частично,0.753
10500000.0,36.2,совмещенный,нет,1.0,5.0,2.7,нет,нет,1974,панельный,частично,3.348
27000000.0,85.5,2 с/у и более,нет,3.0,12.0,2.7,нет,нет,2019,монолитный,частично,4.321
68769000.0,152.82,раздельный,нет,3.0,9.0,3.2,нет,нет,2025,кирпичный,частично,0.753
22136800.0,66.08,раздельный,нет,3.0,10.0,2.75,нет,нет,2023,кирпичный,без мебели,1.294
18000000.0,62.0,раздельный,нет,1.0,5.0,2.7,нет,нет,1998,кирпичный,частично,2.677
12000000.0,45.0,раздельный,лоджия,4.0,5.0,2.7,нет,нет,2024,кирпичный,частично,2.949
17000000.0,83.2,раздельный,нет,1.0,5.0,2.7,нет,нет,2024,кирпичный,частично,4.193
18800000.0,49.0,совмещенный,нет,5.0,9.0,2.7,нет,нет,2022,кирпичный,полностью,1.324
6000000.0,54.7,раздельный,лоджия,2.0,2.0,2.6,нет,нет,1982,кирпичный,частично,3.956
101601245.0,141.5,раздельный,нет,9.0,10.0,3.4,нет,нет,2020,кирпичный,частично,0.507
16485350.0,49.21,раздельный,нет,3.0,10.0,2.75,нет,нет,2023,кирпичный,без мебели,1.294
18208000.0,56.9,раздельный,нет,2.0,5.0,3.0,нет,нет,2024,кирпичный,частично,0.584
15000000.0,58.0,раздельный,лоджия,1.0,5.0,2.7,нет,нет,2024,кирпичный,без мебели,2.949
12600000.0,49.2,раздельный,нет,4.0,5.0,2.7,нет,нет,1976,кирпичный,частично,2.23
17000000.0,49.0,совмещенный,нет,5.0,5.0,2.7,нет,нет,2018,кирпичный,полностью,4.447
22500000.0,69.2,раздельный,нет,4.0,5.0,2.7,нет,В залоге,2023,кирпичный,частично,1.84
17500000.0,57.4,раздельный,нет,2.0,6.0,2.7,нет,нет,1989,кирпичный,частично,1.717
13600000.0,46.0,совмещенный,лоджия,3.0,5.0,2.7,нет,нет,1980,кирпичный,частично,1.094
18500000.0,62.0,раздельный,нет,6.0,9.0,2.7,нет,нет,1984,кирпичный,частично,1.165
14700000.0,48.71,раздельный,лоджия,1.0,9.0,2.8,нет,нет,2023,кирпичный,частично,1.294
12200000.0,36.0,раздельный,нет,3.0,9.0,2.7,нет,нет,2022,кирпичный,частично,1.014
12900000.0,44.9,совмещенный,балкон,4.0,9.0,2.7,нет,В залоге,2015,кирпичный,частично,2.807
23000000.0,53.0,совмещенный,нет,3.0,5.0,2.7,нет,В залоге,2021,кирпичный,полностью,0.792
18800000.0,70.0,раздельный,нет,5.0,6.0,2.5,нет,нет,1993,панельный,частично,3.454
8500000.0,32.0,совмещенный,нет,2.0,2.0,2.7,нет,нет,1963,кирпичный,полностью,0.297
22000000.0,47.0,раздельный,нет,5.0,9.0,2.7,нет,нет,2022,кирпичный,полностью,1.436
14700000.0,50.0,раздельный,нет,2.0,5.0,2.5,нет,нет,1984,панельный,полностью,3.681
23300000.0,49.7,совмещенный,нет,2.0,5.0,3.0,нет,В залоге,2022,кирпичный,полностью,1.745
10800000.0,36.0,раздельный,нет,5.0,6.0,2.7,нет,нет,1989,панельный,полностью,1.961
19000000.0,68.0,совмещенный,лоджия,6.0,9.0,2.7,нет,нет,1992,панельный,полностью,3.515
10354000.0,33.3,раздельный,лоджия,9.0,9.0,2.7,нет,нет,2024,кирпичный,частично,2.003
9500000.0,30.0,совмещенный,балкон,3.0,4.0,2.5,нет,нет,1966,кирпичный,частично,0.221
29900000.0,84.2,раздельный,нет,4.0,9.0,2.8,нет,нет,2024,кирпичный,частично,0.53
23200000.0,66.0,раздельный,нет,7.0,9.0,2.7,нет,нет,2005,панельный,полностью,2.006
18600000.0,60.0,совмещенный,лоджия,11.0,12.0,2.7,нет,нет,2019,монолитный,без мебели,4.321
33900000.0,70.0,раздельный,лоджия,5.0,9.0,3.0,нет,нет,2022,кирпичный,полностью,1.599
4500000.0,18.0,совмещенный,нет,4.0,5.0,2.5,да,нет,1984,кирпичный,частично,1.195
24999999.0,84.9,2 с/у и более,несколько балконов или лоджий,4.0,9.0,2.8,нет,нет,1989,кирпичный,частично,2.121
17000000.0,43.0,совмещенный,нет,2.0,10.0,2.85,нет,нет,2023,кирпичный,полностью,4.193
25500000.0,85.1,раздельный,балкон и лоджия,4.0,5.0,2.7,нет,нет,1996,панельный,частично,1.24
27000000.0,76.0,раздельный,нет,4.0,5.0,2.8,нет,нет,2008,кирпичный,полностью,2.677
24500000.0,62.0,совмещенный,нет,5.0,5.0,2.7,нет,В залоге,2018,кирпичный,полностью,1.73
16000000.0,56.0,раздельный,лоджия,3.0,5.0,2.7,нет,нет,1983,кирпичный,частично,3.541
8000000.0,29.0,совмещенный,нет,5.0,5.0,2.7,нет,нет,1974,панельный,полностью,3.348
10500000.0,52.0,раздельный,нет,3.0,5.0,2.7,нет,нет,1990,кирпичный,частично,3.829
9500000.0,35.0,раздельный,лоджия,9.0,9.0,2.7,нет,нет,1990,кирпичный,частично,2.726
23000000.0,50.8,раздельный,нет,3.0,5.0,2.7,нет,нет,2022,кирпичный,без мебели,3.296
20000000.0,66.8,раздельный,нет,6.0,9.0,2.7,нет,нет,2005,панельный,частично,3.436
8500000.0,38.0,совмещенный,лоджия,5.0,5.0,2.7,нет,нет,1985,панельный,без мебели,3.901
12000000.0,44.0,совмещенный,нет,2.0,5.0,2.8,нет,нет,1979,иной,частично,0.448
17500000.0,47.1,совмещенный,нет,3.0,6.0,2.8,нет,нет,2011,кирпичный,частично,2.061
27000000.0,64.3,совмещенный,нет,7.0,9.0,3.0,нет,нет,2015,кирпичный,полностью,0.967
12300000.0,52.0,раздельный,лоджия,1.0,9.0,2.7,нет,нет,1991,панельный,частично,3.298
68283000.0,151.74,раздельный,нет,3.0,9.0,3.2,нет,нет,2025,кирпичный,частично,0.753
45085500.0,100.19,раздельный,нет,3.0,9.0,3.2,нет,нет,2025,кирпичный,частично,0.753
18300000.0,53.0,раздельный,балкон и лоджия,8.0,10.0,2.7,нет,нет,1991,кирпичный,полностью,1.931
23500000.0,60.0,раздельный,нет,4.0,5.0,2.7,нет,нет,1989,панельный,полностью,1.095
21775500.0,48.39,раздельный,нет,3.0,9.0,3.2,нет,нет,2025,кирпичный,частично,0.753
14924250.0,44.55,раздельный,нет,3.0,10.0,2.75,нет,нет,2023,кирпичный,без мебели,1.294
50607000.0,112.46,раздельный,нет,3.0,9.0,3.2,нет,нет,2025,кирпичный,частично,0.753
14951050.0,44.63,раздельный,нет,3.0,9.0,2.8,нет,нет,2023,кирпичный,без мебели,1.294
11500000.0,46.0,раздельный,нет,1.0,5.0,2.7,нет,нет,1971,кирпичный,частично,0.793
19000000.0,39.7,раздельный,нет,2.0,5.0,2.7,нет,нет,2024,кирпичный,частично,1.675
15000000.0,66.0,раздельный,лоджия,1.0,5.0,2.7,нет,нет,1999,панельный,частично,1.568
39000000.0,122.9,2 с/у и более,нет,4.0,4.0,2.7,нет,нет,2004,кирпичный,полностью,0.2
14900000.0,68.2,совмещенный,нет,1.0,5.0,2.7,нет,нет,1999,панельный,без мебели,1.575
24000000.0,51.5,раздельный,балкон,4.0,5.0,2.7,нет,нет,1985,кирпичный,полностью,1.154
15500000.0,60.0,раздельный,нет,4.0,5.0,2.5,нет,нет,1984,панельный,полностью,3.818
8500000.0,30.2,совмещенный,нет,2.0,5.0,2.7,нет,нет,1966,кирпичный,без мебели,2.714
10200000.0,35.5,совмещенный,нет,5.0,5.0,2.6,нет,нет,1980,панельный,частично,3.502
14144000.0,44.2,совмещенный,нет,3.0,9.0,2.7,нет,нет,2024,кирпичный,частично,4.193
35000000.0,65.2,совмещенный,нет,6.0,10.0,2.8,нет,нет,2022,кирпичный,частично,1.95
22500000.0,68.0,раздельный,балкон,9.0,10.0,2.7,нет,нет,1988,панельный,полностью,2.662
7300000.0,34.7,раздельный,нет,4.0,6.0,2.75,нет,нет,2024,кирпичный,частично,1.743
10000000.0,48.0,совмещенный,нет,2.0,2.0,3.0,нет,нет,1960,монолитный,полностью,0.62
23500000.0,65.3,раздельный,нет,4.0,10.0,2.7,нет,нет,2023,кирпичный,без мебели,0.478
20304000.0,45.12,раздельный,нет,3.0,9.0,3.2,нет,нет,2025,кирпичный,частично,0.753
180800000.0,272.0,раздельный,нет,9.0,10.0,3.4,нет,нет,2020,кирпичный,без мебели,0.507
32116500.0,71.37,раздельный,нет,3.0,9.0,3.2,нет,нет,2025,кирпичный,без мебели,0.753
22002800.0,65.68,раздельный,нет,3.0,9.0,2.75,нет,нет,2023,кирпичный,без мебели,1.294
16016350.0,47.81,раздельный,нет,3.0,10.0,2.75,нет,нет,2023,кирпичный,без мебели,1.294
26860500.0,59.69,раздельный,нет,3.0,9.0,3.2,нет,нет,2025,кирпичный,частично,0.753
25000000.0,78.5,раздельный,нет,9.0,10.0,2.75,нет,нет,2022,кирпичный,без мебели,1.296
39649500.0,88.11,раздельный,нет,3.0,9.0,3.2,нет,нет,2025,кирпичный,частично,0.753
30060000.0,66.8,раздельный,нет,3.0,9.0,3.2,нет,нет,2025,кирпичный,частично,0.753
24223850.0,72.31,раздельный,нет,3.0,9.0,2.8,нет,нет,2023,кирпичный,без мебели,1.294
19607550.0,58.53,раздельный,нет,3.0,10.0,2.8,нет,нет,2023,кирпичный,без мебели,1.294
18297700.0,54.62,раздельный,нет,3.0,9.0,2.8,нет,нет,2023,кирпичный,без мебели,1.294
17306100.0,51.66,раздельный,нет,4.0,9.0,2.8,нет,нет,2023,кирпичный,без мебели,1.294
42669000.0,94.82,раздельный,нет,3.0,9.0,3.2,нет,нет,2025,кирпичный,частично,0.753
21584050.0,64.43,раздельный,нет,3.0,9.0,2.8,нет,нет,2023,кирпичный,без мебели,1.294
31423500.0,69.83,раздельный,нет,3.0,9.0,3.2,нет,нет,2025,кирпичный,частично,0.753
19754950.0,58.97,раздельный,нет,2.0,10.0,2.75,нет,нет,2023,кирпичный,без мебели,1.294
15031450.0,44.87,раздельный,нет,4.0,9.0,2.8,нет,нет,2023,панельный,без мебели,1.294
15246000.0,46.2,раздельный,нет,6.0,9.0,3.0,нет,нет,2024,кирпичный,частично,0.584
33000000.0,83.6,совмещенный,нет,1.0,9.0,2.7,нет,нет,2017,иной,частично,4.033
13900000.0,41.6,совмещенный,нет,3.0,5.0,2.7,нет,нет,2011,кирпичный,без мебели,3.527
20292000.0,53.4,раздельный,нет,3.0,9.0,3.0,нет,нет,2024,кирпичный,без мебели,0.584
32375000.0,92.5,раздельный,нет,3.0,9.0,3.0,нет,нет,2024,кирпичный,частично,0.491
27565200.0,72.54,совмещенный,нет,3.0,9.0,3.0,нет,нет,2025,кирпичный,частично,1.841
14440000.0,38.0,совмещенный,нет,4.0,9.0,3.0,нет,нет,2025,кирпичный,частично,1.096
29505000.0,84.3,совмещенный,нет,6.0,9.0,3.0,нет,нет,2025,кирпичный,частично,0.478
16500000.0,50.0,раздельный,нет,5.0,9.0,3.0,нет,нет,2024,кирпичный,частично,0.829
49500000.0,106.0,2 с/у и более,нет,7.0,9.0,2.8,нет,нет,2019,кирпичный,частично,0.524
13733000.0,44.3,раздельный,лоджия,7.0,9.0,2.7,нет,нет,2024,кирпичный,частично,2.003
19852000.0,70.9,раздельный,нет,7.0,8.0,2.7,нет,нет,2022,кирпичный,частично,0.756
13500000.0,49.6,раздельный,нет,5.0,5.0,2.7,нет,нет,1977,кирпичный,частично,3.445
20522000.0,66.2,раздельный,лоджия,8.0,9.0,2.7,нет,нет,2024,кирпичный,частично,2.003
15000000.0,49.1,раздельный,нет,5.0,5.0,2.6,нет,нет,1976,кирпичный,полностью,2.23
12915000.0,43.05,совмещенный,нет,2.0,9.0,2.7,нет,нет,2025,кирпичный,частично,3.716
27900000.0,76.5,раздельный,нет,9.0,10.0,2.7,нет,нет,2022,кирпичный,полностью,0.483
19017000.0,63.39,совмещенный,нет,3.0,9.0,2.7,нет,нет,2025,кирпичный,частично,3.716
15135000.0,50.45,совмещенный,нет,2.0,9.0,2.7,нет,нет,2025,кирпичный,частично,3.716
23283000.0,77.61,раздельный,нет,3.0,9.0,2.7,нет,нет,2025,кирпичный,частично,3.716
18447000.0,61.49,совмещенный,нет,2.0,9.0,2.7,нет,нет,2025,кирпичный,частично,3.716
13392000.0,43.2,раздельный,лоджия,4.0,9.0,2.7,нет,нет,2024,кирпичный,частично,2.003
17700000.0,40.5,совмещенный,нет,1.0,5.0,2.7,нет,нет,2023,кирпичный,без мебели,1.64
13500000.0,65.5,раздельный,нет,2.0,5.0,2.7,нет,нет,1974,кирпичный,без мебели,2.111
65000000.0,107.7,раздельный,нет,3.0,7.0,3.2,нет,нет,2020,кирпичный,частично,1.785
15000000.0,56.0,совмещенный,балкон,4.0,4.0,2.7,нет,нет,1966,кирпичный,частично,2.078
19000000.0,70.0,раздельный,нет,1.0,6.0,2.5,нет,нет,1992,панельный,частично,2.109
21500000.0,48.2,раздельный,нет,2.0,9.0,2.85,нет,нет,2022,кирпичный,полностью,1.884
22250000.0,73.0,раздельный,нет,4.0,5.0,2.7,нет,нет,1987,кирпичный,полностью,2.558
13500000.0,46.0,раздельный,нет,1.0,5.0,2.7,нет,нет,1999,кирпичный,частично,3.552
9500000.0,36.0,совмещенный,нет,5.0,9.0,2.7,нет,нет,1984,кирпичный,частично,3.071
15000000.0,51.3,раздельный,нет,8.0,9.0,3.0,нет,нет,2021,кирпичный,частично,2.159
14700000.0,48.71,раздельный,нет,2.0,9.0,2.7,нет,нет,2024,кирпичный,частично,1.294
17000000.0,62.8,раздельный,нет,6.0,6.0,2.7,нет,нет,1989,панельный,полностью,1.783
25000000.0,56.0,совмещенный,нет,5.0,9.0,2.7,нет,нет,2020,кирпичный,полностью,0.641
50500000.0,101.7,2 с/у и более,нет,8.0,9.0,2.7,нет,нет,2017,кирпичный,полностью,1.079
18000000.0,58.3,совмещенный,нет,2.0,5.0,2.7,нет,нет,2022,кирпичный,без мебели,3.296
10300000.0,43.0,совмещенный,нет,3.0,5.0,2.5,нет,нет,1964,кирпичный,частично,0.715
18500000.0,77.6,раздельный,нет,6.0,6.0,2.5,нет,нет,1990,иной,полностью,2.726
9000000.0,29.4,совмещенный,нет,2.0,5.0,2.7,нет,нет,1978,панельный,полностью,3.792
9300000.0,36.8,совмещенный,нет,1.0,5.0,2.7,нет,нет,1978,панельный,частично,3.602
79198709.0,110.3,раздельный,нет,9.0,10.0,3.4,нет,нет,2020,кирпичный,частично,0.507
19000000.0,71.7,раздельный,нет,4.0,9.0,2.7,нет,нет,2023,кирпичный,частично,4.193
23500000.0,72.0,совмещенный,нет,2.0,9.0,2.7,нет,нет,2024,кирпичный,частично,1.132
18500000.0,60.0,раздельный,нет,2.0,9.0,2.7,нет,нет,2019,кирпичный,частично,4.447
18500000.0,43.0,совмещенный,нет,2.0,9.0,2.7,нет,нет,2022,кирпичный,частично,1.324
12700000.0,46.3,раздельный,нет,7.0,9.0,2.7,нет,нет,2023,кирпичный,частично,4.193
22500000.0,60.0,раздельный,балкон,5.0,5.0,2.7,нет,нет,1985,кирпичный,полностью,3.607
18000000.0,60.0,раздельный,нет,8.0,10.0,2.7,нет,нет,2024,кирпичный,частично,4.193
12500000.0,40.0,раздельный,нет,4.0,10.0,2.7,нет,нет,2024,кирпичный,частично,4.193
18000000.0,60.5,раздельный,нет,9.0,10.0,3.0,нет,нет,2024,кирпичный,частично,4.193
12300000.0,51.9,раздельный,нет,1.0,9.0,2.5,нет,нет,1991,панельный,частично,3.298
11000000.0,40.0,раздельный,нет,9.0,10.0,3.0,нет,нет,2024,кирпичный,частично,4.193
18500000.0,44.0,раздельный,нет,1.0,9.0,2.7,нет,нет,2023,кирпичный,частично,4.193
67897600.0,131.84,2 с/у и более,нет,5.0,12.0,3.0,нет,нет,2024,кирпичный,частично,0.989
22500000.0,66.4,совмещенный,нет,2.0,9.0,3.0,нет,нет,2022,кирпичный,частично,2.159
22500000.0,60.0,раздельный,нет,5.0,5.0,2.7,нет,нет,2021,кирпичный,полностью,1.851
25500000.0,73.0,совмещенный,нет,7.0,10.0,2.7,нет,нет,2024,кирпичный,частично,1.324
23000000.0,70.0,раздельный,нет,4.0,6.0,2.7,нет,нет,1990,панельный,частично,3.527
16500000.0,38.9,совмещенный,нет,7.0,9.0,2.7,нет,нет,2018,кирпичный,частично,1.299
13500000.0,32.0,совмещенный,нет,9.0,10.0,2.7,нет,В залоге,2021,кирпичный,частично,0.462
29372000.0,105.0,раздельный,нет,7.0,10.0,2.7,нет,нет,2023,кирпичный,частично,2.624
12500000.0,39.0,совмещенный,лоджия,2.0,5.0,2.7,нет,нет,1994,кирпичный,полностью,2.431
39000000.0,148.9,раздельный,нет,3.0,7.0,3.2,нет,нет,2015,кирпичный,частично,2.129
18000000.0,46.0,совмещенный,нет,3.0,9.0,2.7,нет,нет,2023,кирпичный,частично,1.122
17000000.0,43.0,совмещенный,лоджия,5.0,9.0,2.7,нет,нет,2024,кирпичный,частично,2.082
16500000.0,80.0,раздельный,балкон,5.0,5.0,2.7,нет,В залоге,1985,панельный,полностью,3.351
55000000.0,120.0,2 с/у и более,нет,2.0,5.0,2.7,нет,нет,2022,кирпичный,частично,1.407
17200000.0,53.0,раздельный,нет,6.0,12.0,2.7,нет,нет,2022,кирпичный,частично,0.947
13500000.0,52.0,раздельный,нет,5.0,6.0,2.7,нет,нет,1990,панельный,частично,1.568
5000000.0,22.4,раздельный,нет,1.0,5.0,2.7,да,нет,1987,кирпичный,частично,1.19
15900000.0,52.0,раздельный,нет,4.0,5.0,2.7,нет,нет,1985,кирпичный,полностью,0.981
9000000.0,30.3,совмещенный,нет,4.0,4.0,2.7,нет,нет,1965,кирпичный,частично,0.722
27000000.0,62.0,совмещенный,лоджия,7.0,10.0,2.8,нет,нет,2022,кирпичный,частично,4.193
9000000.0,32.0,совмещенный,нет,3.0,5.0,2.5,нет,нет,1964,кирпичный,полностью,2.714
50000000.0,106.0,2 с/у и более,нет,1.0,1.0,2.7,нет,нет,2022,кирпичный,полностью,0.53
22000000.0,67.0,раздельный,балкон и лоджия,5.0,5.0,2.7,нет,нет,1988,кирпичный,полностью,0.633
18500000.0,60.0,раздельный,нет,2.0,5.0,2.7,нет,В залоге,1988,панельный,полностью,3.463
7000000.0,28.0,совмещенный,нет,2.0,5.0,3.0,нет,нет,2024,кирпичный,частично,2.911
23500000.0,52.5,раздельный,нет,2.0,10.0,2.65,нет,нет,2022,кирпичный,полностью,1.296
22500000.0,100.0,раздельный,нет,5.0,5.0,2.5,нет,нет,1984,кирпичный,полностью,3.286
10300000.0,42.0,совмещенный,нет,4.0,4.0,2.7,нет,нет,1965,кирпичный,полностью,2.32
18500000.0,60.5,раздельный,нет,9.0,10.0,2.7,нет,нет,2023,кирпичный,частично,4.193
22000000.0,74.0,раздельный,нет,8.0,10.0,2.7,нет,нет,2023,кирпичный,частично,4.193
55000000.0,112.63,раздельный,лоджия,6.0,9.0,3.0,нет,нет,2023,кирпичный,полностью,1.241
12200000.0,46.0,раздельный,нет,3.0,4.0,2.5,нет,нет,1970,кирпичный,частично,0.956
11300000.0,51.0,совмещенный,нет,3.0,4.0,2.7,нет,нет,1991,кирпичный,частично,3.479
11500000.0,51.0,раздельный,балкон,2.0,3.0,2.7,нет,нет,1961,кирпичный,частично,2.791
17500000.0,51.3,раздельный,нет,2.0,5.0,2.7,нет,нет,1971,кирпичный,частично,2.688
33850600.0,92.0,раздельный,нет,6.0,10.0,3.2,нет,нет,2025,кирпичный,частично,2.677
27000000.0,87.0,раздельный,нет,6.0,9.0,2.7,нет,нет,2017,кирпичный,частично,3.527
11000000.0,53.0,совмещенный,нет,4.0,4.0,2.7,нет,нет,1963,кирпичный,частично,2.284
30532500.0,104.0,раздельный,несколько балконов или лоджий,5.0,9.0,2.7,нет,нет,2025,кирпичный,частично,2.003
27000000.0,105.0,совмещенный,нет,3.0,5.0,2.8,нет,нет,2000,кирпичный,частично,0.815
5500000.0,18.0,раздельный,нет,3.0,9.0,2.5,да,нет,1986,кирпичный,полностью,1.309
9500000.0,29.9,совмещенный,нет,3.0,4.0,2.7,нет,нет,1965,кирпичный,частично,2.714
6500000.0,34.4,2 с/у и более,нет,2.0,4.0,2.5,да,нет,1967,кирпичный,полностью,2.232
2200000.0,9.9,раздельный,нет,4.0,4.0,2.7,нет,нет,1963,кирпичный,частично,2.105
54000000.0,110.0,раздельный,нет,2.0,6.0,2.7,нет,нет,2023,кирпичный,полностью,1.651
32000000.0,100.6,раздельный,нет,5.0,5.0,2.8,нет,нет,2008,кирпичный,полностью,3.527
21700000.0,71.0,раздельный,несколько балконов или лоджий,1.0,9.0,2.7,нет,нет,2025,кирпичный,частично,2.003
27900000.0,66.6,совмещенный,нет,3.0,5.0,2.7,нет,нет,2021,кирпичный,частично,1.851
28000000.0,60.2,раздельный,нет,2.0,6.0,2.5,нет,нет,1993,кирпичный,полностью,1.931
32000000.0,78.0,2 с/у и более,нет,1.0,9.0,3.0,нет,В залоге,2022,кирпичный,частично,3.858
17000000.0,53.8,раздельный,нет,3.0,5.0,2.5,нет,нет,1987,кирпичный,частично,2.75
24500000.0,65.5,раздельный,балкон,2.0,9.0,2.5,нет,нет,1990,панельный,частично,3.491
11200000.0,40.0,раздельный,нет,5.0,5.0,2.7,нет,нет,2024,кирпичный,частично,1.73
13000000.0,43.9,совмещенный,нет,5.0,5.0,2.8,нет,нет,2023,кирпичный,частично,0.53
100000000.0,141.0,раздельный,нет,2.0,9.0,2.7,нет,нет,2021,кирпичный,частично,0.462
14500000.0,41.0,раздельный,нет,5.0,5.0,2.7,нет,нет,2018,кирпичный,частично,1.73
83000000.0,155.0,2 с/у и более,несколько балконов или лоджий,4.0,9.0,3.0,нет,нет,2021,кирпичный,полностью,1.588
47000000.0,140.0,раздельный,нет,4.0,5.0,2.7,нет,нет,2011,кирпичный,частично,0.306
30000000.0,107.0,раздельный,нет,5.0,5.0,2.7,нет,нет,2015,кирпичный,частично,1.349
19000000.0,46.0,совмещенный,нет,9.0,9.0,2.7,нет,нет,2020,кирпичный,полностью,1.727
19500000.0,69.0,раздельный,нет,3.0,9.0,2.7,нет,нет,1991,панельный,частично,3.298
14500000.0,51.0,раздельный,нет,5.0,5.0,2.7,нет,нет,2022,кирпичный,частично,1.64
26000000.0,87.0,раздельный,нет,6.0,9.0,2.7,нет,нет,1993,панельный,частично,2.408
18000000.0,70.0,раздельный,нет,8.0,9.0,2.7,нет,нет,1985,кирпичный,частично,0.997
34000000.0,69.3,раздельный,балкон и лоджия,3.0,5.0,3.0,нет,нет,2022,кирпичный,полностью,1.142
11000000.0,35.0,раздельный,нет,5.0,9.0,2.7,нет,нет,1983,кирпичный,частично,0.915
6800000.0,36.0,раздельный,нет,3.0,9.0,2.7,да,нет,1985,кирпичный,частично,1.309
13700000.0,51.0,раздельный,нет,1.0,5.0,2.7,нет,нет,1986,панельный,частично,2.046
11800000.0,44.0,раздельный,нет,4.0,10.0,2.7,нет,нет,2024,кирпичный,частично,4.193
19500000.0,45.0,раздельный,нет,9.0,10.0,2.7,нет,нет,2023,кирпичный,частично,1.083
27000000.0,70.0,раздельный,нет,2.0,9.0,2.7,нет,нет,2021,кирпичный,частично,1.103
15500000.0,57.0,раздельный,нет,4.0,5.0,2.8,нет,нет,1992,кирпичный,частично,2.929
23500000.0,52.0,раздельный,нет,5.0,9.0,2.7,нет,нет,2022,кирпичный,частично,0.947
23500000.0,73.0,раздельный,нет,4.0,5.0,2.7,нет,нет,2015,кирпичный,частично,1.349
24500000.0,58.0,раздельный,нет,5.0,9.0,2.7,нет,нет,2015,кирпичный,частично,0.483
23500000.0,61.0,раздельный,нет,3.0,9.0,2.7,нет,нет,2022,кирпичный,частично,3.598
24500000.0,60.0,раздельный,нет,2.0,5.0,2.7,нет,нет,2023,кирпичный,частично,1.705
16000000.0,63.0,совмещенный,нет,4.0,5.0,2.7,нет,нет,1973,кирпичный,без мебели,0.914
17000000.0,42.0,раздельный,нет,4.0,5.0,2.7,нет,нет,2022,кирпичный,частично,2.677
14000000.0,52.0,раздельный,нет,4.0,5.0,2.7,нет,нет,1997,иной,частично,3.479
9500000.0,31.0,раздельный,нет,1.0,5.0,2.7,нет,нет,1970,кирпичный,частично,0.958
17000000.0,37.2,совмещенный,балкон,3.0,5.0,2.8,нет,нет,2022,кирпичный,полностью,1.624
17500000.0,65.0,раздельный,нет,4.0,5.0,2.7,нет,нет,1997,иной,частично,3.479
13500000.0,52.0,раздельный,нет,1.0,5.0,2.7,нет,нет,1987,панельный,частично,3.724
25600000.0,91.7,раздельный,нет,9.0,10.0,2.7,нет,нет,2023,кирпичный,частично,1.95
10500000.0,40.0,раздельный,нет,5.0,5.0,2.7,нет,нет,1973,кирпичный,частично,0.482
17000000.0,57.4,раздельный,нет,2.0,3.0,3.0,нет,нет,2023,кирпичный,полностью,3.479
31000000.0,68.0,раздельный,нет,3.0,9.0,2.7,нет,нет,2018,кирпичный,частично,0.574
22000000.0,58.0,раздельный,нет,7.0,10.0,2.7,нет,нет,2022,кирпичный,частично,0.478
11000000.0,54.0,раздельный,нет,5.0,5.0,2.7,нет,нет,1988,панельный,частично,1.272
15000000.0,60.0,раздельный,нет,3.0,5.0,2.7,нет,нет,1968,панельный,частично,0.365
38500000.0,95.0,раздельный,нет,3.0,9.0,2.7,нет,нет,2022,кирпичный,частично,2.245
22000000.0,65.0,раздельный,нет,1.0,5.0,2.7,нет,нет,2022,кирпичный,частично,3.296
19000000.0,61.4,совмещенный,нет,6.0,9.0,2.7,нет,нет,2015,кирпичный,частично,2.807
28500000.0,66.6,раздельный,нет,3.0,5.0,2.7,нет,нет,2021,кирпичный,частично,1.851
26000000.0,64.0,раздельный,нет,5.0,9.0,2.7,нет,нет,2020,кирпичный,частично,3.836
26500000.0,60.0,раздельный,нет,4.0,9.0,2.7,нет,нет,2023,кирпичный,частично,1.27
17000000.0,52.0,совмещенный,нет,4.0,10.0,3.0,нет,В залоге,2022,кирпичный,частично,2.159
27500000.0,71.0,раздельный,нет,7.0,9.0,2.7,нет,нет,2023,кирпичный,частично,1.122
17500000.0,60.0,совмещенный,нет,3.0,5.0,2.7,нет,нет,1971,кирпичный,частично,1.19
53500000.0,99.0,раздельный,нет,7.0,10.0,2.7,нет,нет,2022,кирпичный,частично,1.884
25000000.0,69.0,раздельный,нет,7.0,9.0,2.7,нет,нет,2021,кирпичный,частично,1.06
24000000.0,52.5,раздельный,нет,2.0,10.0,2.7,нет,нет,2022,кирпичный,частично,1.296
38000000.0,120.0,раздельный,нет,4.0,9.0,2.8,нет,нет,2022,кирпичный,без мебели,1.436
33800000.0,78.0,раздельный,нет,5.0,9.0,2.7,нет,нет,2022,кирпичный,частично,1.599
20500000.0,68.13,раздельный,нет,7.0,9.0,2.7,нет,нет,2024,кирпичный,частично,1.103
19000000.0,56.0,раздельный,лоджия,1.0,3.0,2.7,нет,нет,1991,кирпичный,полностью,3.479
11900000.0,40.0,раздельный,нет,5.0,5.0,2.7,нет,нет,2024,кирпичный,частично,1.73
15900000.0,50.0,совмещенный,нет,3.0,9.0,2.7,нет,нет,2023,кирпичный,частично,1.95
26600000.0,68.0,раздельный,нет,4.0,5.0,2.7,нет,нет,2023,кирпичный,частично,1.072
25000000.0,90.0,раздельный,нет,8.0,9.0,2.7,нет,нет,2024,кирпичный,частично,1.407
28000000.0,73.0,раздельный,нет,5.0,5.0,2.7,нет,В залоге,2022,кирпичный,частично,2.677
16500000.0,51.7,раздельный,нет,5.0,5.0,2.7,нет,нет,1976,кирпичный,частично,1.858
20500000.0,68.8,раздельный,нет,6.0,9.0,2.7,нет,нет,1990,панельный,частично,2.624
14500000.0,63.2,раздельный,нет,2.0,5.0,2.7,нет,нет,1979,кирпичный,частично,3.471
42000000.0,96.0,раздельный,нет,2.0,10.0,2.7,нет,нет,2022,кирпичный,частично,1.294
29024000.0,72.56,совмещенный,лоджия,2.0,9.0,2.7,нет,нет,2024,кирпичный,частично,0.584
25500000.0,73.0,раздельный,нет,7.0,10.0,2.7,нет,нет,2024,кирпичный,частично,1.324
30500000.0,80.0,раздельный,нет,1.0,5.0,2.7,нет,нет,2021,кирпичный,частично,2.677
11000000.0,40.0,совмещенный,нет,2.0,5.0,2.7,нет,нет,1986,панельный,частично,1.48
52000000.0,102.0,раздельный,нет,8.0,9.0,2.7,нет,нет,2022,кирпичный,частично,1.326
19300000.0,52.0,раздельный,нет,7.0,9.0,2.7,нет,нет,1994,кирпичный,частично,1.643
15500000.0,54.0,совмещенный,балкон,2.0,4.0,2.7,нет,нет,1964,кирпичный,частично,0.7
11500000.0,36.0,совмещенный,балкон,3.0,5.0,2.7,нет,нет,1976,кирпичный,частично,3.62
6000000.0,37.5,раздельный,нет,5.0,5.0,2.7,да,нет,1988,кирпичный,частично,1.195
14000000.0,56.1,раздельный,нет,4.0,5.0,2.7,нет,В залоге,1969,кирпичный,частично,2.245
6000000.0,18.0,раздельный,нет,4.0,5.0,2.7,нет,нет,1990,кирпичный,частично,1.537
15200000.0,42.4,совмещенный,балкон,4.0,5.0,2.7,нет,нет,1969,кирпичный,частично,1.521
24500000.0,67.4,раздельный,нет,9.0,9.0,2.7,нет,нет,2021,кирпичный,частично,1.58
17500000.0,76.6,совмещенный,нет,2.0,2.0,2.9,нет,нет,1966,кирпичный,частично,1.407
27000000.0,64.0,раздельный,нет,3.0,5.0,2.7,нет,нет,2017,кирпичный,частично,1.27
40000000.0,87.0,раздельный,балкон и лоджия,3.0,9.0,2.7,нет,нет,2017,кирпичный,полностью,1.105
22000000.0,68.1,раздельный,нет,4.0,6.0,2.7,нет,нет,1989,панельный,частично,2.228
25500000.0,58.6,раздельный,нет,2.0,9.0,2.8,нет,нет,2024,кирпичный,без мебели,1.294
22500000.0,60.0,раздельный,балкон,3.0,5.0,2.7,нет,нет,1978,кирпичный,полностью,0.725
20000000.0,58.0,раздельный,нет,5.0,6.0,2.7,нет,нет,1990,панельный,полностью,3.527
20000000.0,60.2,совмещенный,нет,3.0,5.0,2.7,нет,нет,1973,кирпичный,частично,1.593
14500000.0,45.0,раздельный,нет,4.0,5.0,2.7,нет,нет,1972,кирпичный,частично,2.714
26500000.0,75.2,раздельный,нет,1.0,5.0,2.7,нет,нет,2013,кирпичный,частично,2.714
20000000.0,63.9,раздельный,нет,1.0,5.0,2.65,нет,нет,1986,кирпичный,частично,2.181
14500000.0,51.5,раздельный,нет,1.0,9.0,2.7,нет,нет,1993,панельный,частично,1.977
23000000.0,70.0,раздельный,нет,6.0,9.0,2.7,нет,нет,1993,монолитный,полностью,2.133
38000000.0,97.0,раздельный,нет,4.0,4.0,3.0,нет,нет,2019,кирпичный,полностью,1.435
20500000.0,62.0,раздельный,нет,4.0,9.0,2.7,нет,нет,2007,панельный,частично,0.696
18500000.0,51.3,раздельный,нет,3.0,6.0,2.7,нет,нет,1990,иной,частично,2.677
16900000.0,65.0,раздельный,нет,5.0,5.0,2.7,нет,В залоге,2019,кирпичный,частично,4.488
15500000.0,47.0,раздельный,нет,1.0,6.0,2.6,нет,нет,1988,панельный,частично,2.025
25000000.0,80.1,раздельный,нет,4.0,5.0,2.7,нет,нет,1977,панельный,частично,3.612
15500000.0,50.0,раздельный,нет,7.0,9.0,2.7,нет,нет,2005,панельный,частично,1.845
25000000.0,59.0,совмещенный,нет,5.0,9.0,3.0,нет,нет,2020,кирпичный,полностью,0.641
20000000.0,58.0,раздельный,нет,7.0,9.0,2.7,нет,В залоге,2014,кирпичный,частично,2.295
25000000.0,60.0,раздельный,лоджия,2.0,9.0,2.7,нет,нет,2007,кирпичный,полностью,2.677
14500000.0,52.0,раздельный,лоджия,6.0,6.0,2.5,нет,нет,1993,кирпичный,полностью,2.067
25500000.0,69.0,раздельный,нет,8.0,9.0,2.7,нет,нет,2022,кирпичный,частично,3.818
16500000.0,52.0,раздельный,нет,1.0,5.0,2.7,нет,В залоге,1990,панельный,полностью,1.931
18000000.0,49.2,раздельный,нет,3.0,5.0,2.7,нет,В залоге,2023,кирпичный,частично,3.491
15700000.0,49.4,раздельный,нет,3.0,9.0,2.7,нет,нет,2017,кирпичный,частично,3.014
15500000.0,49.1,раздельный,нет,5.0,5.0,2.7,нет,нет,1976,кирпичный,частично,2.23
17500000.0,63.0,раздельный,нет,9.0,9.0,2.7,нет,нет,2006,панельный,частично,1.955
15500000.0,51.0,раздельный,нет,3.0,5.0,2.7,нет,нет,1984,панельный,частично,3.32
14500000.0,60.0,раздельный,нет,5.0,5.0,2.7,нет,нет,1972,кирпичный,частично,1.103
15000000.0,58.0,совмещенный,нет,5.0,5.0,2.7,нет,нет,1969,панельный,частично,1.521
20000000.0,61.8,раздельный,нет,3.0,5.0,2.7,нет,нет,1986,панельный,частично,2.548
17700000.0,72.6,раздельный,нет,2.0,5.0,2.7,нет,нет,1994,кирпичный,частично,0.815
4800000.0,16.0,раздельный,нет,4.0,4.0,2.5,да,нет,1962,кирпичный,частично,2.041
22000000.0,51.9,раздельный,нет,9.0,10.0,2.7,нет,нет,2023,кирпичный,частично,0.478
21100000.0,70.0,раздельный,нет,6.0,9.0,2.7,нет,нет,2006,панельный,частично,3.177
13700000.0,40.0,раздельный,нет,4.0,5.0,2.7,нет,нет,1968,кирпичный,частично,0.75
15500000.0,50.7,раздельный,нет,1.0,6.0,2.7,нет,нет,1990,кирпичный,частично,1.374
15000000.0,39.0,раздельный,нет,9.0,9.0,2.7,нет,нет,2018,кирпичный,частично,1.327
20000000.0,80.0,раздельный,нет,3.0,9.0,2.7,нет,нет,1990,кирпичный,частично,2.228
12000000.0,39.0,раздельный,нет,3.0,5.0,2.7,нет,нет,1989,кирпичный,частично,1.035
15000000.0,39.0,совмещенный,лоджия,9.0,10.0,2.7,нет,нет,2018,кирпичный,частично,1.327
18500000.0,42.8,совмещенный,лоджия,3.0,9.0,2.7,нет,нет,2021,кирпичный,полностью,3.877
14000000.0,45.0,раздельный,нет,1.0,5.0,2.5,нет,В залоге,1977,панельный,без мебели,3.798
16000000.0,49.5,раздельный,нет,3.0,5.0,2.7,нет,нет,1980,кирпичный,частично,3.436
25000000.0,64.0,раздельный,нет,5.0,9.0,2.7,нет,нет,2020,кирпичный,полностью,3.836
10500000.0,30.0,раздельный,нет,1.0,5.0,2.7,нет,нет,1970,кирпичный,частично,0.958
10000000.0,30.0,раздельный,нет,2.0,5.0,2.7,нет,нет,1987,кирпичный,частично,3.724
12500000.0,36.0,раздельный,нет,7.0,9.0,2.7,нет,нет,1993,панельный,частично,2.408
11000000.0,36.0,раздельный,нет,1.0,6.0,2.7,нет,нет,1990,панельный,частично,3.614
13800000.0,41.6,раздельный,нет,9.0,10.0,2.7,нет,нет,2020,кирпичный,частично,3.296
19500000.0,71.7,совмещенный,нет,5.0,9.0,2.7,нет,нет,2022,кирпичный,без мебели,1.324
7500000.0,28.4,раздельный,нет,2.0,2.0,2.7,нет,нет,1965,кирпичный,частично,2.668
24900000.0,90.0,раздельный,нет,5.0,9.0,2.7,нет,нет,2024,кирпичный,частично,1.17
16100000.0,57.0,раздельный,нет,1.0,5.0,2.7,нет,нет,2023,кирпичный,частично,1.047
13000000.0,54.1,раздельный,нет,2.0,5.0,2.7,нет,нет,1966,кирпичный,частично,0.132
15500000.0,48.0,раздельный,нет,7.0,9.0,2.5,нет,нет,1984,кирпичный,частично,0.915
11000000.0,36.3,раздельный,нет,5.0,12.0,2.7,нет,нет,2023,кирпичный,частично,3.932
15500000.0,57.0,раздельный,нет,5.0,5.0,2.7,нет,нет,1972,кирпичный,частично,0.959
21500000.0,44.0,раздельный,нет,7.0,10.0,2.7,нет,нет,2023,кирпичный,частично,0.756
20000000.0,73.5,раздельный,нет,7.0,9.0,2.7,нет,нет,1991,панельный,без мебели,2.891
13000000.0,45.0,раздельный,нет,3.0,3.0,2.7,нет,В залоге,1969,панельный,частично,1.966
15500000.0,57.5,раздельный,нет,4.0,5.0,2.7,нет,нет,1969,панельный,частично,1.521
11000000.0,43.2,раздельный,нет,5.0,5.0,2.7,нет,нет,1969,панельный,частично,0.251
17500000.0,40.0,раздельный,нет,2.0,9.0,2.7,нет,нет,2022,кирпичный,полностью,1.58
30000000.0,86.4,раздельный,нет,1.0,5.0,2.5,нет,нет,1981,панельный,полностью,1.146
11300000.0,36.3,раздельный,нет,3.0,5.0,2.5,нет,нет,2024,кирпичный,частично,1.477
13900000.0,41.6,раздельный,нет,5.0,5.0,2.5,нет,нет,1970,кирпичный,полностью,0.751
37000000.0,79.0,совмещенный,несколько балконов или лоджий,3.0,9.0,2.8,нет,нет,2015,кирпичный,частично,1.58
19000000.0,70.0,раздельный,балкон,9.0,9.0,2.7,нет,нет,1991,панельный,полностью,2.891
24500000.0,74.5,раздельный,нет,4.0,5.0,2.7,нет,нет,2024,кирпичный,частично,1.58
18500000.0,59.0,раздельный,нет,3.0,5.0,2.7,нет,нет,2000,кирпичный,частично,2.465
12800000.0,37.3,совмещенный,нет,1.0,5.0,2.7,нет,нет,1982,кирпичный,частично,0.592
25000000.0,82.0,раздельный,лоджия,5.0,6.0,2.7,нет,нет,1989,панельный,частично,2.314
18000000.0,50.2,раздельный,нет,1.0,6.0,2.7,нет,нет,1989,панельный,частично,2.228
18000000.0,59.0,совмещенный,нет,4.0,5.0,2.5,нет,нет,1969,кирпичный,частично,1.295
13800000.0,45.0,раздельный,нет,5.0,9.0,2.7,нет,нет,2024,кирпичный,частично,1.296
9000000.0,30.4,совмещенный,балкон,2.0,2.0,2.7,нет,нет,1963,кирпичный,полностью,0.297
17500000.0,56.0,раздельный,нет,5.0,9.0,2.8,нет,В залоге,1992,панельный,полностью,2.228
29500000.0,86.2,раздельный,нет,1.0,5.0,2.7,нет,нет,2016,кирпичный,полностью,2.914
26000000.0,82.0,раздельный,нет,5.0,5.0,2.7,нет,В залоге,1973,кирпичный,полностью,0.583
14000000.0,61.4,раздельный,балкон,5.0,5.0,2.7,нет,нет,1971,кирпичный,частично,0.914
13000000.0,44.0,раздельный,нет,3.0,9.0,2.3,да,В залоге,1989,панельный,без мебели,1.964
15700000.0,52.2,раздельный,нет,2.0,9.0,2.7,нет,нет,1990,панельный,частично,3.251
14400000.0,42.0,раздельный,лоджия,7.0,9.0,2.7,нет,нет,2017,кирпичный,полностью,3.527
49900000.0,102.0,раздельный,нет,6.0,10.0,2.7,нет,нет,2023,кирпичный,частично,0.478
26500000.0,75.0,раздельный,нет,1.0,5.0,2.7,нет,нет,2013,кирпичный,частично,2.714
7500000.0,28.0,раздельный,нет,5.0,5.0,2.7,нет,нет,1972,кирпичный,частично,4.122
16000000.0,56.0,раздельный,нет,5.0,5.0,2.7,нет,В залоге,1988,панельный,частично,1.34
5200000.0,18.0,совмещенный,нет,4.0,5.0,2.7,да,нет,1986,панельный,частично,2.448
13000000.0,46.5,совмещенный,балкон,5.0,5.0,2.7,нет,нет,1974,кирпичный,частично,0.903
10000000.0,42.0,раздельный,нет,3.0,5.0,2.7,нет,нет,1982,кирпичный,частично,1.247
3600000.0,16.8,раздельный,нет,5.0,5.0,2.7,нет,нет,1969,кирпичный,частично,2.294
33000000.0,100.0,раздельный,нет,5.0,5.0,2.7,нет,нет,2010,кирпичный,полностью,3.393
7500000.0,31.9,совмещенный,нет,1.0,2.0,2.7,нет,нет,1965,кирпичный,частично,2.668
11500000.0,36.7,раздельный,лоджия,3.0,5.0,2.7,нет,нет,1992,монолитный,частично,3.527
11500000.0,44.1,совмещенный,нет,5.0,5.0,2.7,нет,нет,1970,панельный,частично,0.649
4000000.0,17.0,раздельный,балкон,3.0,4.0,2.7,нет,нет,1962,кирпичный,полностью,2.041
9800000.0,31.0,совмещенный,нет,2.0,5.0,2.7,нет,нет,1975,кирпичный,частично,1.593
14000000.0,40.0,раздельный,нет,1.0,9.0,2.7,нет,нет,2017,панельный,частично,4.033
38000000.0,63.0,раздельный,балкон и лоджия,4.0,5.0,2.7,нет,нет,2018,кирпичный,полностью,1.73
12000000.0,41.0,раздельный,нет,5.0,5.0,2.7,нет,нет,2024,кирпичный,частично,1.734
19500000.0,60.0,раздельный,нет,2.0,9.0,2.7,нет,нет,1985,кирпичный,частично,2.807
11000000.0,53.0,раздельный,нет,4.0,4.0,2.7,нет,нет,1963,кирпичный,частично,1.798
21500000.0,70.0,раздельный,нет,9.0,9.0,2.7,нет,нет,1993,панельный,полностью,1.977
11500000.0,28.0,раздельный,нет,1.0,5.0,2.7,нет,нет,1988,кирпичный,частично,2.765
25000000.0,56.0,раздельный,нет,6.0,9.0,2.7,нет,В залоге,2020,кирпичный,без мебели,0.641
13500000.0,47.5,раздельный,нет,1.0,5.0,2.7,нет,нет,1998,кирпичный,полностью,2.677
16700000.0,42.0,раздельный,нет,4.0,5.0,2.7,нет,нет,2023,кирпичный,без мебели,1.036
35500000.0,65.2,раздельный,нет,6.0,10.0,2.7,нет,нет,2022,кирпичный,частично,1.95
7500000.0,31.0,раздельный,нет,1.0,2.0,2.7,нет,нет,1965,кирпичный,частично,2.668
19000000.0,42.0,раздельный,нет,4.0,9.0,2.7,нет,нет,2022,кирпичный,частично,3.296
14000000.0,43.0,раздельный,нет,4.0,9.0,2.7,нет,нет,2017,кирпичный,полностью,3.951
19500000.0,45.0,раздельный,нет,3.0,9.0,2.7,нет,нет,2020,кирпичный,частично,3.796
11800000.0,30.0,раздельный,нет,4.0,5.0,2.7,нет,нет,1979,кирпичный,частично,0.448
27000000.0,64.0,раздельный,нет,4.0,5.0,2.7,нет,нет,2011,кирпичный,полностью,1.974
16800000.0,45.0,раздельный,нет,8.0,9.0,2.7,нет,нет,2017,кирпичный,частично,1.079
13000000.0,44.0,раздельный,нет,4.0,9.0,2.7,нет,нет,2015,кирпичный,частично,2.807
11000000.0,39.0,раздельный,нет,4.0,6.0,2.7,нет,нет,1989,панельный,частично,1.961
16900000.0,40.0,раздельный,нет,5.0,5.0,2.7,нет,нет,2022,кирпичный,частично,3.296
23000000.0,70.0,раздельный,нет,6.0,9.0,2.7,нет,нет,1993,панельный,частично,1.977
9500000.0,36.0,раздельный,нет,6.0,6.0,2.7,нет,нет,1990,панельный,частично,1.783
18100000.0,42.0,раздельный,нет,5.0,5.0,2.7,нет,нет,2023,кирпичный,частично,1.047
33000000.0,73.0,раздельный,лоджия,3.0,9.0,2.7,нет,В залоге,2022,кирпичный,полностью,1.407
8500000.0,32.9,совмещенный,нет,1.0,3.0,2.7,нет,нет,1961,кирпичный,частично,2.714
11000000.0,42.0,раздельный,нет,3.0,5.0,2.7,нет,нет,1974,кирпичный,полностью,3.711
15500000.0,68.0,раздельный,нет,6.0,6.0,2.7,нет,нет,1987,кирпичный,частично,2.499
19500000.0,77.0,раздельный,нет,1.0,5.0,2.7,нет,нет,1978,кирпичный,частично,3.918
37500000.0,86.0,раздельный,нет,5.0,9.0,2.7,нет,нет,2018,кирпичный,частично,1.249
15500000.0,61.0,раздельный,нет,1.0,5.0,2.7,нет,нет,1998,кирпичный,частично,2.677
15500000.0,51.0,раздельный,нет,1.0,6.0,2.7,нет,нет,1990,кирпичный,частично,1.374
26000000.0,60.0,раздельный,нет,3.0,9.0,2.7,нет,нет,2022,кирпичный,частично,1.436
18500000.0,57.4,раздельный,нет,2.0,6.0,2.7,нет,нет,1989,кирпичный,частично,1.717
12500000.0,43.0,раздельный,нет,3.0,4.0,2.7,нет,нет,1966,кирпичный,частично,0.198
20500000.0,62.0,раздельный,нет,4.0,9.0,2.7,нет,нет,2007,кирпичный,частично,0.696
16000000.0,55.0,раздельный,нет,3.0,5.0,2.7,нет,нет,1970,кирпичный,частично,1.76
15047500.0,46.3,раздельный,нет,1.0,5.0,2.7,нет,нет,2024,кирпичный,частично,2.949
14500000.0,51.0,раздельный,нет,1.0,9.0,2.7,нет,нет,1993,панельный,частично,1.977
18500000.0,60.0,совмещенный,нет,3.0,5.0,2.7,нет,нет,1982,кирпичный,частично,3.642
14500000.0,51.5,раздельный,нет,1.0,9.0,2.7,нет,нет,1993,кирпичный,частично,1.977
19500000.0,71.7,совмещенный,нет,5.0,9.0,2.7,нет,нет,2022,кирпичный,частично,1.324
10000000.0,45.0,совмещенный,нет,4.0,4.0,2.5,нет,нет,1966,кирпичный,частично,2.693
13200000.0,42.0,совмещенный,нет,3.0,6.0,2.8,нет,нет,2024,кирпичный,частично,1.73
19000000.0,68.0,совмещенный,нет,6.0,9.0,2.7,нет,нет,1992,панельный,полностью,3.515
28000000.0,96.9,совмещенный,нет,5.0,5.0,2.7,нет,В залоге,2001,кирпичный,частично,1.294
1900000.0,10.0,раздельный,нет,1.0,9.0,2.7,нет,нет,1986,кирпичный,частично,1.58
43000000.0,90.0,раздельный,лоджия,4.0,9.0,2.7,нет,нет,2017,кирпичный,частично,0.622
13700000.0,37.0,совмещенный,балкон и лоджия,4.0,5.0,2.5,нет,нет,1986,кирпичный,полностью,1.167
18000000.0,60.0,раздельный,нет,9.0,10.0,2.7,нет,нет,2024,кирпичный,частично,4.193
11750000.0,37.0,совмещенный,лоджия,5.0,5.0,2.7,нет,нет,1976,кирпичный,частично,1.858
10500000.0,35.0,совмещенный,нет,5.0,9.0,3.0,нет,нет,2024,кирпичный,частично,1.17
37000000.0,95.0,раздельный,нет,3.0,5.0,2.7,нет,В залоге,2019,кирпичный,частично,1.294
27000000.0,65.7,раздельный,нет,2.0,5.0,2.75,нет,нет,2021,кирпичный,полностью,0.792
19000000.0,68.0,раздельный,нет,6.0,9.0,2.7,нет,нет,1992,панельный,частично,3.515
25000000.0,53.0,совмещенный,лоджия,3.0,9.0,2.7,нет,нет,2022,кирпичный,частично,0.947
19999000.0,65.8,раздельный,нет,9.0,9.0,2.7,нет,нет,2005,панельный,полностью,2.006
15100000.0,70.0,раздельный,нет,6.0,6.0,2.6,нет,нет,1991,кирпичный,полностью,2.05
14500000.0,46.0,раздельный,нет,5.0,5.0,2.7,нет,нет,2014,кирпичный,частично,4.283
13500000.0,46.0,раздельный,нет,1.0,5.0,2.7,нет,нет,2015,кирпичный,частично,4.283
11000000.0,48.0,совмещенный,нет,5.0,5.0,2.0,нет,нет,1973,панельный,частично,3.348
16000000.0,80.0,раздельный,нет,9.0,9.0,2.7,нет,нет,2015,кирпичный,частично,2.807
15400000.0,60.0,раздельный,нет,3.0,5.0,2.7,нет,нет,1972,кирпичный,частично,3.928
17500000.0,50.0,совмещенный,нет,3.0,5.0,2.8,нет,нет,2023,кирпичный,полностью,3.491
16500000.0,61.0,совмещенный,нет,4.0,5.0,2.7,нет,нет,1970,кирпичный,частично,1.808
16500000.0,60.0,раздельный,нет,4.0,9.0,2.7,нет,нет,2015,кирпичный,частично,4.247
17000000.0,46.0,совмещенный,нет,4.0,5.0,2.7,нет,нет,2017,кирпичный,частично,2.038
12500000.0,44.0,совмещенный,нет,8.0,9.0,3.0,нет,нет,2022,кирпичный,без мебели,0.58
37000000.0,86.0,2 с/у и более,нет,7.0,9.0,2.8,нет,нет,2018,кирпичный,частично,1.249
20000000.0,80.0,раздельный,нет,3.0,5.0,2.7,нет,нет,1988,кирпичный,частично,3.607
13000000.0,50.0,раздельный,нет,4.0,5.0,2.7,нет,нет,1977,панельный,частично,3.612
15000000.0,60.0,раздельный,балкон,4.0,5.0,2.7,нет,нет,1978,кирпичный,частично,3.925
23000000.0,55.0,раздельный,нет,2.0,5.0,2.7,нет,нет,2024,кирпичный,частично,1.407
15500000.0,60.0,раздельный,нет,1.0,5.0,2.7,нет,нет,1979,кирпичный,частично,3.471
13500000.0,46.0,раздельный,нет,4.0,5.0,2.7,нет,нет,2016,кирпичный,частично,4.165
22500000.0,61.0,раздельный,нет,7.0,9.0,2.9,нет,нет,2020,кирпичный,частично,3.296
19000000.0,54.0,раздельный,нет,1.0,8.0,2.7,нет,нет,2019,кирпичный,частично,2.899
20000000.0,60.0,раздельный,нет,3.0,5.0,2.8,нет,нет,2012,кирпичный,частично,1.974
35000000.0,83.0,раздельный,нет,4.0,5.0,2.9,нет,нет,2020,кирпичный,частично,0.629
12000000.0,40.0,совмещенный,нет,3.0,5.0,2.7,нет,нет,1973,кирпичный,частично,2.081
16500000.0,63.0,совмещенный,нет,4.0,5.0,2.7,нет,нет,1975,кирпичный,частично,1.387
13500000.0,41.0,совмещенный,нет,1.0,9.0,2.7,нет,нет,2015,кирпичный,частично,4.276
12500000.0,52.0,раздельный,нет,9.0,9.0,2.7,нет,нет,2007,кирпичный,частично,2.677
15000000.0,51.0,раздельный,нет,5.0,9.0,2.7,нет,нет,1990,панельный,частично,3.648
14000000.0,63.0,раздельный,нет,5.0,5.0,2.7,нет,нет,1974,кирпичный,частично,2.205
14500000.0,58.0,раздельный,нет,3.0,5.0,2.7,нет,нет,1973,кирпичный,частично,1.593
14000000.0,50.0,раздельный,нет,4.0,9.0,2.7,нет,нет,2007,панельный,частично,0.696
19000000.0,70.0,раздельный,нет,4.0,9.0,2.8,нет,нет,1990,панельный,частично,2.624
9600000.0,32.0,раздельный,нет,1.0,5.0,2.8,нет,нет,1982,панельный,частично,3.401
22500000.0,75.0,совмещенный,нет,1.0,5.0,2.5,нет,нет,1986,кирпичный,частично,1.403
20000000.0,80.0,раздельный,нет,3.0,5.0,2.7,нет,нет,1978,панельный,частично,3.442
15000000.0,52.0,раздельный,нет,5.0,5.0,2.7,нет,нет,1992,кирпичный,частично,2.874
17000000.0,62.0,раздельный,нет,1.0,5.0,2.7,нет,нет,1992,кирпичный,частично,2.095
19000000.0,55.0,раздельный,нет,3.0,9.0,2.8,нет,нет,2020,кирпичный,частично,3.796
12400000.0,43.0,совмещенный,нет,4.0,5.0,2.7,нет,нет,1982,панельный,частично,3.471
18500000.0,63.0,раздельный,нет,4.0,5.0,2.7,нет,нет,1979,кирпичный,частично,3.471
15000000.0,52.0,совмещенный,балкон,6.0,6.0,2.7,нет,нет,1991,кирпичный,частично,2.228
26500000.0,78.0,раздельный,нет,3.0,5.0,2.7,нет,нет,2011,кирпичный,частично,3.454
13300000.0,50.3,раздельный,нет,3.0,5.0,2.7,нет,нет,2024,кирпичный,частично,1.568
18900000.0,39.0,раздельный,нет,2.0,6.0,2.7,нет,нет,2024,кирпичный,частично,1.568
26000000.0,63.0,раздельный,нет,7.0,10.0,2.7,нет,нет,2022,кирпичный,частично,1.083
19264000.0,68.8,раздельный,нет,3.0,5.0,2.7,нет,нет,2024,кирпичный,частично,1.675
27500000.0,76.5,раздельный,нет,9.0,9.0,2.7,нет,нет,2015,кирпичный,частично,0.483
24500000.0,51.7,раздельный,нет,8.0,9.0,2.7,нет,нет,2022,кирпичный,частично,1.599
3600000.0,18.5,раздельный,нет,4.0,5.0,2.0,нет,нет,1989,кирпичный,частично,3.651
12000000.0,38.9,раздельный,нет,4.0,5.0,2.7,нет,нет,2024,кирпичный,частично,1.675
20999000.0,64.0,раздельный,нет,2.0,5.0,2.7,нет,нет,1983,кирпичный,частично,0.167
10500000.0,29.5,совмещенный,нет,5.0,5.0,2.7,нет,нет,1972,кирпичный,частично,0.959
21500000.0,70.0,раздельный,нет,6.0,9.0,2.7,нет,нет,2006,панельный,частично,3.177
40000000.0,110.9,раздельный,нет,4.0,6.0,2.7,нет,нет,2011,кирпичный,полностью,2.061
22550000.0,60.0,раздельный,нет,2.0,5.0,2.7,нет,нет,1998,кирпичный,частично,2.677
18500000.0,67.0,раздельный,нет,9.0,9.0,2.7,нет,нет,1983,панельный,частично,3.071
22000000.0,53.0,раздельный,нет,6.0,9.0,2.7,нет,нет,2021,кирпичный,частично,0.725
16200000.0,65.0,раздельный,нет,5.0,5.0,2.7,нет,нет,1984,панельный,частично,3.358
19000000.0,67.0,раздельный,нет,9.0,9.0,2.7,нет,нет,1983,панельный,частично,3.071
10300000.0,31.9,раздельный,нет,3.0,4.0,2.7,нет,нет,1965,панельный,частично,2.466
19500000.0,41.8,раздельный,нет,3.0,9.0,2.7,нет,нет,2021,кирпичный,частично,3.796
43600000.0,85.0,совмещенный,нет,3.0,9.0,2.7,нет,нет,2020,кирпичный,полностью,0.753
27000000.0,75.0,совмещенный,нет,5.0,5.0,3.0,нет,нет,2018,кирпичный,полностью,1.569
14000000.0,41.0,раздельный,нет,1.0,5.0,2.7,нет,нет,1983,панельный,частично,3.932
3800000.0,19.0,раздельный,нет,2.0,5.0,2.7,нет,нет,1986,кирпичный,частично,1.195
12000000.0,40.2,раздельный,нет,7.0,9.0,2.7,нет,нет,2018,кирпичный,частично,4.018
18000000.0,70.1,раздельный,нет,6.0,9.0,2.7,нет,нет,1985,кирпичный,частично,0.997
18500000.0,50.0,раздельный,нет,2.0,5.0,2.7,нет,нет,1985,панельный,полностью,0.673
11000000.0,34.0,раздельный,нет,5.0,9.0,2.7,нет,нет,1985,кирпичный,частично,0.915
29000000.0,70.8,раздельный,нет,1.0,9.0,2.7,нет,нет,2020,кирпичный,частично,0.47
7800000.0,49.2,раздельный,нет,3.0,9.0,2.7,нет,нет,1986,кирпичный,частично,1.58
30000000.0,74.9,совмещенный,нет,5.0,5.0,2.7,нет,В залоге,2019,кирпичный,полностью,0.711
16000000.0,63.0,раздельный,балкон,5.0,5.0,2.7,нет,нет,1984,панельный,полностью,3.358
17000000.0,53.0,раздельный,нет,3.0,5.0,2.7,нет,нет,2022,кирпичный,частично,1.31
16500000.0,61.0,раздельный,нет,3.0,5.0,2.7,нет,нет,1990,кирпичный,частично,3.746
26000000.0,87.0,раздельный,нет,6.0,9.0,2.7,нет,нет,1993,панельный,частично,2.408
26500000.0,60.0,раздельный,нет,2.0,9.0,2.7,нет,нет,2021,кирпичный,частично,1.436
31000000.0,80.0,раздельный,нет,1.0,5.0,2.7,нет,В залоге,2021,кирпичный,частично,2.677
10800000.0,36.0,раздельный,нет,4.0,5.0,2.7,нет,нет,2025,кирпичный,частично,1.73
13700000.0,40.0,совмещенный,нет,1.0,5.0,2.5,нет,нет,1971,кирпичный,полностью,0.482
16000000.0,62.0,раздельный,нет,5.0,5.0,2.7,нет,нет,1991,кирпичный,частично,3.817
38000000.0,81.9,раздельный,нет,3.0,9.0,2.8,нет,нет,2022,кирпичный,полностью,3.818
31000000.0,98.0,раздельный,нет,1.0,5.0,2.7,нет,нет,2002,кирпичный,частично,0.964
26000000.0,77.0,раздельный,лоджия,1.0,5.0,2.6,нет,нет,1988,кирпичный,без мебели,1.58
14500000.0,52.0,раздельный,нет,2.0,5.0,2.7,нет,нет,1977,кирпичный,частично,3.712
26000000.0,57.9,раздельный,нет,5.0,5.0,2.7,нет,нет,2023,кирпичный,частично,1.651
13000000.0,42.0,раздельный,нет,3.0,5.0,2.7,нет,нет,1975,кирпичный,частично,0.883
10600000.0,37.0,совмещенный,нет,7.0,9.0,2.7,нет,нет,1990,панельный,частично,3.579
10500000.0,30.0,совмещенный,нет,2.0,4.0,2.5,нет,нет,1964,кирпичный,без мебели,2.054
19500000.0,44.0,раздельный,нет,8.0,10.0,2.7,нет,нет,2023,кирпичный,частично,1.95
13000000.0,38.6,раздельный,лоджия,4.0,5.0,2.7,нет,нет,2024,кирпичный,частично,1.827
9500000.0,40.0,раздельный,нет,5.0,5.0,2.7,нет,нет,1972,кирпичный,частично,0.402
12300000.0,56.0,раздельный,нет,1.0,5.0,2.7,нет,нет,1986,панельный,частично,3.642
12000000.0,56.0,раздельный,нет,1.0,5.0,2.7,нет,нет,1986,кирпичный,частично,3.642
22500000.0,68.0,раздельный,нет,5.0,5.0,2.7,нет,нет,2021,кирпичный,частично,1.407
47000000.0,131.3,2 с/у и более,несколько балконов или лоджий,4.0,9.0,2.7,нет,нет,2014,кирпичный,частично,1.27
21000000.0,68.0,совмещенный,нет,4.0,9.0,2.8,нет,нет,1989,кирпичный,частично,3.227
19400000.0,62.0,раздельный,балкон,2.0,5.0,2.7,нет,нет,1985,панельный,частично,2.801
26000000.0,57.0,раздельный,нет,7.0,9.0,2.7,нет,нет,2021,кирпичный,частично,1.588
23700000.0,75.0,совмещенный,нет,9.0,10.0,2.8,нет,нет,2023,кирпичный,без мебели,0.53
18300000.0,66.6,раздельный,балкон,6.0,6.0,2.7,нет,нет,1989,панельный,частично,2.228
14700000.0,55.0,совмещенный,нет,2.0,5.0,2.7,нет,В залоге,1968,кирпичный,полностью,0.9
15700000.0,52.0,раздельный,нет,2.0,9.0,2.7,нет,нет,1990,панельный,частично,3.251
10400000.0,35.0,совмещенный,нет,5.0,5.0,2.7,нет,нет,1976,кирпичный,полностью,1.858
25500000.0,90.0,раздельный,нет,8.0,9.0,2.7,нет,нет,2024,кирпичный,без мебели,1.407
20000000.0,58.0,раздельный,нет,2.0,9.0,2.7,нет,нет,2023,кирпичный,частично,1.407
13500000.0,45.0,раздельный,нет,5.0,5.0,2.7,нет,нет,1972,кирпичный,частично,0.54
17400000.0,39.0,совмещенный,нет,10.0,10.0,2.7,нет,нет,2023,кирпичный,полностью,1.014
14600000.0,39.0,совмещенный,лоджия,9.0,9.0,2.7,нет,В залоге,2018,кирпичный,частично,1.327
30000000.0,63.0,раздельный,нет,6.0,9.0,2.7,нет,нет,2018,кирпичный,полностью,1.299
11500000.0,36.1,совмещенный,нет,2.0,9.0,2.7,нет,нет,1983,панельный,частично,3.071
14500000.0,41.2,раздельный,лоджия,1.0,5.0,2.8,нет,нет,2018,кирпичный,частично,1.941
25000000.0,69.0,раздельный,нет,8.0,9.0,2.7,нет,нет,2022,кирпичный,частично,3.818
22000000.0,60.0,раздельный,нет,4.0,5.0,2.7,нет,нет,1978,панельный,частично,3.901
45500000.0,90.0,раздельный,нет,1.0,9.0,2.7,нет,нет,2021,монолитный,частично,0.23
12700000.0,46.0,раздельный,нет,5.0,5.0,2.7,нет,нет,2016,кирпичный,полностью,4.219
19500000.0,58.0,совмещенный,нет,6.0,9.0,27.0,нет,нет,2014,кирпичный,полностью,1.407
12500000.0,52.0,раздельный,нет,8.0,9.0,2.7,нет,нет,1990,панельный,частично,3.298
23000000.0,80.0,раздельный,нет,4.0,5.0,2.7,нет,нет,1982,панельный,полностью,3.436
9900000.0,30.0,совмещенный,нет,2.0,5.0,2.7,нет,нет,1987,кирпичный,частично,3.724
9500000.0,38.2,совмещенный,лоджия,5.0,5.0,2.7,нет,нет,1980,кирпичный,частично,3.918
9500000.0,38.2,совмещенный,лоджия,5.0,5.0,2.7,нет,нет,1980,кирпичный,без мебели,3.918
13888888.0,42.5,совмещенный,лоджия,9.0,10.0,2.7,нет,нет,2022,кирпичный,частично,3.818
11300000.0,35.6,раздельный,нет,6.0,9.0,2.7,нет,нет,1989,панельный,частично,2.315
18500000.0,51.7,раздельный,нет,2.0,6.0,2.7,нет,нет,1990,панельный,полностью,2.379
15000000.0,56.0,раздельный,нет,1.0,5.0,2.7,нет,нет,1981,панельный,полностью,3.642
16000000.0,50.3,раздельный,нет,3.0,5.0,2.7,нет,нет,1978,панельный,частично,3.901
15500000.0,52.0,раздельный,нет,5.0,9.0,2.7,нет,нет,1990,панельный,полностью,2.834
25690500.0,93.42,раздельный,нет,9.0,10.0,2.7,нет,нет,2025,кирпичный,частично,0.951
12000000.0,47.7,раздельный,нет,5.0,5.0,2.7,нет,нет,1974,кирпичный,частично,1.143
24365000.0,88.6,раздельный,нет,9.0,10.0,2.7,нет,нет,2025,кирпичный,частично,0.951
20000000.0,63.3,раздельный,нет,4.0,6.0,2.7,нет,нет,1992,панельный,частично,1.929
8900000.0,31.0,совмещенный,нет,2.0,4.0,2.6,нет,нет,1967,панельный,полностью,2.466
11000000.0,30.5,раздельный,нет,3.0,5.0,2.7,нет,нет,1974,кирпичный,частично,1.143
19000000.0,70.0,раздельный,нет,9.0,9.0,2.7,нет,нет,1991,панельный,частично,2.891
7000000.0,28.0,раздельный,нет,5.0,5.0,2.7,нет,нет,1987,кирпичный,частично,1.519
26000000.0,57.9,совмещенный,нет,5.0,5.0,2.7,нет,нет,2023,кирпичный,частично,1.651
10300000.0,33.0,совмещенный,лоджия,1.0,5.0,2.7,нет,нет,1986,кирпичный,частично,3.751
16500000.0,77.5,раздельный,нет,5.0,5.0,2.7,нет,нет,1996,кирпичный,частично,3.552
9500000.0,321.0,совмещенный,нет,1.0,5.0,2.7,нет,нет,1980,кирпичный,полностью,1.972
11000000.0,40.0,раздельный,нет,2.0,3.0,2.7,нет,нет,1965,кирпичный,частично,3.437
18500000.0,42.0,раздельный,нет,3.0,9.0,2.7,нет,нет,2021,кирпичный,частично,3.877
48000000.0,142.0,2 с/у и более,нет,5.0,6.0,2.9,нет,нет,2012,кирпичный,полностью,0.334
19500000.0,50.0,раздельный,нет,6.0,9.0,2.7,нет,нет,1990,панельный,частично,2.677
18500000.0,76.0,раздельный,нет,5.0,5.0,2.7,нет,нет,2012,кирпичный,частично,3.751
15500000.0,57.9,раздельный,нет,3.0,5.0,2.7,нет,нет,1974,панельный,частично,3.348
26000000.0,68.3,совмещенный,нет,3.0,5.0,2.7,нет,нет,2023,кирпичный,частично,3.491
11000000.0,40.0,совмещенный,нет,2.0,3.0,2.7,нет,нет,1965,панельный,частично,3.437
19500000.0,70.2,раздельный,нет,6.0,6.0,2.5,нет,нет,1993,панельный,частично,3.527
22000000.0,67.5,раздельный,нет,1.0,9.0,2.7,нет,нет,2005,панельный,частично,1.682
8000000.0,30.2,раздельный,нет,3.0,6.0,2.6,нет,нет,1987,панельный,частично,3.589
9000000.0,35.8,раздельный,нет,4.0,5.0,2.7,нет,нет,1985,панельный,частично,3.716
16500000.0,57.0,раздельный,нет,3.0,5.0,2.7,нет,нет,1977,панельный,частично,3.919
26000000.0,68.3,раздельный,нет,3.0,5.0,2.7,нет,нет,2023,кирпичный,частично,3.491
13200000.0,53.0,раздельный,нет,9.0,9.0,2.7,нет,нет,2003,панельный,полностью,1.85
19000000.0,77.0,раздельный,нет,1.0,5.0,2.7,нет,нет,1984,панельный,частично,3.358
22500000.0,56.7,раздельный,нет,8.0,9.0,2.7,нет,нет,2020,кирпичный,частично,3.858
19860400.0,70.93,раздельный,нет,8.0,10.0,2.7,нет,нет,2025,кирпичный,частично,0.951
14500000.0,51.0,раздельный,нет,5.0,5.0,2.7,нет,нет,1987,кирпичный,частично,3.724
2800000.0,14.0,раздельный,нет,3.0,5.0,2.7,нет,нет,1984,панельный,частично,3.651
23500000.0,79.0,раздельный,нет,4.0,5.0,2.7,нет,нет,1984,кирпичный,частично,3.286
26000000.0,68.0,раздельный,нет,3.0,5.0,2.7,нет,нет,2023,кирпичный,частично,3.491
17500000.0,38.0,совмещенный,нет,1.0,9.0,3.0,нет,нет,2021,кирпичный,полностью,1.58
11500000.0,28.3,совмещенный,нет,1.0,5.0,2.7,нет,нет,1988,панельный,полностью,2.726
12500000.0,47.0,совмещенный,нет,3.0,3.0,2.7,нет,нет,1965,кирпичный,полностью,0.672
14000000.0,37.0,раздельный,лоджия,1.0,9.0,2.7,нет,нет,2019,кирпичный,частично,4.497
27000000.0,90.0,совмещенный,нет,5.0,8.0,2.7,нет,нет,1989,кирпичный,полностью,1.463
7500000.0,35.7,раздельный,нет,2.0,5.0,2.7,нет,нет,1982,кирпичный,частично,2.131
23500000.0,76.0,раздельный,нет,5.0,12.0,2.7,нет,нет,2019,монолитный,полностью,4.321
24000000.0,60.0,раздельный,нет,1.0,5.0,2.7,нет,нет,1971,кирпичный,частично,1.024
7600000.0,31.0,раздельный,нет,5.0,5.0,2.7,нет,нет,1979,кирпичный,частично,3.361
53000000.0,92.0,раздельный,нет,3.0,9.0,2.7,нет,нет,2017,кирпичный,частично,0.372
14500000.0,60.0,раздельный,нет,1.0,5.0,2.7,нет,нет,1974,кирпичный,полностью,3.348
22500000.0,60.0,совмещенный,балкон,3.0,5.0,2.7,нет,нет,1970,кирпичный,частично,1.284
13500000.0,42.0,совмещенный,нет,7.0,9.0,2.7,нет,нет,2015,кирпичный,частично,4.276
48500000.0,95.0,совмещенный,нет,1.0,5.0,2.8,нет,нет,2023,кирпичный,полностью,1.047
24000000.0,64.0,совмещенный,нет,3.0,5.0,2.7,нет,нет,1988,кирпичный,полностью,0.633
23000000.0,79.0,раздельный,нет,2.0,5.0,2.7,нет,нет,1984,панельный,частично,3.351
26000000.0,74.5,совмещенный,нет,2.0,9.0,2.5,нет,нет,1993,кирпичный,частично,2.315
11500000.0,44.0,раздельный,нет,5.0,5.0,2.7,нет,нет,1970,кирпичный,частично,0.649
8500000.0,37.0,раздельный,нет,2.0,6.0,2.7,нет,нет,1987,кирпичный,частично,3.491
11500000.0,39.4,совмещенный,нет,2.0,9.0,2.7,нет,нет,2014,кирпичный,частично,4.276
16000000.0,52.0,совмещенный,балкон,5.0,9.0,2.7,нет,нет,1990,панельный,частично,3.579
6000000.0,54.0,совмещенный,нет,2.0,2.0,2.2,нет,нет,1993,кирпичный,полностью,1.166
47000000.0,141.0,совмещенный,нет,4.0,5.0,2.7,нет,нет,2011,кирпичный,полностью,0.306
20570350.0,69.73,раздельный,нет,3.0,10.0,2.7,нет,нет,2025,кирпичный,частично,0.781
12500000.0,40.0,раздельный,нет,3.0,4.0,2.7,нет,нет,1965,кирпичный,частично,1.736
20500000.0,65.5,раздельный,нет,3.0,9.0,2.7,нет,нет,1993,панельный,частично,1.977
47000000.0,88.7,раздельный,нет,5.0,9.0,2.7,нет,нет,2020,кирпичный,частично,0.641
11500000.0,43.0,совмещенный,нет,3.0,4.0,2.7,да,нет,1962,кирпичный,полностью,2.041
24500000.0,66.0,раздельный,нет,5.0,5.0,2.7,нет,нет,2018,кирпичный,частично,1.569
30000000.0,107.0,совмещенный,нет,5.0,5.0,2.8,нет,нет,2015,кирпичный,полностью,1.349
15200000.0,42.0,раздельный,лоджия,7.0,9.0,2.7,нет,нет,2018,кирпичный,частично,3.527
26000000.0,87.0,раздельный,нет,2.0,5.0,2.7,нет,нет,2002,кирпичный,частично,2.095
14500000.0,45.0,раздельный,нет,3.0,5.0,2.7,нет,нет,2015,кирпичный,частично,4.321
100000000.0,141.0,2 с/у и более,нет,2.0,9.0,3.0,нет,нет,2021,кирпичный,полностью,0.462
14000000.0,52.0,раздельный,нет,1.0,5.0,2.7,нет,нет,1997,кирпичный,частично,3.552
10500000.0,29.0,раздельный,нет,5.0,5.0,2.7,нет,нет,1972,кирпичный,частично,0.959
17700000.0,44.5,совмещенный,нет,3.0,5.0,2.7,нет,нет,2017,кирпичный,полностью,2.038
18658750.0,63.25,раздельный,нет,2.0,10.0,2.7,нет,нет,2025,кирпичный,частично,0.951
15500000.0,43.8,совмещенный,лоджия,3.0,12.0,2.7,нет,нет,2024,кирпичный,частично,3.932
26000000.0,57.0,раздельный,нет,5.0,5.0,2.7,нет,нет,2023,кирпичный,частично,1.651
75000000.0,152.0,2 с/у и более,нет,9.0,10.0,3.0,нет,нет,2016,кирпичный,полностью,0.384
13500000.0,42.0,совмещенный,лоджия,9.0,10.0,2.7,нет,нет,2015,кирпичный,полностью,4.276
18500000.0,62.0,раздельный,нет,1.0,5.0,2.7,нет,нет,1992,кирпичный,частично,2.874
100000000.0,156.0,2 с/у и более,нет,10.0,13.0,3.0,нет,нет,2024,кирпичный,без мебели,2.714
19500000.0,69.0,раздельный,нет,3.0,9.0,2.7,нет,нет,1991,панельный,полностью,3.298
9000000.0,35.0,раздельный,нет,4.0,5.0,2.7,нет,нет,1985,панельный,частично,3.716
12500000.0,34.0,совмещенный,нет,2.0,5.0,2.7,нет,нет,2019,кирпичный,частично,4.485
14500000.0,51.0,раздельный,нет,5.0,5.0,2.7,нет,нет,2023,кирпичный,частично,1.64
9500000.0,32.0,раздельный,нет,1.0,5.0,2.7,нет,нет,1980,кирпичный,частично,1.972
16500000.0,58.0,раздельный,нет,1.0,5.0,2.7,нет,нет,1980,кирпичный,частично,3.86
19800000.0,62.0,раздельный,лоджия,4.0,5.0,2.7,нет,нет,1993,иной,частично,2.539
15500000.0,47.0,раздельный,лоджия,4.0,5.0,2.7,нет,нет,2020,кирпичный,полностью,4.449
20000000.0,70.0,раздельный,нет,7.0,9.0,2.7,нет,нет,1994,панельный,полностью,3.237
14500000.0,40.0,раздельный,нет,4.0,9.0,2.7,нет,нет,2014,кирпичный,частично,4.216
49800000.0,128.0,2 с/у и более,нет,6.0,9.0,2.7,нет,нет,2020,кирпичный,частично,0.47
9900000.0,30.8,раздельный,нет,3.0,5.0,2.5,нет,нет,1968,кирпичный,частично,0.9
18500000.0,66.0,раздельный,нет,9.0,9.0,2.7,нет,нет,1983,панельный,частично,3.071
15000000.0,53.0,раздельный,нет,5.0,6.0,2.7,нет,нет,1990,панельный,частично,2.784
35000000.0,82.9,раздельный,нет,4.0,4.0,2.85,нет,нет,2018,кирпичный,частично,3.436
13900000.0,35.0,совмещенный,нет,9.0,10.0,2.7,нет,нет,2021,кирпичный,частично,0.462
22000000.0,67.0,раздельный,нет,1.0,9.0,2.7,нет,нет,2006,панельный,частично,1.682
11500000.0,43.2,раздельный,балкон,5.0,5.0,2.7,нет,нет,1969,кирпичный,частично,0.251
48000000.0,170.0,раздельный,нет,4.0,4.0,2.7,нет,нет,2011,кирпичный,частично,0.582
17000000.0,60.0,раздельный,нет,5.0,5.0,2.7,нет,нет,1976,кирпичный,без мебели,1.414
23900000.0,75.0,раздельный,нет,5.0,5.0,2.7,нет,нет,1986,кирпичный,частично,1.622
12000000.0,40.0,раздельный,нет,5.0,5.0,2.6,нет,нет,1978,кирпичный,частично,0.482
24000000.0,76.4,раздельный,нет,5.0,9.0,2.8,нет,нет,2023,кирпичный,без мебели,0.756
25500000.0,87.0,раздельный,лоджия,3.0,5.0,2.7,нет,нет,2010,кирпичный,частично,3.393
10000000.0,39.6,совмещенный,нет,4.0,5.0,2.7,нет,нет,1982,панельный,полностью,3.471
13000000.0,46.8,совмещенный,нет,5.0,5.0,2.7,нет,нет,1982,панельный,частично,3.818
10500000.0,45.1,совмещенный,нет,3.0,3.0,2.7,нет,нет,1974,панельный,частично,2.838
10500000.0,36.0,раздельный,нет,4.0,6.0,2.7,нет,нет,1989,панельный,частично,1.961
16000000.0,60.0,раздельный,балкон,3.0,5.0,2.7,нет,нет,1969,кирпичный,частично,1.295
30000000.0,69.0,2 с/у и более,нет,5.0,5.0,2.8,нет,нет,2024,кирпичный,частично,1.675
12800000.0,39.5,раздельный,нет,4.0,9.0,2.7,нет,нет,2014,кирпичный,полностью,2.295
15500000.0,57.5,раздельный,нет,4.0,5.0,2.5,нет,нет,1969,панельный,частично,1.521
10500000.0,45.0,раздельный,нет,3.0,3.0,2.7,нет,нет,1974,кирпичный,частично,2.838
7500000.0,35.0,раздельный,нет,2.0,5.0,2.7,нет,нет,1982,кирпичный,частично,2.131
11500000.0,36.0,раздельный,нет,2.0,9.0,2.7,нет,нет,1983,панельный,частично,3.071
19000000.0,61.0,раздельный,нет,5.0,5.0,2.7,нет,нет,2018,кирпичный,частично,0.884
15500000.0,56.0,раздельный,нет,5.0,5.0,2.7,нет,нет,1970,кирпичный,частично,0.557
16000000.0,58.0,раздельный,нет,1.0,5.0,2.7,нет,нет,1980,кирпичный,частично,3.86
2800000.0,14.0,раздельный,нет,3.0,5.0,2.7,нет,нет,1984,кирпичный,частично,3.651
20221700.0,69.73,раздельный,нет,6.0,10.0,2.7,нет,нет,2025,кирпичный,частично,0.951
7500000.0,31.0,совмещенный,нет,3.0,4.0,2.7,да,нет,1964,кирпичный,полностью,2.041
23000000.0,80.0,раздельный,нет,3.0,5.0,2.7,нет,нет,1986,кирпичный,частично,3.541
10500000.0,41.9,совмещенный,нет,2.0,4.0,2.5,нет,нет,1964,кирпичный,без мебели,2.341
19860000.0,70.93,раздельный,нет,8.0,10.0,2.7,нет,нет,2025,кирпичный,частично,0.951
27000000.0,105.0,раздельный,нет,1.0,5.0,2.7,нет,нет,1982,кирпичный,полностью,0.967
12031000.0,43.75,совмещенный,нет,5.0,5.0,2.7,нет,нет,2024,кирпичный,частично,1.427
20234000.0,73.58,совмещенный,нет,5.0,5.0,2.7,нет,нет,2024,кирпичный,частично,1.427
8100000.0,32.0,раздельный,балкон,3.0,3.0,2.7,нет,нет,1973,кирпичный,частично,2.729
17000000.0,62.3,раздельный,нет,1.0,5.0,2.7,нет,В залоге,1976,кирпичный,частично,1.858
13000000.0,37.0,совмещенный,нет,1.0,5.0,2.7,нет,нет,1987,панельный,частично,1.961
5500000.0,18.0,совмещенный,нет,1.0,5.0,2.7,да,нет,1990,панельный,полностью,1.48
29000000.0,98.0,раздельный,нет,9.0,10.0,2.8,нет,нет,2022,кирпичный,частично,1.294
12000000.0,48.0,совмещенный,нет,1.0,5.0,2.7,нет,В залоге,1984,кирпичный,полностью,3.651
100000000.0,151.0,раздельный,нет,3.0,9.0,3.0,нет,нет,2023,кирпичный,частично,1.599
16200000.0,53.0,раздельный,нет,3.0,5.0,2.7,нет,нет,2024,кирпичный,частично,2.322
17500000.0,57.0,раздельный,нет,5.0,5.0,2.7,нет,нет,2015,кирпичный,частично,3.527
13000000.0,46.0,раздельный,нет,1.0,5.0,2.7,нет,нет,2016,кирпичный,частично,2.851
18800000.0,60.0,раздельный,нет,2.0,5.0,2.7,нет,нет,1990,иной,полностью,0.577
21000000.0,69.0,раздельный,нет,10.0,12.0,2.5,нет,нет,1984,монолитный,частично,1.578
21000000.0,54.0,совмещенный,нет,2.0,5.0,2.7,нет,В залоге,1992,панельный,полностью,1.054
11000000.0,37.0,раздельный,нет,1.0,5.0,2.7,нет,нет,1990,панельный,частично,0.47
30000000.0,83.0,совмещенный,нет,4.0,5.0,2.8,нет,нет,1971,кирпичный,частично,0.625
10500000.0,37.0,раздельный,нет,3.0,5.0,2.7,нет,нет,2025,кирпичный,частично,1.746
28000000.0,77.0,раздельный,нет,2.0,9.0,2.7,нет,нет,2017,кирпичный,частично,3.014
24500000.0,69.5,раздельный,нет,8.0,9.0,2.7,нет,нет,1994,панельный,полностью,3.491
18658750.0,63.25,раздельный,нет,2.0,9.0,2.7,нет,нет,2025,кирпичный,частично,0.951
16500000.0,52.0,раздельный,нет,4.0,5.0,2.7,нет,нет,1981,кирпичный,частично,3.464
32000000.0,68.0,раздельный,нет,3.0,10.0,2.7,нет,нет,2020,кирпичный,частично,0.914
16500000.0,33.7,совмещенный,нет,9.0,9.0,2.7,нет,нет,2022,кирпичный,частично,1.407
45000000.0,109.0,раздельный,нет,2.0,9.0,3.0,нет,нет,2017,кирпичный,частично,0.564
16000000.0,62.0,раздельный,нет,6.0,6.0,2.7,нет,нет,2011,кирпичный,частично,3.527
22000000.0,62.8,совмещенный,нет,5.0,9.0,2.5,нет,нет,1984,кирпичный,полностью,1.165
10500000.0,49.0,раздельный,нет,4.0,6.0,2.7,нет,нет,1990,панельный,частично,1.453
18000000.0,50.0,раздельный,нет,1.0,5.0,2.7,нет,нет,2022,кирпичный,частично,4.666
15201000.0,56.3,раздельный,нет,5.0,5.0,2.7,нет,нет,2023,кирпичный,частично,1.667
14300000.0,45.0,раздельный,нет,4.0,5.0,2.7,нет,нет,1972,кирпичный,частично,0.959
29000000.0,100.0,раздельный,нет,1.0,5.0,2.7,нет,нет,1998,кирпичный,частично,0.964
13000000.0,52.0,раздельный,нет,1.0,5.0,2.8,нет,нет,2000,кирпичный,частично,3.552
28500000.0,75.0,совмещенный,лоджия,3.0,5.0,2.7,нет,нет,2021,кирпичный,частично,1.851
16500000.0,66.0,раздельный,нет,6.0,6.0,2.7,нет,нет,1990,панельный,частично,2.314
21000000.0,60.0,совмещенный,нет,9.0,10.0,2.7,нет,нет,2021,кирпичный,полностью,4.193
18500000.0,58.0,совмещенный,нет,3.0,5.0,2.5,нет,нет,1971,кирпичный,полностью,1.103
30000000.0,70.0,раздельный,нет,5.0,9.0,2.8,нет,нет,2022,кирпичный,частично,1.436
15000000.0,72.0,раздельный,нет,2.0,5.0,2.7,нет,нет,1989,панельный,частично,2.309
38150000.0,111.0,2 с/у и более,нет,2.0,2.0,2.7,нет,нет,1992,кирпичный,частично,3.479
14200000.0,45.0,раздельный,нет,2.0,5.0,2.7,нет,нет,2015,кирпичный,без мебели,3.987
22800000.0,60.0,раздельный,нет,2.0,5.0,2.7,нет,нет,1999,кирпичный,частично,3.527
10500000.0,48.0,раздельный,нет,2.0,2.0,2.7,нет,нет,1958,иной,полностью,0.682
17500000.0,60.0,раздельный,нет,5.0,5.0,2.5,нет,нет,1986,кирпичный,частично,1.167
11000000.0,32.0,раздельный,нет,1.0,5.0,2.7,нет,нет,1984,панельный,частично,3.463
17900000.0,60.0,раздельный,нет,9.0,10.0,2.7,нет,нет,2011,панельный,полностью,3.28
63000000.0,100.0,раздельный,нет,5.0,9.0,2.8,нет,нет,2019,кирпичный,полностью,0.524
14200000.0,44.0,раздельный,нет,4.0,9.0,2.7,нет,нет,2022,кирпичный,без мебели,0.756
8900000.0,29.0,совмещенный,нет,2.0,5.0,2.5,нет,нет,1964,кирпичный,частично,2.729
22000000.0,89.5,раздельный,нет,6.0,6.0,2.7,нет,нет,1993,панельный,частично,3.454
8400000.0,31.0,совмещенный,нет,3.0,4.0,2.6,нет,нет,1965,кирпичный,полностью,2.277
16500000.0,51.6,раздельный,нет,2.0,5.0,2.5,нет,нет,1977,панельный,частично,3.703
10800000.0,50.0,раздельный,нет,5.0,5.0,2.7,нет,нет,1976,кирпичный,частично,1.143
10000000.0,37.0,совмещенный,нет,4.0,5.0,2.7,нет,нет,1982,панельный,частично,3.471
16200000.0,53.0,совмещенный,несколько балконов или лоджий,1.0,6.0,2.6,нет,нет,1992,кирпичный,частично,2.677
16000000.0,56.0,раздельный,лоджия,3.0,5.0,2.7,нет,нет,1980,кирпичный,частично,3.541
16500000.0,50.6,раздельный,нет,3.0,5.0,2.7,нет,нет,1981,панельный,полностью,3.464
26500000.0,59.7,совмещенный,нет,4.0,10.0,2.7,нет,нет,2024,кирпичный,частично,1.132
35000000.0,118.0,раздельный,нет,7.0,10.0,3.0,нет,нет,2024,кирпичный,частично,4.193
15000000.0,68.0,совмещенный,нет,1.0,2.0,2.7,нет,нет,2007,кирпичный,частично,3.479
12500000.0,50.0,раздельный,нет,5.0,5.0,2.7,нет,нет,2010,кирпичный,частично,3.527
12500000.0,45.0,раздельный,нет,5.0,5.0,2.7,нет,нет,1972,кирпичный,полностью,0.54
29000000.0,62.0,раздельный,лоджия,2.0,10.0,3.0,нет,В залоге,2022,монолитный,полностью,0.58
11500000.0,42.1,совмещенный,нет,4.0,5.0,2.7,нет,нет,1968,кирпичный,без мебели,0.9
15500000.0,60.0,раздельный,нет,4.0,5.0,2.7,нет,нет,1978,кирпичный,частично,1.154
20000000.0,80.0,раздельный,нет,3.0,6.0,2.7,нет,нет,1990,кирпичный,частично,2.228
49000000.0,118.0,2 с/у и более,нет,2.0,6.0,2.7,нет,нет,2015,кирпичный,полностью,0.451
22500000.0,82.3,раздельный,нет,5.0,10.0,2.7,нет,нет,1989,кирпичный,частично,1.822
24500000.0,77.0,раздельный,нет,4.0,5.0,2.8,нет,нет,2024,кирпичный,без мебели,1.521
30600000.0,90.0,раздельный,нет,5.0,5.0,2.7,нет,В залоге,2023,кирпичный,частично,3.491
11000000.0,49.0,совмещенный,нет,1.0,3.0,2.5,нет,нет,1961,кирпичный,полностью,2.648
12400000.0,42.0,раздельный,нет,4.0,5.0,2.7,нет,нет,1976,панельный,частично,3.798
12000000.0,45.8,раздельный,нет,4.0,5.0,2.7,нет,нет,1974,кирпичный,полностью,3.711
6000000.0,40.0,раздельный,нет,1.0,2.0,2.7,нет,нет,1990,иной,частично,1.425
9500000.0,34.0,раздельный,лоджия,9.0,9.0,2.7,нет,нет,1990,кирпичный,частично,2.726
20500000.0,62.0,раздельный,нет,4.0,9.0,2.7,нет,В залоге,2007,панельный,частично,0.696
11900000.0,51.0,раздельный,нет,3.0,5.0,2.75,нет,нет,1986,панельный,полностью,1.447
9500000.0,33.0,совмещенный,нет,5.0,5.0,2.5,нет,нет,1980,кирпичный,частично,3.437
21000000.0,70.0,раздельный,нет,6.0,9.0,2.8,нет,нет,2006,панельный,полностью,3.177
19000000.0,90.0,раздельный,нет,3.0,3.0,2.5,нет,нет,2000,кирпичный,полностью,3.479
15500000.0,61.0,раздельный,лоджия,1.0,5.0,2.7,нет,нет,1998,кирпичный,частично,2.726
20200000.0,72.0,раздельный,нет,6.0,9.0,2.7,нет,нет,2014,кирпичный,частично,4.216
18300000.0,60.0,совмещенный,лоджия,11.0,12.0,2.7,нет,В залоге,2019,монолитный,без мебели,4.321
13800000.0,50.2,совмещенный,нет,5.0,5.0,2.7,нет,нет,1975,кирпичный,полностью,1.414
19500000.0,40.0,совмещенный,нет,2.0,6.0,2.7,нет,нет,2023,кирпичный,частично,1.64
29500000.0,75.4,совмещенный,нет,2.0,5.0,3.0,нет,нет,2014,кирпичный,полностью,2.714
10000000.0,30.0,раздельный,нет,1.0,5.0,2.7,нет,нет,1970,кирпичный,частично,0.958
19000000.0,58.5,совмещенный,нет,3.0,5.0,2.7,нет,нет,1981,иной,частично,3.642
20000000.0,60.5,раздельный,нет,5.0,5.0,2.7,нет,нет,1995,монолитный,частично,2.41
9700000.0,35.2,совмещенный,нет,7.0,9.0,2.7,нет,нет,1990,панельный,полностью,3.579
6800000.0,46.0,раздельный,нет,4.0,5.0,2.7,да,нет,1986,панельный,частично,1.19
15600000.0,52.0,раздельный,нет,2.0,9.0,2.7,нет,нет,1990,панельный,частично,3.251
6800000.0,46.9,раздельный,нет,4.0,5.0,2.7,да,нет,1989,кирпичный,частично,2.448
35000000.0,87.0,совмещенный,нет,3.0,3.0,2.8,нет,нет,2016,кирпичный,частично,1.73
9600000.0,32.0,раздельный,нет,3.0,5.0,2.7,нет,нет,1968,кирпичный,частично,0.9
25500000.0,77.3,раздельный,нет,9.0,10.0,2.55,нет,нет,2014,монолитный,частично,4.276
6500000.0,29.0,раздельный,нет,1.0,6.0,2.75,нет,нет,2024,кирпичный,частично,3.158
13000000.0,46.0,раздельный,нет,1.0,5.0,2.7,нет,нет,2016,кирпичный,частично,1.58
17900000.0,72.6,совмещенный,нет,2.0,5.0,3.0,нет,нет,1994,кирпичный,частично,0.815
8300000.0,49.2,раздельный,нет,3.0,9.0,2.7,да,нет,1986,кирпичный,частично,1.247
19500000.0,64.9,раздельный,нет,4.0,5.0,2.5,нет,нет,1981,кирпичный,без мебели,1.146
19300000.0,60.0,раздельный,нет,2.0,5.0,2.5,нет,нет,1990,кирпичный,полностью,0.982
12000000.0,47.7,раздельный,балкон,5.0,5.0,2.5,нет,нет,1974,кирпичный,частично,1.143
9500000.0,32.1,совмещенный,балкон,1.0,5.0,2.7,нет,нет,1980,кирпичный,частично,1.972
3800000.0,18.0,совмещенный,нет,4.0,5.0,3.0,да,нет,1968,кирпичный,полностью,2.294
100000000.0,141.8,раздельный,нет,5.0,9.0,3.0,нет,нет,2020,кирпичный,частично,0.507
14000000.0,51.0,раздельный,нет,7.0,9.0,2.7,нет,нет,1995,панельный,частично,3.648
19800000.0,42.0,совмещенный,нет,2.0,5.0,2.7,нет,нет,2023,кирпичный,частично,1.651
3500000.0,24.9,нет,нет,1.0,5.0,2.7,да,нет,1986,кирпичный,без мебели,3.401
13000000.0,54.0,совмещенный,нет,2.0,5.0,2.7,нет,нет,1966,кирпичный,частично,0.132
15000000.0,41.5,совмещенный,балкон,5.0,5.0,2.7,нет,нет,1968,кирпичный,полностью,0.387
13850000.0,47.95,раздельный,нет,3.0,9.0,2.7,нет,нет,2025,кирпичный,частично,0.951
10300000.0,38.6,совмещенный,нет,3.0,5.0,2.7,нет,нет,1982,панельный,частично,3.471
15000000.0,49.4,раздельный,нет,6.0,9.0,2.7,нет,нет,2024,кирпичный,без мебели,0.756
21000000.0,80.5,раздельный,нет,2.0,5.0,2.5,нет,нет,1990,кирпичный,полностью,3.746
60000000.0,167.3,2 с/у и более,нет,5.0,5.0,3.0,нет,нет,2015,кирпичный,частично,0.778
18500000.0,60.0,совмещенный,нет,3.0,5.0,2.7,нет,нет,1982,панельный,частично,3.642
12500000.0,38.0,совмещенный,нет,1.0,5.0,2.7,нет,нет,1982,кирпичный,частично,0.592
44000000.0,147.6,раздельный,нет,1.0,2.0,2.7,нет,нет,2019,кирпичный,частично,1.474
35000000.0,77.0,совмещенный,нет,8.0,9.0,2.8,нет,нет,2022,кирпичный,полностью,2.677
25000000.0,81.2,раздельный,нет,5.0,6.0,2.7,нет,нет,1989,панельный,частично,2.296
15000000.0,80.0,раздельный,нет,1.0,10.0,2.7,нет,нет,1989,кирпичный,частично,1.822
11500000.0,34.0,раздельный,лоджия,5.0,5.0,2.7,нет,нет,1990,кирпичный,частично,3.351
80000000.0,101.6,раздельный,нет,6.0,9.0,2.8,нет,нет,2021,кирпичный,полностью,0.641
24000000.0,50.0,совмещенный,лоджия,1.0,5.0,2.8,нет,нет,2021,кирпичный,частично,1.624
33500000.0,64.0,совмещенный,нет,8.0,9.0,3.0,нет,нет,2022,кирпичный,частично,1.588
18500000.0,72.0,раздельный,лоджия,2.0,9.0,2.7,нет,нет,1993,кирпичный,частично,1.977
10000000.0,40.0,совмещенный,нет,5.0,5.0,2.7,нет,нет,1985,панельный,без мебели,3.716
18000000.0,60.0,совмещенный,нет,5.0,5.0,2.7,нет,нет,1985,кирпичный,частично,0.501
10500000.0,30.0,совмещенный,нет,5.0,5.0,2.8,нет,нет,1980,кирпичный,полностью,0.636
34000000.0,76.2,раздельный,нет,3.0,9.0,2.8,нет,В залоге,2023,кирпичный,полностью,0.478
8000000.0,36.0,совмещенный,нет,2.0,5.0,2.7,да,нет,1982,кирпичный,частично,2.131
11000000.0,38.8,совмещенный,нет,5.0,5.0,2.7,нет,нет,1987,панельный,частично,3.351
43000000.0,112.0,раздельный,нет,9.0,9.0,2.7,нет,нет,2015,кирпичный,полностью,0.587
20000000.0,69.0,раздельный,нет,7.0,9.0,2.7,нет,нет,1990,панельный,полностью,3.292
14500000.0,50.7,раздельный,нет,1.0,5.0,2.7,нет,нет,1985,панельный,полностью,3.282
17000000.0,45.4,раздельный,нет,2.0,5.0,2.7,нет,нет,2014,кирпичный,частично,4.024
13500000.0,39.0,раздельный,нет,2.0,4.0,2.7,нет,нет,1965,кирпичный,частично,1.736
18000000.0,58.0,раздельный,нет,3.0,5.0,2.7,нет,нет,1982,кирпичный,частично,3.437
16700000.0,63.6,раздельный,нет,2.0,5.0,2.5,нет,нет,1975,кирпичный,частично,4.183
13000000.0,44.9,раздельный,нет,4.0,9.0,2.7,нет,нет,2015,кирпичный,частично,2.807
3000000.0,19.0,раздельный,нет,4.0,5.0,2.5,да,нет,1989,кирпичный,частично,3.401
9500000.0,39.7,совмещенный,нет,4.0,4.0,2.7,нет,нет,1963,кирпичный,частично,2.729
11800000.0,30.0,раздельный,нет,4.0,5.0,2.7,нет,нет,1979,панельный,частично,0.448
15500000.0,50.0,совмещенный,лоджия,5.0,6.0,2.7,нет,В залоге,1978,кирпичный,частично,1.103
21500000.0,43.0,раздельный,нет,3.0,9.0,2.7,нет,В залоге,2021,кирпичный,полностью,1.407
15200000.0,52.0,совмещенный,балкон,1.0,5.0,2.6,нет,нет,1985,кирпичный,частично,1.972
9900000.0,42.0,совмещенный,нет,4.0,4.0,2.7,нет,нет,1964,кирпичный,частично,2.554
19000000.0,42.0,раздельный,нет,4.0,9.0,2.7,нет,нет,2022,кирпичный,частично,3.296
22500000.0,60.0,раздельный,нет,4.0,12.0,2.7,нет,нет,2019,кирпичный,частично,4.321
7600000.0,31.0,раздельный,нет,5.0,5.0,2.7,нет,нет,2007,кирпичный,частично,2.475
17500000.0,72.3,совмещенный,нет,1.0,5.0,2.5,да,нет,1986,панельный,частично,1.48
7000000.0,28.0,раздельный,нет,5.0,5.0,2.7,нет,нет,1987,панельный,частично,1.519
9500000.0,34.0,совмещенный,балкон,4.0,5.0,2.7,нет,нет,1970,панельный,полностью,3.72
20500000.0,58.0,раздельный,нет,1.0,9.0,2.7,нет,нет,2015,кирпичный,частично,4.042
17500000.0,58.0,раздельный,нет,5.0,5.0,2.7,нет,нет,1982,панельный,частично,0.182
20000000.0,113.0,раздельный,нет,7.0,9.0,2.7,нет,нет,2019,кирпичный,частично,4.423
16500000.0,68.0,раздельный,нет,9.0,9.0,2.7,нет,нет,1990,панельный,частично,2.677
23500000.0,85.0,раздельный,нет,4.0,5.0,2.7,нет,нет,2010,кирпичный,частично,2.505
21000000.0,63.0,раздельный,нет,2.0,6.0,2.7,нет,нет,2006,кирпичный,частично,2.46
26000000.0,68.3,раздельный,нет,3.0,5.0,2.7,нет,нет,2023,кирпичный,частично,3.491
18500000.0,69.73,раздельный,нет,3.0,9.0,2.7,нет,нет,2025,кирпичный,частично,0.951
15000000.0,49.0,раздельный,балкон,5.0,5.0,2.7,нет,нет,1991,кирпичный,частично,2.677
24500000.0,93.42,раздельный,нет,9.0,9.0,2.7,нет,нет,2025,кирпичный,частично,0.951
15000000.0,36.0,совмещенный,нет,5.0,5.0,3.0,нет,нет,2024,кирпичный,без мебели,1.73
15000000.0,30.0,совмещенный,нет,5.0,5.0,2.7,нет,нет,2024,кирпичный,без мебели,1.73
17900000.0,72.6,раздельный,нет,2.0,5.0,2.7,нет,нет,1994,кирпичный,частично,0.815
23500000.0,69.9,раздельный,нет,9.0,9.0,2.7,нет,нет,2019,кирпичный,частично,1.727
22000000.0,46.7,раздельный,нет,3.0,9.0,2.7,нет,нет,2023,кирпичный,частично,1.122
11228000.0,40.1,раздельный,нет,6.0,9.0,2.7,нет,нет,2025,кирпичный,частично,1.014
21000000.0,65.5,раздельный,нет,7.0,9.0,2.7,нет,нет,2024,кирпичный,частично,2.003
30030000.0,91.0,раздельный,нет,1.0,5.0,2.7,нет,нет,2024,кирпичный,частично,2.949
19357000.0,62.44,совмещенный,нет,5.0,5.0,2.7,нет,нет,2024,кирпичный,частично,2.949
53000000.0,99.0,совмещенный,нет,6.0,9.0,3.0,нет,нет,2021,кирпичный,полностью,1.588
14897000.0,45.14,совмещенный,нет,3.0,5.0,2.7,нет,нет,2024,кирпичный,частично,2.949
15000000.0,61.1,раздельный,нет,4.0,5.0,2.7,нет,нет,1973,кирпичный,частично,0.914
18280000.0,57.11,совмещенный,нет,4.0,5.0,2.7,нет,нет,2024,кирпичный,частично,2.949
15000000.0,61.4,раздельный,нет,4.0,5.0,2.7,нет,нет,1973,кирпичный,частично,0.914
15800000.0,35.0,совмещенный,нет,6.0,9.0,2.7,нет,нет,2022,кирпичный,без мебели,0.525
15000000.0,61.4,раздельный,нет,4.0,5.0,2.7,нет,нет,1973,кирпичный,частично,0.914
20500000.0,61.4,раздельный,нет,4.0,5.0,2.7,нет,нет,1973,кирпичный,частично,0.914
13600000.0,44.0,раздельный,нет,2.0,5.0,2.7,нет,нет,2024,кирпичный,частично,1.73
12500000.0,40.0,раздельный,нет,4.0,10.0,3.0,нет,нет,2023,кирпичный,частично,4.193
19000000.0,59.9,раздельный,нет,2.0,5.0,3.0,нет,нет,1972,кирпичный,частично,0.442
36930000.0,97.17,раздельный,нет,9.0,9.0,3.0,нет,нет,2025,кирпичный,частично,1.096
26500000.0,78.0,раздельный,нет,5.0,5.0,2.7,нет,В залоге,1977,панельный,полностью,3.703
14920000.0,39.24,совмещенный,нет,5.0,9.0,3.0,нет,нет,2025,кирпичный,частично,1.096
19524000.0,69.73,раздельный,нет,7.0,9.0,2.7,нет,нет,2025,кирпичный,частично,0.951
14500000.0,51.0,раздельный,лоджия,1.0,5.0,2.7,нет,нет,1985,панельный,частично,3.282
14500000.0,51.0,раздельный,нет,1.0,5.0,2.7,нет,нет,1990,панельный,частично,3.527
13700000.0,40.0,совмещенный,нет,4.0,5.0,2.7,нет,В залоге,1968,кирпичный,частично,0.75
14300000.0,46.0,раздельный,нет,6.0,9.0,2.7,нет,нет,2022,монолитный,частично,0.58
30500000.0,87.1,раздельный,нет,2.0,5.0,2.7,нет,нет,2014,кирпичный,частично,4.024
17500000.0,58.0,раздельный,нет,2.0,5.0,2.7,нет,нет,1979,кирпичный,частично,3.963
17131500.0,63.0,раздельный,нет,5.0,5.0,2.7,нет,нет,2024,кирпичный,частично,1.836
23500000.0,66.7,раздельный,нет,7.0,9.0,2.7,нет,нет,2019,кирпичный,частично,4.509
25000000.0,66.7,совмещенный,нет,4.0,5.0,2.7,нет,нет,2024,кирпичный,частично,1.73
31000000.0,62.0,раздельный,нет,5.0,10.0,2.7,нет,нет,2021,кирпичный,частично,1.588
18000000.0,58.0,раздельный,нет,3.0,5.0,2.7,нет,нет,1970,кирпичный,частично,0.482
16500000.0,62.0,раздельный,нет,2.0,9.0,2.7,нет,нет,2023,кирпичный,частично,4.193
33000000.0,765.0,совмещенный,нет,9.0,9.0,2.7,нет,нет,2022,кирпичный,полностью,1.599
18000000.0,42.9,совмещенный,нет,7.0,9.0,2.7,нет,нет,2021,кирпичный,полностью,3.877
10000000.0,37.0,совмещенный,нет,2.0,9.0,3.0,да,нет,1986,кирпичный,полностью,1.58
12500000.0,56.0,раздельный,нет,1.0,5.0,2.7,нет,нет,1981,кирпичный,частично,3.642
10500000.0,30.0,совмещенный,нет,5.0,5.0,2.5,нет,нет,1972,кирпичный,частично,3.798
19796000.0,70.7,раздельный,нет,6.0,9.0,2.7,нет,нет,2023,кирпичный,частично,2.624
24000000.0,76.6,раздельный,нет,5.0,10.0,2.7,нет,нет,2022,кирпичный,частично,0.756
29540000.0,105.5,раздельный,нет,7.0,9.0,2.7,нет,нет,2023,кирпичный,частично,2.624
14000000.0,45.0,раздельный,нет,1.0,9.0,2.7,нет,нет,2015,кирпичный,частично,0.978
9639000.0,35.7,раздельный,нет,2.0,5.0,2.7,нет,нет,2025,кирпичный,частично,1.675
18500000.0,64.0,раздельный,нет,3.0,5.0,2.7,нет,нет,1996,кирпичный,частично,3.552
15500000.0,51.0,раздельный,нет,3.0,5.0,2.7,нет,нет,1984,кирпичный,частично,3.32
21000000.0,75.9,раздельный,нет,2.0,5.0,2.7,нет,нет,1991,кирпичный,частично,3.401
8500000.0,50.0,совмещенный,нет,1.0,2.0,2.7,нет,нет,1966,кирпичный,частично,0.628
16000000.0,48.8,раздельный,нет,2.0,5.0,2.75,нет,В залоге,1978,кирпичный,частично,3.81
12500000.0,45.6,раздельный,нет,8.0,9.0,2.7,нет,нет,2015,кирпичный,частично,0.978
12000000.0,35.0,совмещенный,нет,1.0,5.0,2.7,нет,нет,2020,кирпичный,частично,4.193
19975000.0,42.5,раздельный,нет,4.0,6.0,2.7,нет,нет,2025,кирпичный,частично,0.907
11284000.0,40.3,раздельный,нет,3.0,9.0,2.7,нет,нет,2023,кирпичный,частично,2.624
16800000.0,45.3,раздельный,нет,8.0,9.0,2.7,нет,нет,2016,кирпичный,частично,1.079
14000000.0,53.0,раздельный,нет,2.0,4.0,2.7,нет,нет,1966,кирпичный,частично,1.673
18000000.0,65.1,раздельный,нет,1.0,9.0,2.7,нет,нет,2005,панельный,частично,1.58
21500000.0,62.0,раздельный,нет,4.0,9.0,2.7,нет,нет,2007,панельный,частично,0.696
13300000.0,50.0,раздельный,нет,1.0,5.0,2.7,нет,нет,1989,панельный,частично,3.724
11800000.0,30.0,раздельный,нет,4.0,5.0,2.7,нет,нет,1979,кирпичный,частично,0.448
17500000.0,66.0,раздельный,нет,9.0,9.0,2.7,нет,нет,1993,панельный,частично,1.977
17300000.0,67.0,раздельный,нет,5.0,6.0,2.7,нет,нет,1993,панельный,частично,3.633
17300000.0,63.0,раздельный,нет,1.0,6.0,2.7,нет,нет,1990,кирпичный,частично,2.677
14000000.0,42.0,раздельный,нет,2.0,9.0,2.7,нет,нет,2023,кирпичный,частично,0.494
15500000.0,80.0,раздельный,нет,5.0,5.0,2.7,нет,нет,1987,панельный,частично,1.748
23000000.0,68.0,раздельный,нет,3.0,6.0,2.7,нет,нет,2006,панельный,частично,2.46
15500000.0,51.0,раздельный,нет,3.0,5.0,2.7,нет,нет,1984,панельный,частично,3.32
17500000.0,58.0,раздельный,балкон,3.0,5.0,2.7,нет,нет,1987,кирпичный,частично,3.897
15500000.0,66.0,раздельный,нет,6.0,6.0,2.7,нет,нет,1987,панельный,частично,2.499
13800000.0,45.0,совмещенный,нет,5.0,9.0,2.7,нет,нет,2024,кирпичный,частично,0.711
15500000.0,61.0,раздельный,нет,1.0,5.0,2.7,нет,нет,1998,кирпичный,частично,2.677
15000000.0,51.0,раздельный,нет,1.0,6.0,2.7,нет,нет,1990,монолитный,частично,1.374
9800000.0,38.0,раздельный,балкон,5.0,5.0,2.5,нет,нет,1988,панельный,полностью,2.561
55000000.0,105.0,раздельный,нет,2.0,9.0,2.7,нет,нет,2022,кирпичный,частично,0.74
16000000.0,55.0,раздельный,нет,3.0,5.0,2.7,нет,нет,1970,кирпичный,частично,1.76
22000000.0,48.0,раздельный,нет,9.0,10.0,2.7,нет,нет,2023,кирпичный,частично,1.27
23200000.0,69.2,раздельный,нет,4.0,9.0,2.7,нет,нет,2023,кирпичный,частично,1.599
20520000.0,68.4,раздельный,нет,2.0,5.0,2.7,нет,нет,2025,кирпичный,частично,2.322
15800000.0,42.0,раздельный,нет,4.0,5.0,2.7,нет,нет,2023,кирпичный,частично,1.122
21000000.0,80.8,раздельный,нет,4.0,6.0,2.7,нет,нет,1989,панельный,частично,2.314
19964000.0,71.5,раздельный,нет,4.0,10.0,2.7,нет,нет,2023,кирпичный,частично,2.624
19000000.0,71.4,раздельный,нет,4.0,5.0,2.7,нет,нет,2023,кирпичный,частично,2.492
30884000.0,110.3,раздельный,нет,10.0,10.0,2.7,нет,нет,2023,кирпичный,частично,2.624
22500000.0,65.0,раздельный,нет,2.0,10.0,2.7,нет,нет,2022,кирпичный,частично,2.159
10000000.0,35.0,совмещенный,нет,8.0,10.0,2.7,нет,нет,2025,кирпичный,частично,0.535
12300000.0,56.0,раздельный,нет,1.0,5.0,2.7,нет,нет,1986,панельный,частично,3.642
13800000.0,50.2,раздельный,нет,5.0,5.0,2.7,нет,нет,1975,кирпичный,частично,1.414
30100000.0,107.5,раздельный,нет,10.0,10.0,2.7,нет,нет,2023,кирпичный,частично,2.624
27500000.0,80.9,раздельный,нет,5.0,6.0,2.7,нет,нет,2023,кирпичный,частично,1.884
19500000.0,61.8,раздельный,нет,3.0,5.0,2.7,нет,нет,1986,панельный,частично,2.548
16800000.0,45.3,раздельный,нет,8.0,9.0,2.7,нет,нет,2017,кирпичный,частично,1.079
17000000.0,50.4,раздельный,нет,4.0,5.0,2.7,нет,нет,1988,кирпичный,частично,0.74
29500000.0,83.0,раздельный,нет,4.0,5.0,2.7,нет,нет,2018,кирпичный,частично,1.58
14500000.0,52.0,раздельный,нет,5.0,5.0,2.7,нет,нет,1990,панельный,частично,3.527
20000000.0,79.4,раздельный,нет,1.0,5.0,2.7,нет,нет,1994,панельный,частично,2.431
15500000.0,51.5,раздельный,нет,1.0,6.0,2.7,нет,нет,1990,панельный,частично,2.379
33000000.0,72.9,совмещенный,нет,3.0,5.0,2.7,нет,нет,2014,кирпичный,полностью,1.349
26000000.0,80.0,раздельный,нет,2.0,5.0,2.7,нет,нет,2010,кирпичный,частично,3.527
24000000.0,76.4,раздельный,нет,5.0,10.0,2.7,нет,нет,2023,кирпичный,частично,1.103
17200000.0,48.0,совмещенный,нет,3.0,5.0,2.7,нет,нет,2024,кирпичный,частично,1.675
15000000.0,40.0,раздельный,нет,4.0,5.0,2.7,нет,нет,2023,кирпичный,частично,0.53
19500000.0,62.3,раздельный,нет,2.0,5.0,2.7,нет,нет,2015,кирпичный,частично,2.892
13800000.0,41.6,раздельный,нет,9.0,10.0,2.7,нет,нет,2020,кирпичный,частично,3.296
27500000.0,76.5,раздельный,нет,9.0,9.0,2.7,нет,нет,2015,кирпичный,частично,0.483
12000000.0,44.0,раздельный,нет,1.0,5.0,2.7,нет,нет,1983,панельный,частично,3.471
23500000.0,72.6,раздельный,нет,5.0,9.0,2.7,нет,нет,1990,кирпичный,частично,2.688
19000000.0,71.7,раздельный,нет,4.0,9.0,2.7,нет,нет,2023,кирпичный,частично,4.193
35000000.0,83.3,раздельный,нет,8.0,10.0,2.7,нет,нет,2022,кирпичный,частично,3.818
25500000.0,78.0,раздельный,нет,4.0,10.0,2.7,нет,нет,2016,кирпичный,частично,0.587
29540000.0,105.5,раздельный,нет,9.0,10.0,2.7,нет,нет,2023,кирпичный,частично,2.624
34500000.0,87.0,раздельный,нет,6.0,9.0,2.7,нет,В залоге,2018,кирпичный,частично,1.249
13800000.0,41.6,раздельный,нет,9.0,10.0,2.7,нет,нет,2021,кирпичный,частично,3.296
25000000.0,80.8,раздельный,нет,9.0,9.0,2.7,нет,нет,2022,кирпичный,частично,1.58
14800000.0,62.0,раздельный,нет,5.0,5.0,2.7,нет,нет,1978,кирпичный,частично,3.81
16000000.0,37.0,совмещенный,нет,7.0,10.0,2.7,нет,нет,2018,кирпичный,частично,1.363
26500000.0,65.7,раздельный,нет,4.0,5.0,2.7,нет,нет,1983,кирпичный,частично,1.884
20020000.0,72.0,раздельный,нет,8.0,10.0,2.7,нет,нет,2023,кирпичный,частично,2.624
10500000.0,36.3,раздельный,нет,5.0,12.0,2.7,нет,нет,2023,кирпичный,частично,4.193
9500000.0,36.0,раздельный,нет,6.0,6.0,2.7,нет,нет,1990,панельный,частично,1.783
17350000.0,36.0,совмещенный,нет,3.0,6.0,2.7,нет,нет,2023,кирпичный,частично,1.209
27500000.0,83.5,раздельный,нет,6.0,9.0,2.7,нет,нет,2017,панельный,частично,4.033
22800000.0,55.0,раздельный,нет,3.0,5.0,3.1,нет,нет,2022,кирпичный,полностью,1.142
38500000.0,107.1,раздельный,нет,6.0,9.0,3.0,нет,нет,2023,кирпичный,частично,2.159
17700000.0,62.0,раздельный,нет,4.0,5.0,2.7,нет,нет,2024,кирпичный,частично,1.675
33500000.0,76.5,раздельный,нет,9.0,9.0,2.7,нет,нет,2022,кирпичный,частично,1.599
27000000.0,84.0,раздельный,нет,9.0,10.0,2.75,нет,нет,2020,монолитный,полностью,3.265
16500000.0,48.0,раздельный,нет,2.0,5.0,2.7,нет,нет,2019,кирпичный,частично,4.485
21000000.0,46.0,совмещенный,нет,5.0,10.0,2.7,нет,нет,2018,кирпичный,частично,0.615
10500000.0,33.0,раздельный,нет,1.0,5.0,2.7,нет,нет,1986,кирпичный,частично,3.286
79000000.0,140.0,2 с/у и более,нет,1.0,2.0,3.0,нет,нет,2018,кирпичный,частично,1.519
29540000.0,105.5,раздельный,нет,9.0,10.0,2.7,нет,нет,2022,кирпичный,частично,2.582
35000000.0,82.0,раздельный,нет,5.0,9.0,2.7,нет,нет,2021,кирпичный,частично,3.877
19000000.0,70.0,раздельный,нет,5.0,6.0,2.7,нет,нет,1993,панельный,частично,3.527
26000000.0,60.0,раздельный,нет,2.0,9.0,2.5,нет,нет,2006,кирпичный,частично,2.677
14300000.0,42.0,раздельный,нет,6.0,9.0,2.7,нет,нет,2022,монолитный,частично,0.58
27500000.0,56.0,раздельный,нет,4.0,4.0,2.7,нет,нет,2021,кирпичный,полностью,1.615
30884000.0,110.3,раздельный,нет,9.0,10.0,2.7,нет,нет,2022,кирпичный,частично,2.582
21630000.0,56.9,совмещенный,нет,3.0,10.0,3.0,нет,нет,2024,кирпичный,частично,0.584
33500000.0,98.0,раздельный,нет,3.0,9.0,2.7,нет,В залоге,2020,кирпичный,частично,3.796
19850000.0,52.19,совмещенный,нет,5.0,10.0,3.0,нет,нет,2024,кирпичный,частично,0.584
20020000.0,71.5,раздельный,нет,8.0,10.0,2.7,нет,нет,2022,кирпичный,частично,2.582
59200000.0,114.78,раздельный,нет,6.0,12.0,2.7,нет,нет,2025,кирпичный,частично,1.051
22500000.0,63.0,раздельный,нет,3.0,5.0,2.7,нет,нет,1991,панельный,частично,3.527
12500000.0,56.0,раздельный,балкон,1.0,5.0,2.7,нет,нет,1981,панельный,частично,3.642
27600000.0,72.56,совмещенный,нет,2.0,10.0,3.0,нет,нет,2024,кирпичный,частично,0.584
18500000.0,38.7,совмещенный,лоджия,3.0,9.0,2.7,нет,нет,2022,кирпичный,полностью,4.193
12300000.0,56.0,раздельный,нет,1.0,5.0,2.7,нет,нет,1986,панельный,частично,3.436
58000000.0,109.0,раздельный,нет,4.0,10.0,2.7,нет,нет,2022,кирпичный,частично,4.193
29500000.0,76.0,раздельный,нет,5.0,9.0,2.8,нет,В залоге,2020,кирпичный,частично,1.103
28560000.0,65.2,раздельный,нет,4.0,5.0,2.7,нет,нет,1981,кирпичный,частично,0.853
9300000.0,32.0,раздельный,нет,5.0,5.0,2.7,нет,нет,1969,панельный,частично,0.861
11500000.0,39.1,раздельный,нет,2.0,9.0,2.7,нет,нет,2014,кирпичный,частично,4.276
9300000.0,58.0,раздельный,нет,1.0,4.0,2.7,нет,нет,1965,кирпичный,частично,2.714
39052000.0,150.2,раздельный,нет,2.0,7.0,3.0,нет,нет,2015,кирпичный,частично,2.129
12330000.0,41.1,раздельный,нет,2.0,5.0,2.7,нет,нет,2025,кирпичный,частично,4.193
25000000.0,59.0,совмещенный,нет,3.0,9.0,2.7,нет,нет,2022,кирпичный,полностью,1.407
13000000.0,42.0,раздельный,нет,3.0,5.0,2.7,нет,нет,1975,кирпичный,частично,0.883
10500000.0,36.8,раздельный,нет,4.0,6.0,2.7,нет,нет,1989,панельный,частично,1.961
15450000.0,51.5,раздельный,нет,3.0,5.0,2.7,нет,нет,2025,кирпичный,частично,4.193
25000000.0,64.0,раздельный,нет,1.0,5.0,2.7,нет,нет,2023,кирпичный,частично,1.122
39442000.0,151.7,раздельный,нет,5.0,7.0,3.0,нет,нет,2015,кирпичный,частично,2.129
17000000.0,37.2,раздельный,лоджия,3.0,5.0,2.7,нет,нет,2022,кирпичный,полностью,1.624
22482000.0,76.14,раздельный,нет,2.0,5.0,2.7,нет,нет,2025,кирпичный,частично,4.193
19900000.0,49.0,раздельный,нет,2.0,3.0,2.7,нет,нет,2023,кирпичный,частично,2.35
39000000.0,85.2,раздельный,нет,4.0,9.0,2.75,нет,В залоге,2022,кирпичный,полностью,0.711
35000000.0,79.0,раздельный,нет,4.0,5.0,2.7,нет,нет,1995,кирпичный,полностью,2.095
18500000.0,42.8,раздельный,нет,3.0,9.0,2.7,нет,нет,2021,кирпичный,частично,3.877
59000000.0,100.0,раздельный,нет,2.0,9.0,2.7,нет,нет,2016,кирпичный,частично,0.587
37128000.0,142.8,раздельный,нет,3.0,7.0,3.0,нет,нет,2015,кирпичный,частично,2.129
15300000.0,60.0,раздельный,нет,4.0,5.0,2.7,нет,нет,1982,панельный,частично,3.436
36478000.0,140.3,раздельный,нет,6.0,7.0,3.0,нет,нет,2015,кирпичный,без мебели,1.103
23595000.0,72.6,раздельный,нет,2.0,10.0,2.8,нет,нет,2022,кирпичный,частично,1.294
8800000.0,30.3,совмещенный,нет,4.0,4.0,2.5,нет,нет,1965,кирпичный,частично,0.722
25000000.0,72.0,раздельный,нет,9.0,9.0,2.7,нет,В залоге,1995,панельный,полностью,0.602
22500000.0,68.8,раздельный,нет,5.0,5.0,2.7,нет,нет,2021,кирпичный,частично,1.407
16500000.0,57.7,раздельный,нет,3.0,5.0,2.7,нет,нет,1977,панельный,частично,3.919
7600000.0,31.0,раздельный,нет,5.0,5.0,2.7,нет,нет,1979,кирпичный,частично,2.475
9500000.0,60.0,раздельный,нет,1.0,4.0,2.7,нет,нет,1967,панельный,частично,2.466
37128000.0,142.8,раздельный,нет,3.0,7.0,3.0,нет,нет,2015,кирпичный,без мебели,1.103
24500000.0,66.8,раздельный,нет,5.0,5.0,2.7,нет,нет,2018,кирпичный,частично,1.569
22500000.0,56.7,совмещенный,лоджия,8.0,9.0,2.7,нет,нет,2020,кирпичный,частично,3.858
45000000.0,110.6,раздельный,несколько балконов или лоджий,4.0,5.0,3.0,нет,В залоге,2022,кирпичный,частично,1.142
33500000.0,98.0,раздельный,балкон и лоджия,3.0,9.0,2.7,нет,нет,2020,кирпичный,частично,3.796
29000000.0,72.5,раздельный,нет,8.0,10.0,2.7,нет,нет,2022,кирпичный,частично,1.324
25685000.0,93.4,раздельный,нет,9.0,10.0,2.7,нет,нет,2025,кирпичный,частично,0.951
19000000.0,70.0,раздельный,нет,5.0,6.0,2.7,нет,нет,1993,панельный,частично,3.527
26500000.0,59.0,совмещенный,лоджия,3.0,9.0,2.7,нет,нет,2022,кирпичный,полностью,1.436
19000000.0,77.0,раздельный,нет,1.0,5.0,2.7,нет,нет,1984,панельный,частично,3.358
8500000.0,42.6,раздельный,нет,3.0,4.0,2.7,нет,нет,1965,кирпичный,частично,2.3
13500000.0,41.2,раздельный,лоджия,5.0,5.0,2.7,нет,нет,2018,кирпичный,частично,1.941
19500000.0,64.9,раздельный,балкон и лоджия,4.0,5.0,2.7,нет,нет,1981,кирпичный,частично,1.146
19500000.0,62.0,раздельный,балкон и лоджия,8.0,9.0,2.7,нет,нет,2007,панельный,частично,0.696
17500000.0,60.0,раздельный,балкон,2.0,5.0,2.7,нет,нет,1979,панельный,частично,3.963
18900000.0,57.4,раздельный,нет,2.0,6.0,2.7,нет,нет,1989,кирпичный,частично,1.717
23000000.0,70.0,раздельный,нет,6.0,9.0,2.7,нет,нет,1990,панельный,частично,2.469
20000000.0,51.3,раздельный,лоджия,5.0,9.0,2.7,нет,нет,2005,панельный,частично,1.845
19500000.0,45.0,совмещенный,нет,9.0,10.0,2.7,нет,нет,2023,кирпичный,полностью,1.27
13000000.0,46.8,раздельный,нет,5.0,5.0,2.7,нет,нет,1982,панельный,частично,3.818
17500000.0,56.8,раздельный,нет,3.0,5.0,2.7,нет,нет,1990,кирпичный,частично,3.527
13500000.0,41.2,раздельный,лоджия,5.0,5.0,2.7,нет,нет,2018,кирпичный,полностью,1.941
10500000.0,60.0,раздельный,нет,2.0,2.0,2.7,нет,нет,1960,кирпичный,частично,0.423
12000000.0,40.2,раздельный,нет,7.0,9.0,2.7,нет,нет,2018,кирпичный,частично,4.018
22500000.0,56.7,совмещенный,лоджия,8.0,9.0,2.7,нет,нет,2020,кирпичный,частично,3.858
14500000.0,51.0,раздельный,лоджия,5.0,5.0,2.7,нет,нет,1987,кирпичный,частично,3.724
15700000.0,52.2,раздельный,нет,2.0,9.0,2.7,нет,нет,1990,панельный,частично,3.251
27500000.0,83.5,раздельный,балкон и лоджия,6.0,9.0,2.7,нет,нет,2017,панельный,полностью,4.033
26000000.0,57.9,совмещенный,лоджия,5.0,5.0,2.7,нет,нет,2023,кирпичный,полностью,1.651
9000000.0,35.8,раздельный,нет,4.0,5.0,2.7,нет,нет,1985,кирпичный,частично,3.716
27500000.0,76.5,раздельный,несколько балконов или лоджий,9.0,9.0,2.7,нет,нет,2015,кирпичный,частично,0.483
14700000.0,62.0,раздельный,нет,2.0,5.0,2.7,нет,нет,1979,кирпичный,частично,3.471
90000000.0,300.0,раздельный,нет,1.0,3.0,3.6,нет,нет,2024,кирпичный,частично,1.19
16000000.0,58.2,раздельный,балкон,1.0,5.0,2.7,нет,нет,1980,кирпичный,частично,3.86
14500000.0,40.3,раздельный,нет,4.0,9.0,2.7,нет,нет,2014,кирпичный,частично,4.216
23500000.0,66.0,раздельный,нет,7.0,9.0,2.7,нет,нет,2004,панельный,частично,2.006
16500000.0,42.7,раздельный,нет,5.0,9.0,2.7,нет,нет,2020,кирпичный,частично,0.47
20412000.0,72.9,раздельный,нет,5.0,10.0,2.7,нет,нет,2022,кирпичный,частично,2.582
15500000.0,56.9,раздельный,нет,5.0,5.0,2.7,нет,нет,1970,кирпичный,частично,0.557
16500000.0,57.7,раздельный,балкон,3.0,5.0,2.7,нет,нет,1977,панельный,полностью,3.919
11500000.0,36.1,совмещенный,нет,2.0,9.0,2.7,нет,нет,1983,кирпичный,частично,3.071
17500000.0,60.0,раздельный,нет,5.0,5.0,2.7,нет,нет,1988,кирпичный,частично,0.74
19000000.0,70.0,раздельный,балкон,9.0,9.0,2.7,нет,нет,1991,панельный,полностью,2.891
10500000.0,29.5,раздельный,нет,5.0,5.0,2.7,нет,нет,1972,кирпичный,частично,0.959
29812500.0,112.5,раздельный,нет,4.0,5.0,2.7,нет,нет,2024,панельный,частично,4.193
16000000.0,52.0,раздельный,нет,2.0,5.0,2.7,нет,нет,1984,панельный,частично,3.697
17500000.0,66.7,раздельный,нет,7.0,9.0,2.7,нет,нет,1988,панельный,частично,2.677
23500000.0,66.7,раздельный,балкон,7.0,9.0,2.7,нет,нет,2019,кирпичный,частично,4.509
34500000.0,87.0,2 с/у и более,несколько балконов или лоджий,6.0,9.0,2.7,нет,нет,2018,кирпичный,частично,1.249
15000000.0,61.4,раздельный,нет,4.0,5.0,2.7,нет,нет,1973,кирпичный,частично,0.914
16500000.0,59.0,раздельный,нет,3.0,5.0,2.7,нет,нет,1991,панельный,частично,2.947
33912000.0,141.3,раздельный,нет,7.0,7.0,3.0,нет,нет,2015,кирпичный,частично,2.129
22880000.0,88.0,раздельный,нет,9.0,9.0,2.7,нет,нет,2024,кирпичный,частично,1.407
19000000.0,59.9,раздельный,балкон и лоджия,2.0,5.0,2.7,нет,нет,1972,кирпичный,частично,0.442
22500000.0,58.0,совмещенный,нет,9.0,9.0,2.7,нет,нет,2021,кирпичный,частично,1.067
28000000.0,83.0,раздельный,нет,3.0,6.0,2.7,нет,нет,1990,панельный,частично,1.568
20484000.0,56.9,раздельный,нет,9.0,10.0,3.0,нет,нет,2024,кирпичный,частично,0.584
17800000.0,62.0,раздельный,нет,3.0,9.0,2.7,нет,нет,2009,кирпичный,частично,2.947
26000000.0,66.0,раздельный,нет,3.0,5.0,2.5,нет,нет,1985,кирпичный,полностью,0.981
8500000.0,42.6,раздельный,нет,3.0,4.0,2.7,нет,нет,1965,кирпичный,частично,2.3
18000000.0,54.0,раздельный,нет,5.0,5.0,2.7,нет,нет,1989,панельный,частично,1.27
28000000.0,90.0,совмещенный,балкон,1.0,3.0,2.7,нет,В залоге,2017,кирпичный,частично,3.479
12300000.0,46.2,совмещенный,нет,5.0,5.0,2.8,нет,нет,2023,кирпичный,частично,1.047
17500000.0,56.8,раздельный,нет,3.0,5.0,2.7,нет,нет,1990,панельный,частично,3.527
14000000.0,43.0,совмещенный,нет,1.0,7.0,3.0,нет,нет,2015,кирпичный,без мебели,2.129
25000000.0,107.0,раздельный,нет,9.0,9.0,2.7,нет,нет,2021,кирпичный,частично,1.067
13500000.0,41.2,раздельный,нет,5.0,5.0,2.7,нет,нет,2018,кирпичный,частично,1.941
23500000.0,66.7,раздельный,балкон,7.0,9.0,2.7,нет,нет,2019,кирпичный,частично,4.509
18500000.0,60.0,раздельный,нет,9.0,9.0,2.7,нет,нет,2020,кирпичный,частично,3.265
13309000.0,46.7,раздельный,нет,4.0,5.0,2.7,нет,нет,2023,кирпичный,частично,3.491
11500000.0,39.4,раздельный,нет,2.0,9.0,2.7,нет,нет,2014,кирпичный,частично,4.276
39052000.0,150.2,раздельный,нет,2.0,7.0,3.0,нет,нет,2015,кирпичный,без мебели,1.103
19500000.0,64.9,раздельный,нет,4.0,5.0,2.7,нет,нет,1981,кирпичный,частично,1.146
36900000.0,86.0,совмещенный,нет,2.0,6.0,3.0,нет,нет,2018,кирпичный,частично,2.225
10500000.0,45.1,раздельный,нет,3.0,3.0,2.7,нет,нет,1974,панельный,частично,2.838
11800000.0,41.5,раздельный,нет,5.0,5.0,2.7,нет,нет,2023,кирпичный,частично,3.491
25500000.0,73.0,раздельный,нет,2.0,9.0,2.7,нет,нет,2024,кирпичный,частично,0.584
15300000.0,60.0,раздельный,нет,4.0,5.0,2.7,нет,нет,1982,панельный,полностью,3.471
17500000.0,35.5,раздельный,лоджия,7.0,9.0,2.7,нет,нет,2021,кирпичный,частично,0.551
21000000.0,47.2,раздельный,нет,5.0,10.0,2.7,нет,нет,2023,кирпичный,частично,1.95
26000000.0,59.0,совмещенный,лоджия,3.0,9.0,2.8,нет,нет,2022,кирпичный,частично,1.436
16000000.0,56.94,раздельный,лоджия,1.0,9.0,2.7,нет,нет,1997,панельный,частично,0.506
16000000.0,63.0,совмещенный,нет,4.0,5.0,2.8,нет,нет,1973,кирпичный,частично,0.914
33000000.0,76.3,раздельный,нет,2.0,9.0,2.7,нет,В залоге,2019,монолитный,частично,4.193
37300000.0,102.4,раздельный,нет,5.0,5.0,2.7,нет,нет,2019,кирпичный,частично,1.294
18000000.0,49.2,совмещенный,лоджия,3.0,5.0,2.7,нет,нет,2023,кирпичный,частично,3.491
19900000.0,46.0,раздельный,нет,9.0,10.0,2.7,нет,нет,2018,кирпичный,частично,1.103
25000000.0,67.0,раздельный,нет,3.0,9.0,2.7,нет,нет,2006,панельный,частично,1.955
22500000.0,56.7,раздельный,нет,8.0,9.0,2.7,нет,нет,2020,кирпичный,частично,3.858
14800000.0,44.56,раздельный,нет,2.0,5.0,2.7,нет,нет,2024,кирпичный,частично,2.677
8800000.0,30.4,раздельный,нет,1.0,5.0,2.7,нет,В залоге,1976,кирпичный,частично,3.798
10500000.0,55.0,раздельный,нет,1.0,5.0,2.7,нет,нет,1980,кирпичный,частично,3.361
13717500.0,46.5,совмещенный,нет,1.0,5.0,2.7,нет,нет,2023,кирпичный,без мебели,3.491
14500000.0,51.0,раздельный,нет,1.0,6.0,2.7,нет,нет,1990,кирпичный,частично,3.527
14500000.0,51.0,раздельный,нет,5.0,5.0,2.7,нет,нет,1987,панельный,частично,3.724
19500000.0,59.1,раздельный,нет,2.0,5.0,2.7,нет,нет,1985,иной,частично,3.63
13309500.0,46.7,совмещенный,нет,4.0,5.0,2.7,нет,нет,2023,кирпичный,без мебели,3.491
20000000.0,58.2,раздельный,нет,7.0,9.0,2.7,нет,нет,2014,кирпичный,частично,2.295
16500000.0,48.0,раздельный,нет,2.0,5.0,2.7,нет,нет,2019,кирпичный,частично,4.485
72000000.0,153.0,2 с/у и более,нет,7.0,9.0,2.7,нет,нет,2017,кирпичный,полностью,1.103
18500000.0,47.1,раздельный,нет,3.0,6.0,2.7,нет,нет,2011,кирпичный,частично,2.061
22000000.0,67.0,раздельный,нет,7.0,9.0,2.7,нет,нет,2006,панельный,частично,1.955
30000000.0,70.0,раздельный,нет,8.0,9.0,2.7,нет,нет,2021,кирпичный,частично,1.407
15000000.0,41.0,совмещенный,нет,6.0,9.0,2.7,нет,нет,2022,кирпичный,частично,3.491
9000000.0,30.0,совмещенный,нет,4.0,5.0,2.7,нет,нет,1974,кирпичный,частично,0.703
13500000.0,48.0,раздельный,нет,1.0,5.0,2.7,нет,В залоге,1984,панельный,частично,3.491
29000000.0,80.0,раздельный,нет,6.0,9.0,3.0,нет,нет,2014,кирпичный,полностью,2.159
30000000.0,105.0,раздельный,нет,1.0,9.0,2.8,нет,нет,2024,кирпичный,частично,1.17
15500000.0,56.9,раздельный,нет,5.0,5.0,2.7,нет,нет,1970,кирпичный,частично,0.557
11500000.0,44.1,раздельный,нет,5.0,5.0,2.7,нет,нет,1970,панельный,частично,0.649
16800000.0,62.0,раздельный,нет,5.0,5.0,2.8,нет,нет,1996,кирпичный,частично,2.245
27500000.0,76.5,раздельный,нет,9.0,9.0,2.7,нет,нет,2015,кирпичный,частично,0.483
7000000.0,28.0,раздельный,нет,5.0,5.0,2.7,нет,нет,1987,панельный,частично,1.519
50000000.0,180.9,совмещенный,лоджия,7.0,10.0,2.7,нет,нет,2022,кирпичный,частично,1.95
10500000.0,45.1,раздельный,нет,3.0,3.0,2.7,нет,нет,1974,панельный,частично,2.838
11000000.0,36.7,раздельный,нет,1.0,5.0,2.7,нет,нет,1990,панельный,частично,0.47
16000000.0,72.0,раздельный,нет,2.0,5.0,2.7,нет,нет,1988,иной,частично,2.309
18000000.0,67.0,совмещенный,нет,3.0,3.0,2.7,нет,нет,1990,кирпичный,полностью,3.479
9500000.0,38.8,раздельный,нет,4.0,4.0,2.7,нет,нет,1965,кирпичный,частично,2.714
11800000.0,41.47,совмещенный,нет,5.0,5.0,2.7,нет,нет,2023,кирпичный,без мебели,3.491
22500000.0,62.8,раздельный,нет,6.0,9.0,2.7,нет,нет,2018,кирпичный,частично,4.497
20900000.0,52.19,раздельный,лоджия,5.0,9.0,2.7,нет,нет,2023,кирпичный,частично,0.584
25500000.0,66.5,раздельный,нет,4.0,5.0,2.7,нет,нет,2024,кирпичный,частично,1.73
14000000.0,46.0,совмещенный,балкон,2.0,3.0,2.7,нет,нет,1974,кирпичный,частично,2.838
15300000.0,62.0,раздельный,нет,2.0,5.0,2.7,нет,нет,1979,кирпичный,частично,3.471
7000000.0,18.0,совмещенный,нет,3.0,5.0,2.7,нет,нет,1982,панельный,полностью,1.921
14700000.0,49.6,раздельный,нет,5.0,5.0,2.7,нет,нет,1977,кирпичный,частично,3.445
20000000.0,42.8,совмещенный,нет,1.0,9.0,2.7,нет,нет,2021,кирпичный,частично,3.598
25000000.0,69.0,раздельный,нет,7.0,9.0,2.7,нет,нет,2022,кирпичный,частично,1.06
23000000.0,64.0,раздельный,нет,2.0,5.0,2.7,нет,нет,2024,иной,частично,3.436
25000000.0,64.0,раздельный,нет,1.0,5.0,2.7,нет,нет,2023,кирпичный,частично,1.036
9500000.0,31.0,раздельный,нет,1.0,5.0,2.7,нет,нет,1978,кирпичный,частично,1.103
15500000.0,52.3,раздельный,нет,9.0,9.0,2.7,нет,нет,2007,кирпичный,частично,2.677
9500000.0,30.6,совмещенный,нет,1.0,5.0,2.7,нет,нет,1980,кирпичный,частично,2.205
14000000.0,49.8,раздельный,нет,4.0,5.0,2.7,нет,нет,1976,кирпичный,частично,2.23
25000000.0,75.7,раздельный,нет,4.0,6.0,2.7,нет,нет,1992,панельный,частично,1.054
20000000.0,80.0,раздельный,нет,3.0,5.0,2.7,нет,нет,1990,панельный,частично,2.228
16000000.0,43.0,совмещенный,нет,3.0,3.0,3.0,нет,нет,1971,кирпичный,частично,1.778
33800000.0,70.0,раздельный,нет,5.0,9.0,2.7,нет,нет,2022,кирпичный,частично,1.599
11500000.0,35.0,раздельный,балкон,1.0,5.0,2.7,нет,нет,1986,кирпичный,частично,2.046
29000000.0,63.0,раздельный,нет,5.0,9.0,2.7,нет,нет,2021,кирпичный,частично,3.877
22600000.0,60.0,раздельный,нет,6.0,9.0,2.7,нет,нет,2021,кирпичный,частично,3.877
23500000.0,66.0,раздельный,нет,8.0,9.0,3.0,нет,нет,2024,кирпичный,частично,1.599
13500000.0,56.4,совмещенный,нет,5.0,5.0,2.8,нет,нет,1970,кирпичный,частично,1.95
11500000.0,50.0,раздельный,нет,1.0,6.0,2.5,нет,нет,1990,монолитный,частично,1.453
16000000.0,55.0,раздельный,нет,3.0,5.0,2.7,нет,нет,1970,кирпичный,частично,1.76
17200000.0,53.9,раздельный,нет,4.0,6.0,2.7,нет,нет,1993,панельный,частично,3.633
20000000.0,60.0,раздельный,нет,3.0,5.0,2.7,нет,нет,2012,кирпичный,частично,1.58
16700000.0,61.7,совмещенный,лоджия,5.0,5.0,2.7,нет,нет,2023,кирпичный,частично,1.667
13100000.0,41.0,раздельный,нет,5.0,5.0,2.7,нет,нет,1979,кирпичный,частично,3.86
23000000.0,127.0,раздельный,нет,1.0,4.0,2.7,нет,нет,2005,кирпичный,частично,0.964
9500000.0,44.0,раздельный,нет,3.0,5.0,2.7,нет,нет,1968,кирпичный,частично,2.258
14800000.0,47.6,раздельный,лоджия,4.0,5.0,2.7,нет,нет,2024,кирпичный,частично,1.827
22000000.0,105.0,раздельный,несколько балконов или лоджий,5.0,5.0,2.7,нет,нет,1994,кирпичный,частично,2.431
22500000.0,81.0,раздельный,нет,4.0,5.0,2.7,нет,нет,1988,кирпичный,частично,2.714
26700000.0,76.2,совмещенный,лоджия,7.0,9.0,2.7,нет,нет,2023,кирпичный,частично,0.491
26500000.0,84.0,раздельный,нет,9.0,10.0,2.7,нет,нет,2024,кирпичный,частично,1.132
10000000.0,45.0,раздельный,нет,1.0,5.0,2.7,нет,нет,2015,кирпичный,частично,3.651
13000000.0,44.9,раздельный,нет,4.0,9.0,2.7,нет,нет,2015,кирпичный,частично,2.807
24250000.0,62.16,совмещенный,лоджия,2.0,9.0,2.7,нет,нет,2025,кирпичный,частично,1.096
12700000.0,47.9,совмещенный,лоджия,7.0,9.0,2.7,нет,нет,2025,кирпичный,частично,0.951
15300000.0,39.2,раздельный,лоджия,5.0,9.0,2.7,нет,нет,2025,кирпичный,частично,1.096
32000000.0,76.0,2 с/у и более,нет,4.0,9.0,2.8,нет,нет,2018,кирпичный,частично,2.677
20500000.0,75.0,раздельный,нет,6.0,6.0,2.7,нет,нет,1992,кирпичный,полностью,1.929
21000000.0,60.0,раздельный,нет,9.0,10.0,2.7,нет,нет,2021,кирпичный,частично,4.193
27900000.0,66.6,совмещенный,нет,3.0,5.0,2.7,нет,нет,2021,кирпичный,частично,1.103
20500000.0,74.0,раздельный,нет,1.0,6.0,2.7,нет,нет,1986,иной,частично,1.403
29812500.0,112.5,раздельный,нет,4.0,5.0,2.7,нет,нет,2023,панельный,частично,4.193
17500000.0,63.3,раздельный,лоджия,1.0,6.0,2.7,нет,нет,1990,кирпичный,частично,2.677
40000000.0,75.0,раздельный,нет,3.0,9.0,2.7,нет,нет,2017,кирпичный,частично,1.103
24000000.0,86.0,раздельный,нет,5.0,5.0,2.45,нет,нет,1986,кирпичный,частично,3.607
18500000.0,62.6,раздельный,нет,1.0,5.0,2.7,нет,нет,1992,панельный,частично,2.874
12000000.0,40.5,совмещенный,нет,3.0,5.0,3.0,нет,нет,2024,кирпичный,частично,1.73
20000000.0,58.0,раздельный,балкон,9.0,10.0,3.0,нет,нет,2023,кирпичный,частично,1.241
28500000.0,75.0,раздельный,нет,3.0,5.0,2.7,нет,нет,2021,кирпичный,частично,1.851
17250000.0,64.85,раздельный,лоджия,4.0,5.0,2.7,нет,нет,2024,кирпичный,частично,1.047
46500000.0,103.2,раздельный,нет,7.0,9.0,2.7,нет,нет,2022,кирпичный,частично,1.296
23500000.0,72.0,раздельный,нет,7.0,9.0,2.7,нет,нет,1991,панельный,частично,2.891
13000000.0,37.5,раздельный,нет,6.0,6.0,2.7,нет,нет,1989,панельный,полностью,2.754
17000000.0,51.9,раздельный,нет,1.0,5.0,2.75,нет,нет,1986,панельный,частично,0.47
25300000.0,74.0,раздельный,нет,3.0,5.0,2.7,нет,нет,2010,кирпичный,частично,2.947
14500000.0,59.0,раздельный,нет,2.0,5.0,2.7,нет,нет,1968,кирпичный,частично,2.14
10800000.0,50.0,раздельный,нет,5.0,5.0,2.7,нет,нет,1980,кирпичный,частично,1.143
17500000.0,66.7,раздельный,лоджия,7.0,9.0,2.7,нет,нет,1988,панельный,частично,2.677
20500000.0,84.6,раздельный,нет,3.0,5.0,2.5,нет,нет,1989,панельный,частично,2.138
22500000.0,56.7,раздельный,нет,8.0,9.0,2.7,нет,нет,2020,кирпичный,частично,3.858
10500000.0,39.0,раздельный,нет,5.0,6.0,2.7,нет,нет,1989,панельный,частично,2.726
15500000.0,57.0,раздельный,нет,5.0,5.0,2.7,нет,нет,1972,кирпичный,частично,0.959
22500000.0,60.0,раздельный,нет,2.0,5.0,2.7,нет,нет,1994,кирпичный,частично,3.527
14900000.0,43.14,раздельный,лоджия,1.0,9.0,2.7,нет,нет,2024,кирпичный,частично,2.677
10000000.0,31.9,совмещенный,нет,3.0,4.0,2.7,нет,нет,1967,панельный,частично,2.466
16500000.0,52.0,раздельный,нет,5.0,5.0,2.7,нет,нет,1984,панельный,частично,3.697
31000000.0,88.0,раздельный,балкон и лоджия,2.0,5.0,2.7,нет,нет,2016,кирпичный,частично,2.914
22500000.0,67.0,раздельный,нет,2.0,9.0,2.7,нет,нет,1988,панельный,частично,2.315
21200000.0,77.0,раздельный,лоджия,1.0,5.0,2.7,нет,нет,2024,кирпичный,частично,1.73
37500000.0,87.0,2 с/у и более,нет,7.0,9.0,3.0,нет,нет,2018,кирпичный,полностью,0.602
8700000.0,32.0,раздельный,нет,3.0,3.0,2.8,нет,нет,1973,кирпичный,частично,2.768
29500000.0,88.0,совмещенный,нет,1.0,9.0,2.7,нет,В залоге,2015,кирпичный,частично,2.807
15500000.0,60.0,раздельный,нет,3.0,5.0,2.7,нет,нет,1982,кирпичный,частично,3.437
18000000.0,66.5,раздельный,лоджия,5.0,5.0,2.7,нет,нет,2024,кирпичный,частично,1.73
18500000.0,63.5,раздельный,нет,6.0,9.0,2.7,нет,В залоге,1984,кирпичный,частично,1.58
13500000.0,40.0,раздельный,нет,7.0,9.0,2.7,нет,нет,2020,кирпичный,частично,4.018
23500000.0,70.0,раздельный,нет,9.0,10.0,2.7,нет,нет,2019,кирпичный,частично,1.727
21500000.0,62.0,раздельный,балкон и лоджия,4.0,9.0,2.7,нет,нет,2007,панельный,частично,0.696
23500000.0,52.6,совмещенный,нет,5.0,5.0,2.7,нет,нет,2020,кирпичный,полностью,1.615
16900000.0,41.5,совмещенный,лоджия,2.0,9.0,2.7,нет,нет,2023,кирпичный,частично,1.58
16000000.0,63.0,раздельный,нет,5.0,5.0,2.7,нет,нет,1984,панельный,частично,3.358
18000000.0,62.6,раздельный,нет,1.0,5.0,2.7,нет,нет,1992,панельный,частично,2.874
12900000.0,37.8,совмещенный,нет,2.0,9.0,2.7,нет,нет,2023,кирпичный,частично,2.677
12500000.0,37.0,раздельный,нет,3.0,6.0,2.7,нет,нет,1990,иной,частично,2.84
9800000.0,30.0,раздельный,нет,3.0,4.0,2.7,нет,нет,1966,кирпичный,частично,0.221
20800000.0,62.9,совмещенный,нет,2.0,9.0,2.7,нет,нет,2023,кирпичный,частично,2.677
21500000.0,68.0,раздельный,балкон,2.0,9.0,2.7,нет,нет,1990,панельный,частично,2.677
13000000.0,45.0,раздельный,нет,4.0,9.0,2.7,нет,нет,2015,кирпичный,частично,2.807
13000000.0,36.0,раздельный,нет,5.0,6.0,2.7,нет,нет,1988,панельный,частично,0.371
30150000.0,91.7,совмещенный,нет,8.0,9.0,2.7,нет,нет,2023,кирпичный,частично,2.677
19500000.0,60.0,раздельный,нет,4.0,5.0,2.7,нет,нет,1986,кирпичный,частично,1.167
20500000.0,65.9,совмещенный,нет,1.0,9.0,2.7,нет,нет,2015,монолитный,частично,2.807
17500000.0,60.7,раздельный,нет,4.0,5.0,2.7,нет,нет,1990,кирпичный,частично,3.351
12400000.0,38.73,совмещенный,лоджия,4.0,9.0,2.7,нет,нет,2024,кирпичный,частично,1.324
27500000.0,88.0,раздельный,несколько балконов или лоджий,6.0,9.0,2.7,нет,нет,2017,кирпичный,частично,3.527
16000000.0,50.0,раздельный,нет,2.0,5.0,2.7,нет,нет,1970,кирпичный,частично,0.494
19500000.0,86.0,совмещенный,нет,5.0,5.0,2.7,нет,нет,1988,кирпичный,частично,2.765
22500000.0,74.0,раздельный,нет,3.0,9.0,2.7,нет,В залоге,1993,панельный,частично,2.677
18500000.0,72.0,раздельный,нет,5.0,6.0,2.7,нет,нет,1990,панельный,частично,3.614
11500000.0,44.0,раздельный,нет,5.0,5.0,2.8,нет,нет,1980,кирпичный,частично,1.469
18000000.0,67.0,раздельный,нет,8.0,9.0,2.7,нет,нет,1990,кирпичный,частично,2.688
16000000.0,60.0,раздельный,нет,4.0,5.0,2.7,нет,нет,1979,панельный,частично,3.86
14000000.0,45.0,совмещенный,нет,3.0,5.0,2.7,нет,нет,1979,панельный,частично,0.448
19000000.0,48.0,совмещенный,нет,9.0,10.0,2.9,нет,нет,2021,кирпичный,частично,1.119
15400000.0,58.0,раздельный,нет,5.0,5.0,2.7,нет,нет,1970,кирпичный,частично,1.808
14500000.0,61.0,раздельный,нет,2.0,2.0,2.7,нет,нет,1973,кирпичный,частично,0.736
11500000.0,41.0,совмещенный,нет,2.0,3.0,2.7,нет,нет,1974,кирпичный,частично,2.51
15500000.0,68.0,раздельный,нет,5.0,5.0,2.5,нет,нет,1989,панельный,частично,2.138
20000000.0,60.0,раздельный,нет,8.0,9.0,2.8,нет,нет,1990,панельный,частично,2.624
17600000.0,76.0,раздельный,нет,5.0,5.0,2.7,нет,нет,1986,кирпичный,частично,3.286
19500000.0,62.0,раздельный,нет,2.0,5.0,2.7,нет,нет,1987,панельный,частично,0.47
25000000.0,60.0,раздельный,нет,2.0,9.0,2.7,нет,нет,2007,кирпичный,частично,2.677
19500000.0,61.5,совмещенный,нет,5.0,5.0,2.7,нет,нет,2024,кирпичный,частично,1.675
14500000.0,43.0,раздельный,нет,4.0,9.0,2.7,нет,нет,2017,кирпичный,частично,3.527
12000000.0,52.0,раздельный,нет,5.0,5.0,2.7,да,нет,1988,панельный,полностью,2.309
18500000.0,60.0,раздельный,нет,4.0,5.0,2.7,нет,нет,1980,панельный,частично,1.73
12200000.0,60.0,раздельный,нет,1.0,5.0,2.0,нет,нет,1973,панельный,частично,0.538
19000000.0,80.0,раздельный,нет,5.0,5.0,2.7,нет,нет,1987,кирпичный,частично,3.607
18500000.0,82.0,раздельный,нет,2.0,5.0,2.7,нет,нет,1975,кирпичный,частично,3.801
11500000.0,45.0,совмещенный,нет,5.0,5.0,2.5,нет,нет,1972,панельный,частично,3.928
10800000.0,52.5,раздельный,нет,5.0,5.0,2.7,нет,нет,1979,кирпичный,частично,4.337
14500000.0,63.0,раздельный,нет,5.0,5.0,2.7,нет,нет,1976,кирпичный,частично,1.143
16500000.0,70.0,раздельный,нет,4.0,6.0,2.7,нет,нет,1990,панельный,частично,2.624
15000000.0,52.0,совмещенный,нет,2.0,4.0,2.0,нет,нет,1973,кирпичный,частично,2.234
12000000.0,51.0,раздельный,нет,3.0,5.0,2.7,нет,нет,1978,кирпичный,частично,1.154
19500000.0,77.0,раздельный,нет,4.0,5.0,2.7,нет,нет,1988,кирпичный,частично,1.407
12500000.0,40.0,раздельный,нет,2.0,5.0,2.5,нет,нет,1972,кирпичный,частично,3.868
18000000.0,60.0,раздельный,нет,4.0,5.0,2.7,нет,нет,1986,кирпичный,частично,3.429
17000000.0,43.0,совмещенный,балкон,3.0,4.0,2.6,нет,нет,2018,кирпичный,частично,0.942
13000000.0,51.0,раздельный,нет,9.0,9.0,2.7,нет,нет,2007,кирпичный,частично,2.677
11000000.0,37.0,совмещенный,нет,3.0,5.0,2.7,нет,нет,1970,иной,частично,0.649
15500000.0,60.0,раздельный,нет,2.0,5.0,2.7,нет,нет,1972,кирпичный,частично,1.612
14000000.0,45.0,совмещенный,нет,5.0,5.0,2.7,нет,нет,2020,кирпичный,частично,1.352
15000000.0,60.0,совмещенный,нет,1.0,5.0,2.7,нет,нет,1975,кирпичный,частично,1.387
15500000.0,42.0,совмещенный,нет,6.0,9.0,2.7,нет,нет,2022,кирпичный,без мебели,3.858
15000000.0,62.0,раздельный,нет,5.0,5.0,2.7,нет,нет,1975,кирпичный,частично,3.801
12500000.0,50.0,совмещенный,нет,5.0,6.0,2.5,нет,нет,1978,кирпичный,частично,1.154
12000000.0,40.0,совмещенный,нет,3.0,5.0,2.7,нет,нет,1973,кирпичный,частично,2.081
11800000.0,41.47,раздельный,лоджия,5.0,5.0,2.7,нет,нет,2023,кирпичный,частично,3.491
29500000.0,83.0,раздельный,нет,4.0,5.0,2.7,нет,нет,2017,кирпичный,частично,1.58
11500000.0,39.4,раздельный,нет,2.0,9.0,2.7,нет,нет,2014,кирпичный,частично,4.276
29500000.0,83.0,раздельный,нет,4.0,5.0,2.7,нет,нет,2018,кирпичный,частично,2.038
20000000.0,58.0,раздельный,нет,7.0,9.0,2.7,нет,нет,2014,кирпичный,частично,2.295
25500000.0,66.5,совмещенный,нет,4.0,5.0,2.7,нет,нет,2024,кирпичный,частично,1.73
16000000.0,62.0,раздельный,нет,5.0,5.0,2.7,нет,нет,1988,кирпичный,частично,3.817
16500000.0,52.0,раздельный,нет,5.0,5.0,2.7,нет,нет,1990,панельный,полностью,0.185
34000000.0,92.0,2 с/у и более,нет,6.0,9.0,28.0,нет,нет,2018,кирпичный,частично,1.249
15000000.0,70.0,раздельный,нет,4.0,5.0,2.7,нет,нет,1973,кирпичный,частично,0.914
22500000.0,57.0,раздельный,нет,8.0,9.0,2.7,нет,нет,2020,кирпичный,частично,3.858
23500000.0,74.1,раздельный,нет,4.0,5.0,2.7,нет,нет,1985,кирпичный,частично,3.607
11000000.0,36.7,совмещенный,нет,1.0,5.0,2.7,нет,нет,1990,панельный,частично,2.677
18000000.0,65.5,раздельный,нет,4.0,9.0,2.7,нет,нет,1996,панельный,частично,1.85
30000000.0,88.0,совмещенный,нет,6.0,6.0,2.7,нет,нет,2016,кирпичный,частично,0.451
14500000.0,51.0,раздельный,нет,5.0,5.0,2.7,нет,нет,1987,панельный,частично,3.724
14500000.0,63.0,раздельный,нет,5.0,5.0,2.8,нет,нет,1980,панельный,частично,3.792
18000000.0,49.2,раздельный,нет,3.0,5.0,2.7,нет,нет,2023,кирпичный,частично,3.491
23500000.0,79.0,раздельный,нет,4.0,5.0,2.7,нет,нет,1984,панельный,частично,3.286
11500000.0,48.0,раздельный,нет,5.0,5.0,2.7,нет,нет,1970,панельный,частично,0.649
35000000.0,77.0,совмещенный,нет,8.0,9.0,2.7,нет,нет,2022,кирпичный,частично,2.677
10000000.0,34.6,раздельный,нет,2.0,5.0,2.7,нет,нет,1980,кирпичный,частично,3.437
18500000.0,62.1,раздельный,лоджия,2.0,5.0,2.7,нет,нет,1993,кирпичный,частично,1.755
13500000.0,49.0,совмещенный,нет,4.0,5.0,2.5,нет,нет,1974,кирпичный,полностью,1.143
16000000.0,49.9,раздельный,нет,1.0,6.0,2.5,нет,нет,1990,панельный,частично,3.749
23000000.0,70.0,раздельный,нет,4.0,6.0,2.7,нет,нет,1990,панельный,частично,3.527
11900000.0,40.0,совмещенный,лоджия,5.0,5.0,2.7,нет,нет,2024,кирпичный,частично,1.73
16500000.0,54.4,раздельный,нет,5.0,5.0,2.5,нет,нет,1986,панельный,частично,3.49
17500000.0,79.0,раздельный,нет,5.0,5.0,2.7,нет,нет,1979,кирпичный,частично,3.613
19500000.0,45.2,совмещенный,нет,11.0,13.0,2.7,нет,нет,2022,монолитный,полностью,3.932
18000000.0,59.3,раздельный,нет,5.0,5.0,2.7,нет,нет,1973,кирпичный,частично,2.276
22500000.0,67.3,раздельный,нет,4.0,6.0,2.7,нет,нет,1993,панельный,частично,2.109
13500000.0,60.0,раздельный,нет,3.0,5.0,2.7,нет,нет,1976,кирпичный,частично,3.798
10300000.0,33.0,раздельный,нет,5.0,5.0,2.7,нет,нет,1983,кирпичный,частично,1.264
16500000.0,60.0,раздельный,нет,2.0,5.0,2.7,нет,нет,1990,кирпичный,частично,3.746
29000000.0,92.0,раздельный,нет,4.0,9.0,2.7,нет,нет,2023,кирпичный,без мебели,4.028
23040000.0,76.8,раздельный,нет,1.0,5.0,2.7,нет,нет,2024,кирпичный,частично,1.73
22000000.0,68.0,раздельный,нет,6.0,9.0,2.7,нет,нет,1990,панельный,полностью,0.47
20500000.0,60.0,раздельный,нет,8.0,9.0,2.5,нет,нет,1993,панельный,полностью,3.515
12000000.0,40.0,раздельный,нет,7.0,9.0,2.7,нет,нет,2018,панельный,частично,4.018
17500000.0,60.1,раздельный,нет,3.0,5.0,2.7,нет,нет,1991,кирпичный,частично,3.817
19500000.0,64.9,раздельный,нет,4.0,5.0,2.7,нет,нет,1981,кирпичный,частично,1.146
17500000.0,76.0,раздельный,нет,4.0,6.0,2.5,нет,нет,1987,панельный,полностью,3.491
16500000.0,77.7,раздельный,нет,5.0,5.0,2.7,нет,нет,1976,кирпичный,частично,2.475
18500000.0,68.0,раздельный,нет,6.0,6.0,2.7,нет,нет,1994,панельный,частично,1.043
15500000.0,60.0,раздельный,лоджия,5.0,6.0,2.8,нет,нет,1990,панельный,полностью,1.331
16500000.0,65.0,раздельный,нет,5.0,5.0,2.7,нет,нет,1992,панельный,частично,3.527
15000000.0,53.0,раздельный,нет,5.0,6.0,2.62,нет,нет,1990,панельный,частично,2.784
23500000.0,75.0,раздельный,нет,5.0,12.0,2.7,нет,нет,2019,монолитный,частично,4.321
13500000.0,41.2,раздельный,нет,5.0,5.0,2.7,нет,нет,2018,кирпичный,частично,1.941
7600000.0,70.0,совмещенный,нет,1.0,1.0,2.7,нет,нет,1989,кирпичный,частично,4.154
15500000.0,55.0,раздельный,лоджия,2.0,6.0,2.7,нет,нет,1990,панельный,частично,2.816
60000000.0,150.0,2 с/у и более,нет,2.0,10.0,2.7,нет,нет,2021,кирпичный,полностью,0.462
15400000.0,60.0,раздельный,нет,4.0,5.0,2.7,нет,нет,1986,кирпичный,частично,3.491
15900000.0,58.0,раздельный,нет,2.0,5.0,2.7,нет,нет,1980,кирпичный,частично,3.401
18400000.0,60.0,раздельный,нет,5.0,6.0,2.7,нет,нет,1989,кирпичный,частично,0.931
9300000.0,30.0,совмещенный,нет,3.0,4.0,2.5,нет,нет,1966,кирпичный,частично,1.435
9400000.0,36.0,совмещенный,лоджия,4.0,5.0,2.7,нет,нет,1978,панельный,полностью,3.901
17500000.0,56.8,раздельный,нет,3.0,5.0,2.7,нет,нет,1990,монолитный,частично,3.527
9900000.0,42.0,раздельный,нет,5.0,5.0,2.7,нет,нет,1970,кирпичный,частично,1.103
12400000.0,42.0,раздельный,нет,2.0,5.0,2.7,нет,нет,1970,кирпичный,частично,1.103
7800000.0,28.4,совмещенный,балкон,2.0,2.0,2.7,нет,нет,1965,кирпичный,частично,2.668
13800000.0,30.0,совмещенный,лоджия,3.0,9.0,2.7,нет,нет,2016,кирпичный,частично,1.079
16500000.0,68.0,раздельный,нет,6.0,6.0,2.7,нет,нет,1993,панельный,частично,1.043
12900000.0,41.0,раздельный,нет,4.0,5.0,2.7,нет,нет,2011,кирпичный,частично,3.527
32000000.0,90.0,раздельный,несколько балконов или лоджий,4.0,5.0,2.7,нет,нет,2018,кирпичный,полностью,4.103
50000000.0,104.0,раздельный,нет,7.0,9.0,2.7,нет,нет,2019,кирпичный,частично,0.524
39000000.0,120.0,2 с/у и более,нет,4.0,4.0,2.8,нет,нет,2006,кирпичный,частично,1.103
15000000.0,58.8,раздельный,нет,4.0,5.0,2.7,нет,нет,1968,панельный,частично,0.365
14500000.0,62.5,раздельный,нет,2.0,5.0,2.7,нет,нет,1979,кирпичный,частично,4.337
22500000.0,60.0,совмещенный,несколько балконов или лоджий,5.0,9.0,2.7,нет,нет,2021,кирпичный,частично,4.193
10500000.0,52.0,раздельный,балкон,5.0,5.0,2.7,нет,нет,1981,панельный,частично,3.436
17400000.0,66.0,раздельный,нет,7.0,9.0,2.7,нет,нет,1990,панельный,частично,2.726
2700000.0,14.0,раздельный,нет,3.0,5.0,2.7,нет,нет,1978,кирпичный,частично,3.651
19000000.0,62.0,раздельный,нет,5.0,5.0,2.7,нет,нет,1988,кирпичный,частично,1.597
10500000.0,55.0,раздельный,нет,1.0,5.0,2.7,нет,нет,1980,панельный,частично,3.361
19000000.0,67.7,раздельный,нет,5.0,6.0,2.7,нет,нет,1989,панельный,частично,2.228
8500000.0,42.6,раздельный,нет,3.0,4.0,2.7,нет,нет,1965,кирпичный,частично,2.3
16000000.0,57.6,раздельный,нет,5.0,5.0,2.6,нет,нет,2012,кирпичный,полностью,3.751
12500000.0,56.0,раздельный,нет,1.0,5.0,2.7,нет,нет,1981,панельный,частично,3.642
43000000.0,93.0,раздельный,нет,9.0,10.0,2.7,нет,нет,2023,кирпичный,частично,0.483
14000000.0,41.4,раздельный,нет,2.0,4.0,2.7,нет,нет,1966,кирпичный,частично,2.078
10500000.0,40.0,совмещенный,нет,5.0,5.0,2.7,нет,нет,1971,кирпичный,частично,1.241
52000000.0,103.0,раздельный,нет,8.0,9.0,2.8,нет,нет,2020,кирпичный,полностью,0.524
22500000.0,63.0,раздельный,нет,6.0,9.0,2.7,нет,нет,2019,кирпичный,частично,4.497
19000000.0,63.1,раздельный,несколько балконов или лоджий,1.0,5.0,2.75,нет,В залоге,2015,кирпичный,частично,4.193
39000000.0,110.0,раздельный,лоджия,1.0,5.0,2.8,нет,нет,2015,кирпичный,частично,1.349
18800000.0,59.0,раздельный,нет,2.0,5.0,2.7,нет,нет,1990,панельный,частично,0.577
14500000.0,57.0,совмещенный,нет,4.0,4.0,2.7,нет,нет,1972,кирпичный,частично,0.137
20500000.0,69.0,раздельный,нет,2.0,9.0,2.7,нет,В залоге,2005,панельный,частично,2.378
7400000.0,40.0,раздельный,нет,3.0,5.0,2.7,да,нет,1984,кирпичный,без мебели,1.84
13900000.0,52.2,совмещенный,нет,2.0,4.0,2.6,нет,нет,2004,кирпичный,частично,0.916
14500000.0,51.0,раздельный,нет,5.0,5.0,2.7,нет,нет,1994,панельный,частично,2.393
15000000.0,52.0,раздельный,нет,3.0,5.0,2.5,нет,нет,1986,кирпичный,полностью,3.491
10500000.0,39.0,совмещенный,нет,1.0,6.0,2.5,да,нет,1988,панельный,без мебели,1.873
29000000.0,65.0,раздельный,лоджия,3.0,5.0,2.7,нет,нет,2017,кирпичный,частично,2.038
19500000.0,58.0,раздельный,нет,5.0,5.0,2.7,нет,нет,1984,кирпичный,частично,0.931
18000000.0,52.3,раздельный,нет,4.0,9.0,2.5,нет,нет,1994,панельный,полностью,3.491
29500000.0,83.0,совмещенный,балкон и лоджия,4.0,5.0,2.7,нет,нет,2018,кирпичный,частично,1.58
48500000.0,118.0,раздельный,нет,6.0,9.0,2.7,нет,нет,2017,кирпичный,частично,0.564
18500000.0,70.0,раздельный,нет,1.0,6.0,2.7,нет,нет,1992,панельный,частично,2.109
22000000.0,45.0,раздельный,нет,5.0,9.0,2.7,нет,нет,2023,кирпичный,частично,1.436
21700000.0,66.0,раздельный,нет,1.0,5.0,3.0,нет,нет,2023,кирпичный,частично,1.73
19500000.0,44.3,совмещенный,нет,3.0,9.0,2.7,нет,нет,2021,кирпичный,частично,1.181
38900000.0,110.0,раздельный,балкон и лоджия,2.0,6.0,2.8,нет,нет,2016,кирпичный,частично,1.349
4400000.0,20.0,совмещенный,нет,3.0,3.0,2.7,да,нет,1992,кирпичный,частично,2.688
14500000.0,36.6,раздельный,нет,2.0,6.0,2.5,нет,нет,1989,кирпичный,полностью,1.961
13500000.0,45.0,совмещенный,балкон,3.0,5.0,2.7,нет,нет,1980,иной,частично,1.094
53000000.0,109.9,2 с/у и более,нет,7.0,10.0,2.7,нет,нет,2022,кирпичный,полностью,2.726
8500000.0,45.0,раздельный,нет,3.0,4.0,2.7,нет,нет,1965,кирпичный,частично,2.3
15000000.0,40.0,раздельный,нет,4.0,5.0,2.7,нет,нет,2023,кирпичный,частично,0.53
13500000.0,41.0,раздельный,нет,5.0,5.0,2.7,нет,нет,2018,кирпичный,частично,1.941
15800000.0,42.0,раздельный,нет,4.0,5.0,2.7,нет,нет,2023,кирпичный,частично,1.036
11000000.0,30.0,раздельный,нет,3.0,5.0,2.7,нет,нет,1974,кирпичный,частично,1.143
16000000.0,37.4,совмещенный,нет,3.0,5.0,2.8,нет,В залоге,2023,кирпичный,полностью,1.072
25000000.0,55.0,раздельный,нет,7.0,9.0,3.0,нет,нет,2022,кирпичный,полностью,2.45
30500000.0,96.0,раздельный,нет,5.0,5.0,2.7,нет,нет,2011,кирпичный,частично,0.306
22000000.0,71.0,раздельный,нет,4.0,9.0,2.5,нет,нет,1994,панельный,полностью,3.237
16500000.0,58.9,раздельный,лоджия,5.0,5.0,2.7,нет,нет,1989,кирпичный,частично,3.491
16500000.0,56.0,раздельный,нет,1.0,9.0,2.7,нет,нет,1991,панельный,частично,2.891
27000000.0,62.0,совмещенный,нет,5.0,9.0,2.7,нет,нет,2022,кирпичный,частично,1.477
7500000.0,31.9,раздельный,нет,1.0,2.0,2.7,нет,нет,1965,кирпичный,частично,2.668
18500000.0,56.8,раздельный,нет,4.0,9.0,2.7,нет,нет,2023,кирпичный,без мебели,0.775
11500000.0,44.1,раздельный,нет,5.0,5.0,2.7,нет,нет,1970,кирпичный,частично,0.649
17000000.0,84.0,раздельный,нет,1.0,5.0,2.7,нет,нет,2023,кирпичный,частично,4.193
28500000.0,78.2,раздельный,нет,8.0,9.0,2.75,нет,нет,2015,кирпичный,полностью,4.193
28000000.0,66.2,раздельный,нет,1.0,9.0,2.8,нет,нет,2022,кирпичный,частично,0.947
9500000.0,36.0,раздельный,нет,6.0,6.0,2.7,нет,нет,1990,кирпичный,частично,1.783
8300000.0,31.4,раздельный,нет,2.0,3.0,2.7,нет,нет,1960,кирпичный,частично,1.99
62000000.0,120.0,раздельный,несколько балконов или лоджий,7.0,10.0,2.8,нет,нет,2020,кирпичный,частично,0.753
23000000.0,68.7,раздельный,нет,5.0,5.0,2.7,нет,нет,1998,кирпичный,частично,2.677
50000000.0,96.0,раздельный,нет,9.0,9.0,2.7,нет,нет,2020,кирпичный,полностью,3.33
16000000.0,40.0,совмещенный,нет,8.0,9.0,2.7,нет,нет,2019,кирпичный,полностью,1.727
16500000.0,50.0,раздельный,нет,2.0,5.0,2.7,нет,нет,2019,кирпичный,частично,4.485
27000000.0,84.0,раздельный,нет,9.0,9.0,2.7,нет,нет,2021,панельный,частично,3.265
12700000.0,45.0,раздельный,нет,4.0,5.0,2.7,нет,нет,2024,кирпичный,частично,2.726
15500000.0,60.0,раздельный,нет,3.0,5.0,2.7,нет,нет,1974,панельный,частично,3.348
13000000.0,52.0,совмещенный,нет,2.0,4.0,2.7,нет,нет,1973,кирпичный,частично,2.234
22000000.0,74.7,раздельный,лоджия,3.0,5.0,2.7,нет,В залоге,1988,кирпичный,частично,1.537
15500000.0,51.5,раздельный,нет,1.0,6.0,2.7,нет,нет,1990,панельный,частично,2.379
25000000.0,66.0,раздельный,нет,1.0,9.0,2.7,нет,В залоге,2018,кирпичный,частично,1.363
25500000.0,66.7,раздельный,нет,4.0,5.0,2.7,нет,нет,2024,кирпичный,частично,1.73
22000000.0,53.2,раздельный,нет,6.0,10.0,2.7,нет,нет,1991,кирпичный,полностью,0.63
10500000.0,37.0,раздельный,нет,4.0,6.0,2.7,нет,нет,1989,панельный,частично,1.961
18500000.0,56.4,раздельный,нет,5.0,5.0,2.7,нет,нет,1980,кирпичный,частично,3.436
13000000.0,42.0,раздельный,нет,2.0,9.0,2.7,нет,нет,2023,кирпичный,частично,4.193
9500000.0,35.0,раздельный,нет,1.0,5.0,2.7,нет,нет,1980,кирпичный,частично,1.972
23500000.0,52.5,совмещенный,нет,2.0,9.0,2.7,нет,нет,2022,кирпичный,полностью,1.296
16000000.0,60.0,раздельный,нет,1.0,5.0,2.7,нет,нет,1980,кирпичный,частично,3.86
10500000.0,33.2,совмещенный,нет,2.0,3.0,2.7,нет,нет,1965,кирпичный,полностью,0.672
13800000.0,50.0,раздельный,балкон,3.0,9.0,2.7,нет,нет,1984,кирпичный,частично,3.071
14000000.0,40.0,раздельный,нет,7.0,9.0,2.7,нет,нет,2017,панельный,без мебели,4.033
45000000.0,92.0,раздельный,нет,4.0,9.0,2.7,нет,нет,2020,кирпичный,полностью,1.58
11500000.0,30.0,совмещенный,нет,4.0,5.0,2.7,нет,нет,1979,панельный,полностью,0.448
27500000.0,76.5,раздельный,нет,9.0,9.0,2.7,нет,нет,2015,кирпичный,частично,0.483
13500000.0,42.7,раздельный,нет,1.0,5.0,2.7,нет,нет,1974,кирпичный,частично,2.111
11000000.0,33.1,совмещенный,балкон,4.0,5.0,2.5,нет,нет,1986,кирпичный,частично,3.322
15000000.0,52.8,совмещенный,нет,9.0,10.0,2.7,нет,нет,2021,кирпичный,частично,0.494
13000000.0,55.0,раздельный,нет,2.0,5.0,2.7,нет,нет,1966,кирпичный,частично,0.132
11500000.0,36.1,раздельный,нет,2.0,9.0,2.7,нет,нет,1983,панельный,частично,3.071
26000000.0,58.0,раздельный,нет,5.0,5.0,2.7,нет,нет,2023,кирпичный,частично,1.651
12500000.0,54.0,раздельный,балкон,1.0,5.0,2.7,нет,нет,1981,панельный,частично,3.642
21000000.0,65.0,раздельный,нет,7.0,9.0,2.7,нет,нет,2024,кирпичный,частично,2.003
18000000.0,49.2,раздельный,нет,3.0,5.0,2.7,нет,нет,2023,кирпичный,частично,3.491
18500000.0,66.4,раздельный,нет,9.0,9.0,2.7,нет,нет,1983,панельный,частично,3.071
7500000.0,36.0,раздельный,нет,2.0,5.0,2.7,нет,нет,1982,кирпичный,частично,2.131
30000000.0,81.0,раздельный,нет,6.0,9.0,2.7,нет,нет,2022,кирпичный,частично,3.839
26500000.0,86.2,раздельный,нет,7.0,12.0,2.7,нет,нет,2018,кирпичный,частично,4.321
11300000.0,35.6,раздельный,нет,6.0,9.0,2.7,нет,нет,1989,панельный,частично,2.315
10500000.0,45.1,раздельный,нет,3.0,3.0,2.7,нет,нет,1974,кирпичный,частично,2.838
14500000.0,41.2,раздельный,лоджия,1.0,5.0,2.8,нет,нет,2018,кирпичный,частично,1.58
22500000.0,67.4,раздельный,нет,4.0,6.0,2.7,нет,нет,1993,панельный,частично,2.109
20000000.0,63.3,раздельный,нет,4.0,6.0,2.7,нет,нет,1992,кирпичный,частично,1.929
26000000.0,57.9,раздельный,нет,5.0,5.0,2.7,нет,нет,2023,кирпичный,частично,1.651
15999999.0,60.0,раздельный,нет,4.0,5.0,2.7,нет,нет,1980,кирпичный,частично,3.422
15000000.0,41.2,совмещенный,балкон,7.0,9.0,2.7,нет,В залоге,2015,кирпичный,частично,4.193
12500000.0,55.0,раздельный,нет,1.0,5.0,2.7,нет,нет,1981,кирпичный,частично,3.642
16600000.0,52.0,совмещенный,нет,4.0,9.0,2.7,нет,нет,1988,панельный,полностью,2.677
12500000.0,56.0,раздельный,балкон,1.0,5.0,2.7,нет,нет,1981,кирпичный,частично,3.642
12000000.0,40.0,раздельный,лоджия,5.0,5.0,2.7,нет,нет,2024,кирпичный,частично,1.827
59000000.0,100.0,раздельный,нет,2.0,9.0,2.7,нет,нет,2016,кирпичный,частично,0.587
20500000.0,80.0,раздельный,нет,4.0,5.0,2.7,нет,нет,1984,панельный,частично,3.436
13500000.0,66.9,раздельный,нет,2.0,2.0,3.0,нет,нет,1961,кирпичный,частично,1.802
15500000.0,42.0,2 с/у и более,нет,2.0,10.0,3.0,нет,нет,2023,монолитный,частично,0.58
19700000.0,45.5,совмещенный,нет,7.0,9.0,2.7,нет,нет,2021,кирпичный,полностью,3.877
13000000.0,40.0,раздельный,нет,4.0,5.0,2.5,нет,нет,1970,кирпичный,частично,1.58
14700000.0,50.0,раздельный,нет,2.0,5.0,2.7,нет,нет,1984,панельный,полностью,3.681
39000000.0,95.8,раздельный,лоджия,6.0,10.0,2.7,нет,нет,2021,кирпичный,полностью,4.193
20300000.0,60.0,раздельный,нет,6.0,9.0,2.7,нет,нет,2024,кирпичный,частично,0.584
36000000.0,99.0,раздельный,нет,4.0,10.0,2.75,нет,нет,2023,кирпичный,частично,1.554
3300000.0,14.0,раздельный,нет,1.0,5.0,2.7,да,нет,1974,кирпичный,частично,3.651
27500000.0,85.4,раздельный,нет,5.0,5.0,2.7,нет,нет,2010,кирпичный,полностью,3.527
48000000.0,117.1,2 с/у и более,балкон и лоджия,6.0,9.0,2.7,нет,нет,2015,кирпичный,частично,0.587
23000000.0,53.0,раздельный,нет,3.0,5.0,2.7,нет,В залоге,2022,кирпичный,частично,0.792
22500000.0,63.0,раздельный,нет,6.0,9.0,2.8,нет,В залоге,2019,кирпичный,частично,4.497
12000000.0,45.0,раздельный,нет,4.0,5.0,2.7,нет,нет,2024,кирпичный,частично,2.949
8500000.0,38.0,совмещенный,нет,5.0,5.0,2.7,нет,нет,1978,панельный,частично,3.901
10000000.0,36.5,совмещенный,нет,2.0,5.0,2.6,да,нет,1985,панельный,полностью,3.716
13500000.0,40.0,раздельный,нет,1.0,9.0,2.7,нет,В залоге,2017,панельный,частично,3.798
19500000.0,59.0,раздельный,нет,3.0,9.0,2.7,нет,нет,1995,кирпичный,частично,1.643
16500000.0,54.8,раздельный,нет,2.0,2.0,2.5,нет,нет,1991,панельный,полностью,3.31
13500000.0,41.6,раздельный,нет,9.0,9.0,2.7,нет,нет,2021,кирпичный,частично,3.296
10000000.0,35.0,совмещенный,нет,2.0,5.0,2.7,нет,нет,1970,кирпичный,частично,0.881
21500000.0,69.3,раздельный,нет,6.0,9.0,2.7,нет,нет,2022,кирпичный,частично,2.43
11000000.0,35.0,совмещенный,нет,3.0,9.0,2.7,нет,нет,2024,кирпичный,частично,1.288
15500000.0,52.0,раздельный,нет,2.0,9.0,2.7,нет,нет,1990,панельный,частично,3.251
14900000.0,48.0,раздельный,нет,2.0,5.0,2.7,нет,нет,1976,кирпичный,частично,1.143
2600000.0,13.0,раздельный,нет,4.0,4.0,2.0,да,нет,1963,иной,частично,1.984
25200000.0,67.4,раздельный,нет,9.0,9.0,2.7,нет,нет,2021,кирпичный,частично,3.296
10000000.0,30.0,совмещенный,нет,3.0,5.0,2.8,нет,нет,1974,кирпичный,частично,3.798
9400000.0,36.0,совмещенный,балкон,4.0,5.0,2.7,нет,нет,1974,кирпичный,частично,0.669
26500000.0,63.4,раздельный,нет,4.0,5.0,2.9,нет,нет,2014,кирпичный,частично,0.778
12500000.0,56.0,раздельный,нет,1.0,5.0,2.7,нет,нет,1981,панельный,частично,3.642
12500000.0,56.0,раздельный,нет,1.0,5.0,2.7,нет,нет,1986,панельный,полностью,3.436
75000000.0,133.0,2 с/у и более,нет,1.0,4.0,3.0,нет,нет,2018,кирпичный,частично,3.436
12500000.0,56.0,раздельный,нет,1.0,5.0,2.8,нет,нет,1986,панельный,частично,3.642
18000000.0,43.0,раздельный,нет,3.0,10.0,2.7,нет,нет,2022,кирпичный,частично,2.475
15900000.0,50.2,раздельный,нет,3.0,10.0,2.7,нет,нет,2023,кирпичный,частично,1.241
9800000.0,34.0,раздельный,нет,3.0,5.0,2.7,нет,нет,1987,кирпичный,частично,3.724
24000000.0,84.3,раздельный,нет,2.0,3.0,2.7,нет,В залоге,1992,кирпичный,частично,3.431
11103000.0,37.64,совмещенный,нет,2.0,5.0,2.7,нет,нет,2024,кирпичный,частично,1.427
10351000.0,37.64,совмещенный,нет,5.0,5.0,2.7,нет,нет,2024,кирпичный,частично,1.427
14247700.0,49.13,совмещенный,нет,3.0,5.0,2.8,нет,нет,2024,кирпичный,частично,1.427
13510000.0,49.13,совмещенный,нет,5.0,5.0,2.7,нет,нет,2024,кирпичный,частично,1.427
11500000.0,39.4,совмещенный,нет,2.0,9.0,2.7,нет,нет,2014,кирпичный,частично,4.276
34900000.0,115.0,раздельный,нет,8.0,9.0,2.7,нет,нет,2025,кирпичный,частично,4.193
17800000.0,50.0,раздельный,балкон,2.0,5.0,2.5,нет,нет,1987,кирпичный,частично,3.404
11000000.0,42.0,раздельный,нет,1.0,9.0,2.7,нет,нет,2024,кирпичный,частично,3.877
11800000.0,37.4,совмещенный,нет,2.0,4.0,2.5,нет,нет,2016,кирпичный,частично,2.796
15000000.0,62.0,совмещенный,нет,1.0,5.0,2.7,нет,нет,1976,кирпичный,частично,3.85
37000000.0,92.0,раздельный,нет,4.0,9.0,2.8,нет,нет,2022,кирпичный,частично,3.454
25000000.0,48.0,2 с/у и более,лоджия,5.0,5.0,2.5,нет,нет,1980,кирпичный,полностью,1.542
17500000.0,58.0,совмещенный,балкон,3.0,5.0,2.7,нет,нет,1971,кирпичный,частично,0.482
10000000.0,36.0,совмещенный,нет,9.0,9.0,2.5,да,нет,1992,кирпичный,полностью,3.681
16000000.0,58.2,раздельный,нет,1.0,5.0,2.7,нет,нет,1980,кирпичный,частично,3.86
19000000.0,70.0,раздельный,нет,9.0,9.0,2.7,нет,нет,1991,панельный,частично,2.891
12000000.0,40.2,раздельный,нет,7.0,9.0,2.7,нет,нет,2018,панельный,частично,4.018
8500000.0,42.6,совмещенный,нет,3.0,4.0,2.7,нет,нет,1965,кирпичный,частично,2.3
18000000.0,65.5,раздельный,нет,4.0,9.0,2.7,нет,нет,1996,панельный,частично,1.85
14500000.0,40.3,совмещенный,нет,4.0,9.0,2.7,нет,нет,2014,иной,частично,4.216
16500000.0,48.0,совмещенный,нет,2.0,5.0,2.7,нет,нет,2019,кирпичный,частично,4.485
15000000.0,46.4,раздельный,нет,4.0,5.0,2.7,нет,нет,2019,кирпичный,частично,4.415
15500000.0,56.9,раздельный,нет,5.0,5.0,2.7,нет,нет,1970,кирпичный,частично,0.557
13000000.0,54.1,совмещенный,нет,2.0,5.0,2.7,нет,нет,1966,кирпичный,частично,0.132
9500000.0,32.1,совмещенный,нет,1.0,5.0,2.7,нет,нет,1980,кирпичный,частично,1.972
10500000.0,36.8,раздельный,нет,4.0,6.0,2.7,нет,нет,1989,панельный,частично,1.961
34000000.0,75.0,раздельный,нет,3.0,9.0,2.7,нет,нет,2017,кирпичный,частично,0.564
15000000.0,48.0,раздельный,балкон,4.0,5.0,2.5,нет,нет,1986,панельный,частично,2.501
15000000.0,49.0,раздельный,балкон,4.0,5.0,2.7,нет,нет,1980,кирпичный,частично,2.553
33000000.0,77.0,раздельный,нет,10.0,10.0,3.0,нет,нет,2023,кирпичный,частично,1.554
13500000.0,46.8,раздельный,лоджия,4.0,5.0,2.7,нет,нет,2024,кирпичный,частично,1.402
19500000.0,72.9,раздельный,нет,6.0,6.0,2.7,нет,нет,1989,кирпичный,частично,0.931
13000000.0,61.0,раздельный,нет,5.0,5.0,2.6,да,В залоге,1987,панельный,частично,3.491
19000000.0,63.0,раздельный,нет,4.0,5.0,2.7,нет,В залоге,1979,кирпичный,частично,4.337
22000000.0,82.0,раздельный,нет,9.0,9.0,2.7,нет,нет,1988,кирпичный,частично,2.617
35500000.0,96.0,раздельный,нет,9.0,10.0,2.7,нет,нет,2019,кирпичный,частично,2.079
32500000.0,93.0,раздельный,нет,5.0,5.0,2.7,нет,нет,2020,кирпичный,частично,1.597
20000000.0,66.7,раздельный,лоджия,6.0,6.0,2.7,нет,нет,2005,панельный,без мебели,2.46
18000000.0,60.0,совмещенный,лоджия,4.0,5.0,2.7,нет,нет,1998,кирпичный,частично,2.677
12500000.0,56.0,раздельный,нет,1.0,5.0,2.7,нет,нет,1982,панельный,частично,3.642
15500000.0,64.0,раздельный,нет,9.0,9.0,2.5,нет,нет,1986,панельный,полностью,3.004
52000000.0,122.0,раздельный,нет,9.0,10.0,2.7,нет,нет,2017,кирпичный,частично,0.564
39000000.0,110.0,раздельный,нет,1.0,5.0,3.0,нет,нет,2017,кирпичный,частично,1.349
10500000.0,50.0,совмещенный,нет,4.0,5.0,2.5,да,нет,1967,кирпичный,частично,2.67
11200000.0,35.2,раздельный,нет,1.0,5.0,2.7,нет,В залоге,2010,кирпичный,частично,3.454
13500000.0,42.0,раздельный,нет,1.0,9.0,2.7,нет,нет,2020,кирпичный,частично,3.796
16500000.0,43.5,совмещенный,балкон,5.0,9.0,2.6,нет,нет,2021,кирпичный,полностью,3.858
6000000.0,21.8,раздельный,нет,4.0,5.0,2.5,нет,нет,1984,кирпичный,частично,3.651
43500000.0,107.0,2 с/у и более,нет,2.0,10.0,3.0,нет,нет,2024,кирпичный,частично,0.584
25000000.0,80.0,раздельный,нет,2.0,5.0,2.7,нет,нет,1993,кирпичный,частично,2.677
15000000.0,44.4,раздельный,нет,6.0,10.0,2.7,нет,нет,2022,кирпичный,частично,0.756
17900000.0,72.6,совмещенный,нет,2.0,5.0,2.75,нет,нет,1994,кирпичный,без мебели,0.815
38000000.0,85.5,совмещенный,нет,10.0,10.0,2.7,нет,В залоге,2022,монолитный,частично,0.58
10500000.0,52.0,раздельный,балкон,5.0,5.0,2.7,нет,нет,1981,панельный,частично,3.464
26000000.0,60.0,раздельный,нет,3.0,9.0,2.75,нет,нет,2022,кирпичный,полностью,1.436
10500000.0,33.0,совмещенный,балкон,5.0,5.0,2.5,нет,нет,1983,кирпичный,без мебели,1.264
15500000.0,50.0,раздельный,нет,5.0,5.0,2.6,нет,нет,1977,панельный,полностью,3.612
12000000.0,38.3,совмещенный,нет,4.0,5.0,2.8,нет,нет,2024,кирпичный,без мебели,1.675
16500000.0,53.0,совмещенный,нет,5.0,6.0,2.5,нет,нет,1993,панельный,без мебели,3.527
22455000.0,77.2,раздельный,нет,3.0,5.0,2.7,нет,нет,1984,панельный,частично,3.286
12000000.0,34.6,совмещенный,балкон,3.0,5.0,2.6,нет,нет,1968,кирпичный,полностью,0.405
9300000.0,38.0,совмещенный,лоджия,3.0,5.0,2.7,нет,нет,1984,кирпичный,полностью,3.286
20000000.0,75.6,раздельный,лоджия,6.0,6.0,2.7,нет,нет,1992,панельный,полностью,1.929
13500000.0,48.0,раздельный,нет,1.0,5.0,2.7,нет,нет,1974,кирпичный,частично,2.205
24500000.0,58.0,раздельный,нет,5.0,9.0,2.7,нет,нет,2015,кирпичный,полностью,0.483
27000000.0,65.0,раздельный,нет,2.0,5.0,2.7,нет,нет,2022,кирпичный,полностью,0.792
25750000.0,63.4,раздельный,нет,7.0,9.0,2.7,нет,нет,2015,кирпичный,частично,0.616
19800000.0,57.0,раздельный,нет,6.0,9.0,3.0,нет,нет,2024,кирпичный,частично,0.584
18500000.0,63.0,раздельный,нет,8.0,9.0,2.7,нет,нет,2018,кирпичный,частично,4.423
4500000.0,23.0,раздельный,нет,2.0,5.0,2.7,нет,нет,1963,кирпичный,частично,2.041
12300000.0,41.0,раздельный,нет,3.0,5.0,2.7,нет,нет,2024,кирпичный,частично,1.73
11900000.0,40.0,раздельный,нет,6.0,6.0,2.6,нет,нет,1988,панельный,частично,0.132
27000000.0,66.4,раздельный,нет,4.0,6.0,2.7,нет,нет,2023,кирпичный,полностью,1.651
13800000.0,42.0,раздельный,лоджия,3.0,9.0,2.6,нет,нет,1988,кирпичный,частично,1.964
25000000.0,70.0,совмещенный,нет,9.0,10.0,2.7,нет,нет,2022,кирпичный,частично,2.258
15500000.0,67.0,раздельный,нет,6.0,6.0,2.7,нет,нет,1986,панельный,частично,2.726
20000000.0,58.4,совмещенный,балкон,3.0,5.0,2.7,нет,нет,1972,кирпичный,полностью,1.612
14500000.0,41.0,совмещенный,нет,5.0,5.0,2.7,нет,нет,2017,кирпичный,полностью,1.73
15000000.0,60.0,раздельный,нет,5.0,5.0,2.7,нет,нет,1979,кирпичный,полностью,1.143
17200000.0,52.0,раздельный,нет,3.0,5.0,2.7,нет,нет,1993,панельный,полностью,2.726
7400000.0,32.0,раздельный,балкон,4.0,5.0,2.7,да,нет,1987,панельный,полностью,2.367
14000000.0,46.0,раздельный,нет,3.0,5.0,2.7,нет,нет,1980,кирпичный,частично,1.094
18000000.0,49.2,раздельный,нет,3.0,5.0,2.7,нет,нет,2023,кирпичный,полностью,3.491
10900000.0,50.0,раздельный,лоджия,5.0,5.0,2.7,нет,нет,1988,кирпичный,частично,2.726
28500000.0,78.0,раздельный,нет,3.0,5.0,2.7,нет,нет,2022,кирпичный,частично,0.93
15500000.0,40.0,раздельный,нет,6.0,9.0,2.7,нет,нет,2022,кирпичный,частично,3.296
9500000.0,33.6,совмещенный,лоджия,5.0,5.0,2.7,нет,нет,1979,кирпичный,частично,1.637
42000000.0,120.0,совмещенный,нет,5.0,5.0,3.0,нет,нет,1995,кирпичный,полностью,0.815
18500000.0,51.0,раздельный,нет,3.0,5.0,2.7,нет,нет,1990,кирпичный,частично,2.677
27500000.0,76.0,раздельный,нет,4.0,5.0,2.7,нет,нет,2008,кирпичный,частично,2.677
51000000.0,102.0,2 с/у и более,балкон и лоджия,5.0,9.0,2.7,нет,нет,2016,кирпичный,частично,1.079
37000000.0,98.0,раздельный,нет,4.0,9.0,2.7,нет,нет,2018,кирпичный,частично,3.296
18000000.0,61.7,раздельный,нет,3.0,9.0,2.7,нет,нет,1993,кирпичный,частично,3.305
16000000.0,43.0,раздельный,нет,1.0,5.0,2.7,нет,нет,2017,кирпичный,частично,2.902
39500000.0,87.0,раздельный,нет,2.0,9.0,2.7,нет,нет,2019,кирпичный,частично,0.559
21000000.0,60.3,раздельный,балкон,2.0,5.0,2.5,нет,нет,1972,кирпичный,частично,2.85
29500000.0,68.9,раздельный,нет,9.0,9.0,2.7,нет,нет,2020,кирпичный,частично,0.914
6500000.0,28.85,раздельный,нет,1.0,6.0,2.75,нет,нет,2024,кирпичный,частично,2.273
17500000.0,60.0,раздельный,нет,4.0,5.0,2.7,нет,нет,1982,кирпичный,частично,1.637
21500000.0,74.5,совмещенный,лоджия,5.0,5.0,2.75,нет,нет,2010,кирпичный,частично,2.677
14300000.0,58.0,раздельный,нет,4.0,5.0,2.7,нет,нет,1969,кирпичный,полностью,2.175
15999000.0,53.0,раздельный,нет,3.0,5.0,2.7,нет,нет,2022,кирпичный,частично,1.31
19000000.0,60.0,раздельный,несколько балконов или лоджий,2.0,5.0,2.6,нет,нет,1985,кирпичный,частично,0.905
16000000.0,52.7,раздельный,нет,3.0,5.0,2.7,нет,нет,1986,кирпичный,частично,3.751
38000000.0,89.0,раздельный,нет,4.0,5.0,2.75,нет,В залоге,2023,кирпичный,без мебели,2.35
27000000.0,69.7,раздельный,нет,5.0,5.0,2.8,нет,нет,2023,кирпичный,полностью,1.84
3700000.0,18.0,раздельный,нет,4.0,5.0,2.5,да,нет,1987,кирпичный,частично,1.19
23000000.0,63.0,совмещенный,нет,2.0,5.0,2.7,нет,В залоге,1996,иной,частично,1.24
30000000.0,68.7,раздельный,нет,2.0,5.0,2.8,нет,нет,2023,кирпичный,полностью,1.651
17500000.0,65.0,совмещенный,нет,4.0,5.0,2.7,нет,нет,1970,кирпичный,частично,1.103
10500000.0,47.7,раздельный,нет,1.0,2.0,2.7,нет,нет,1950,монолитный,частично,0.74
18000000.0,49.1,раздельный,нет,9.0,9.0,2.7,нет,нет,2006,панельный,частично,2.006
17650000.0,58.0,раздельный,лоджия,6.0,7.0,2.7,нет,нет,2015,кирпичный,частично,4.193
20500000.0,78.0,раздельный,нет,4.0,5.0,2.7,нет,нет,1983,панельный,частично,3.932
23900000.0,82.0,совмещенный,лоджия,3.0,5.0,2.8,нет,нет,2023,кирпичный,частично,0.711
25000000.0,65.6,раздельный,балкон,4.0,5.0,2.5,нет,В залоге,1974,кирпичный,полностью,1.143
15800000.0,55.0,раздельный,нет,3.0,5.0,2.7,нет,нет,1990,кирпичный,частично,3.445
23800000.0,73.0,совмещенный,лоджия,4.0,5.0,2.8,нет,нет,2014,кирпичный,частично,1.349
50000000.0,140.7,2 с/у и более,нет,8.0,10.0,2.7,нет,нет,2017,кирпичный,частично,1.477
26500000.0,68.0,раздельный,нет,4.0,5.0,2.8,нет,нет,2023,кирпичный,частично,1.072
13500000.0,52.0,раздельный,нет,4.0,6.0,2.7,нет,нет,1990,панельный,без мебели,2.078
16000000.0,46.6,раздельный,нет,7.0,9.0,3.0,нет,В залоге,2024,кирпичный,частично,4.193
10500000.0,37.0,совмещенный,нет,2.0,2.0,2.7,нет,нет,1971,кирпичный,полностью,2.007
19500000.0,47.0,раздельный,нет,7.0,9.0,2.7,нет,нет,2023,кирпичный,без мебели,1.122
14500000.0,45.0,раздельный,нет,1.0,5.0,2.7,нет,нет,1972,кирпичный,частично,0.803
32500000.0,75.0,совмещенный,нет,3.0,5.0,2.8,нет,нет,2023,кирпичный,без мебели,1.402
15000000.0,50.0,раздельный,балкон,9.0,10.0,3.0,нет,нет,2023,кирпичный,частично,0.476
14500000.0,54.0,раздельный,нет,9.0,9.0,2.7,нет,нет,1988,панельный,частично,2.726
16500000.0,78.0,раздельный,нет,1.0,5.0,2.7,нет,нет,1978,панельный,без мебели,3.901
16500000.0,53.0,раздельный,нет,1.0,5.0,2.7,нет,нет,1975,кирпичный,без мебели,1.858
17000000.0,47.5,раздельный,лоджия,1.0,5.0,2.7,нет,нет,1975,кирпичный,полностью,3.468
20366000.0,75.3,совмещенный,нет,6.0,9.0,2.7,нет,В залоге,1987,кирпичный,частично,1.093
24500000.0,78.0,раздельный,несколько балконов или лоджий,5.0,5.0,2.7,нет,нет,2010,кирпичный,полностью,3.633
15000000.0,50.5,раздельный,балкон,2.0,5.0,2.7,нет,нет,1978,панельный,частично,4.337
13800000.0,42.0,раздельный,лоджия,7.0,9.0,2.7,нет,нет,2018,кирпичный,частично,4.087
16500000.0,72.3,раздельный,нет,3.0,5.0,2.7,нет,нет,1984,кирпичный,частично,3.286
27000000.0,49.0,раздельный,нет,7.0,9.0,2.95,нет,нет,2022,кирпичный,полностью,0.931
45500000.0,84.0,раздельный,нет,8.0,9.0,2.75,нет,нет,2022,кирпичный,полностью,1.324
11000000.0,36.0,совмещенный,нет,5.0,5.0,2.0,нет,В залоге,1971,панельный,полностью,0.861
22500000.0,48.3,совмещенный,лоджия,3.0,9.0,2.7,нет,нет,2020,кирпичный,полностью,1.596
14500000.0,53.0,раздельный,нет,5.0,5.0,2.7,нет,нет,1980,панельный,частично,3.613
25000000.0,70.0,раздельный,нет,1.0,5.0,2.7,нет,нет,1990,кирпичный,частично,3.404
15000000.0,45.0,совмещенный,нет,5.0,5.0,2.7,нет,нет,1971,кирпичный,полностью,2.688
2980000.0,21.0,совмещенный,нет,4.0,5.0,2.7,да,нет,1980,кирпичный,без мебели,3.651
25000000.0,68.0,раздельный,нет,5.0,5.0,2.7,нет,нет,1991,кирпичный,частично,2.07
12000000.0,50.8,раздельный,нет,4.0,5.0,2.7,нет,нет,1975,кирпичный,частично,4.087
10500000.0,36.8,раздельный,нет,4.0,6.0,2.7,нет,нет,1989,кирпичный,частично,1.961
23000000.0,67.0,совмещенный,нет,5.0,9.0,2.7,нет,нет,1987,панельный,полностью,2.987
21500000.0,52.0,совмещенный,балкон,9.0,10.0,2.7,нет,нет,2022,кирпичный,полностью,0.947
10100000.0,37.0,совмещенный,нет,7.0,9.0,2.7,нет,нет,1990,панельный,полностью,3.401
10500000.0,37.0,раздельный,нет,4.0,6.0,2.7,нет,нет,1989,кирпичный,частично,1.961
26500000.0,56.4,совмещенный,нет,8.0,10.0,2.85,нет,нет,2023,кирпичный,частично,1.554
45000000.0,95.0,2 с/у и более,нет,4.0,5.0,2.8,нет,В залоге,2022,кирпичный,полностью,0.53
43000000.0,90.0,раздельный,несколько балконов или лоджий,3.0,9.0,2.7,нет,нет,2017,кирпичный,полностью,0.564
15000000.0,44.4,совмещенный,нет,3.0,9.0,2.7,нет,нет,2024,кирпичный,без мебели,1.132
15500000.0,57.0,раздельный,нет,5.0,5.0,2.7,нет,нет,1970,кирпичный,частично,0.557
17900000.0,54.0,раздельный,нет,3.0,5.0,2.7,нет,нет,1976,кирпичный,частично,4.183
19000000.0,59.0,раздельный,нет,3.0,9.0,2.7,нет,нет,2017,панельный,частично,4.033
17500000.0,41.0,совмещенный,нет,4.0,5.0,2.7,нет,нет,2022,кирпичный,частично,3.296
43540000.0,155.5,раздельный,нет,9.0,10.0,3.0,нет,нет,2022,кирпичный,частично,1.241
43400000.0,155.0,раздельный,нет,2.0,10.0,3.0,нет,нет,2022,кирпичный,частично,1.241
17000000.0,59.1,раздельный,нет,5.0,5.0,2.7,нет,нет,1985,кирпичный,частично,3.429
28500000.0,105.5,раздельный,нет,9.0,10.0,2.7,нет,нет,2022,кирпичный,частично,2.582
13500000.0,50.0,раздельный,нет,5.0,6.0,2.7,нет,нет,1990,панельный,частично,1.402
29916000.0,110.8,раздельный,нет,9.0,10.0,2.7,нет,нет,2022,кирпичный,частично,2.582
19300000.0,71.3,раздельный,нет,6.0,10.0,2.7,нет,нет,2022,кирпичный,частично,2.582
9500000.0,37.0,совмещенный,балкон,5.0,6.0,2.6,нет,нет,1987,панельный,частично,3.589
18133000.0,65.94,совмещенный,нет,5.0,5.0,2.8,нет,нет,2024,кирпичный,частично,1.427
16659000.0,61.7,совмещенный,нет,5.0,5.0,2.7,нет,нет,2023,кирпичный,частично,1.667
11900000.0,40.0,раздельный,лоджия,5.0,5.0,2.7,нет,нет,2024,кирпичный,частично,1.73
15201000.0,56.3,совмещенный,нет,5.0,5.0,2.7,нет,нет,2023,кирпичный,частично,1.667
19122600.0,65.94,совмещенный,нет,2.0,5.0,2.8,нет,нет,2024,кирпичный,частично,1.427
19000000.0,62.0,раздельный,нет,6.0,9.0,2.5,нет,нет,1984,кирпичный,частично,1.165
62000000.0,107.7,раздельный,нет,4.0,8.0,2.7,нет,нет,2020,кирпичный,частично,1.475
12400000.0,38.73,раздельный,лоджия,4.0,9.0,2.7,нет,нет,2024,кирпичный,частично,1.324
8500000.0,30.1,совмещенный,нет,3.0,4.0,2.7,нет,нет,1965,кирпичный,частично,2.32
24500000.0,50.0,совмещенный,нет,3.0,9.0,3.0,нет,нет,2010,кирпичный,частично,0.446
18300000.0,55.0,совмещенный,нет,6.0,10.0,2.7,нет,нет,2022,кирпичный,частично,2.677
4600000.0,25.0,раздельный,нет,3.0,5.0,2.6,да,нет,1982,кирпичный,частично,1.58
13000000.0,52.0,раздельный,балкон,5.0,5.0,2.7,нет,нет,1984,кирпичный,частично,3.351
14500000.0,68.0,раздельный,нет,6.0,6.0,2.7,нет,нет,1990,панельный,частично,3.614
14900000.0,69.2,раздельный,нет,5.0,5.0,2.7,нет,нет,1987,кирпичный,частично,3.724
19500000.0,71.9,раздельный,лоджия,4.0,10.0,2.7,нет,нет,2023,кирпичный,частично,2.677
15500000.0,39.0,раздельный,нет,2.0,9.0,2.7,нет,нет,2014,кирпичный,частично,2.195
15000000.0,48.0,раздельный,нет,7.0,9.0,2.7,нет,нет,1989,кирпичный,частично,0.853
42500000.0,109.0,раздельный,нет,2.0,9.0,2.7,нет,нет,2017,кирпичный,частично,0.564
15300000.0,60.0,раздельный,нет,4.0,5.0,2.7,нет,нет,1982,панельный,частично,3.471
16900000.0,62.4,раздельный,нет,4.0,5.0,2.7,нет,нет,1986,кирпичный,частично,2.548
13500000.0,42.0,раздельный,нет,5.0,9.0,2.7,нет,нет,1994,панельный,частично,3.237
16762000.0,57.8,раздельный,нет,4.0,5.0,2.7,нет,нет,2024,кирпичный,частично,1.73
14500000.0,50.0,раздельный,нет,9.0,9.0,2.7,нет,нет,1993,панельный,полностью,2.408
31000000.0,73.0,раздельный,нет,5.0,9.0,2.7,нет,нет,2018,кирпичный,полностью,0.681
12000000.0,48.0,раздельный,нет,4.0,5.0,2.7,нет,нет,1985,панельный,частично,3.749
27500000.0,76.5,раздельный,нет,9.0,9.0,2.7,нет,нет,2015,кирпичный,частично,0.483
26800000.0,69.5,раздельный,нет,2.0,9.0,2.7,нет,нет,2020,кирпичный,частично,1.103
9300000.0,45.6,раздельный,нет,8.0,9.0,2.7,нет,нет,1986,кирпичный,частично,1.309
12700000.0,42.1,раздельный,нет,4.0,5.0,2.7,нет,нет,2023,кирпичный,частично,3.491
12300000.0,43.9,раздельный,нет,5.0,5.0,2.7,нет,нет,1970,кирпичный,частично,0.881
10000000.0,30.0,раздельный,нет,4.0,4.0,2.7,нет,нет,1970,кирпичный,частично,1.673
12000000.0,38.0,раздельный,нет,4.0,5.0,2.7,нет,нет,2024,кирпичный,частично,1.675
14100000.0,46.0,раздельный,нет,3.0,5.0,2.7,нет,нет,1980,кирпичный,частично,1.094
8500000.0,30.0,раздельный,нет,4.0,4.0,2.7,нет,нет,1970,кирпичный,частично,1.673
25500000.0,79.8,раздельный,нет,4.0,5.0,2.7,нет,нет,1990,панельный,частично,3.527
13800000.0,48.0,раздельный,нет,2.0,5.0,2.7,нет,нет,1980,кирпичный,частично,1.972
19500000.0,44.0,раздельный,нет,8.0,10.0,2.7,нет,нет,2023,кирпичный,частично,1.241
38500000.0,85.2,2 с/у и более,нет,4.0,9.0,2.7,нет,нет,2022,кирпичный,частично,1.324
18500000.0,54.0,раздельный,нет,5.0,6.0,2.7,нет,нет,1990,кирпичный,полностью,1.4
20500000.0,80.0,раздельный,нет,4.0,5.0,2.7,нет,нет,1984,кирпичный,частично,3.436
25700000.0,63.7,раздельный,нет,7.0,9.0,2.7,нет,нет,2015,кирпичный,полностью,0.764
22500000.0,59.0,раздельный,нет,5.0,6.0,2.7,нет,нет,1989,кирпичный,полностью,1.717
19000000.0,71.4,раздельный,нет,4.0,5.0,2.7,нет,нет,2023,кирпичный,частично,1.047
46000000.0,120.0,раздельный,нет,1.0,9.0,3.0,нет,нет,2016,кирпичный,полностью,0.587
19000000.0,61.0,раздельный,нет,5.0,5.0,2.7,нет,нет,2017,кирпичный,частично,0.884
10000000.0,43.7,раздельный,нет,2.0,5.0,2.7,нет,нет,1968,кирпичный,частично,1.833
28500000.0,63.0,раздельный,нет,5.0,9.0,2.7,нет,нет,2021,кирпичный,частично,3.877
12500000.0,40.3,раздельный,нет,3.0,4.0,2.7,нет,нет,1965,кирпичный,частично,1.736
12500000.0,44.0,раздельный,нет,2.0,5.0,2.7,нет,нет,1979,панельный,частично,0.448
46000000.0,80.0,раздельный,нет,7.0,9.0,2.7,нет,нет,2022,кирпичный,частично,0.914
14500000.0,51.0,раздельный,нет,9.0,10.0,2.7,нет,нет,2024,кирпичный,частично,1.288
10500000.0,45.1,раздельный,нет,3.0,3.0,2.7,нет,нет,1947,кирпичный,частично,2.838
15500000.0,49.4,раздельный,нет,2.0,5.0,2.7,нет,нет,1970,кирпичный,частично,0.361
19000000.0,71.4,раздельный,нет,4.0,5.0,2.7,нет,нет,2023,кирпичный,частично,0.764
12000000.0,40.0,раздельный,нет,5.0,5.0,2.7,нет,нет,1978,кирпичный,частично,0.482
12000000.0,41.4,раздельный,нет,2.0,4.0,2.7,нет,нет,1966,кирпичный,частично,2.078
12500000.0,45.0,раздельный,нет,5.0,5.0,2.8,нет,нет,1972,кирпичный,частично,0.54
19100000.0,70.0,раздельный,нет,5.0,9.0,2.8,нет,нет,1966,кирпичный,частично,0.997
12500000.0,50.7,раздельный,нет,5.0,5.0,2.7,нет,нет,1983,панельный,частично,1.435
32500000.0,75.0,раздельный,нет,3.0,5.0,2.7,нет,нет,2023,кирпичный,частично,1.402
17500000.0,76.0,раздельный,нет,4.0,6.0,2.7,да,нет,1987,панельный,частично,3.589
11500000.0,38.0,совмещенный,нет,3.0,5.0,2.7,нет,нет,2023,панельный,без мебели,4.193
15000000.0,43.0,раздельный,нет,5.0,6.0,2.7,нет,нет,1992,кирпичный,частично,1.014
18900000.0,39.0,раздельный,нет,2.0,6.0,2.7,нет,нет,2024,кирпичный,частично,1.402
19000000.0,41.8,раздельный,нет,4.0,9.0,2.7,нет,нет,2021,кирпичный,частично,0.47
27000000.0,79.0,раздельный,нет,8.0,9.0,2.7,нет,нет,2014,кирпичный,частично,1.139
37000000.0,79.6,раздельный,нет,8.0,9.0,2.7,нет,нет,2021,кирпичный,частично,3.796
16500000.0,41.0,совмещенный,нет,2.0,10.0,2.8,нет,нет,2023,кирпичный,частично,1.58
18500000.0,68.0,раздельный,нет,6.0,9.0,2.7,нет,нет,1993,панельный,частично,3.301
14500000.0,45.0,раздельный,нет,5.0,5.0,2.7,нет,нет,2015,кирпичный,частично,4.283
19000000.0,41.5,раздельный,нет,5.0,9.0,2.7,нет,нет,2021,кирпичный,частично,0.47
14200000.0,44.0,раздельный,нет,1.0,5.0,2.7,нет,нет,1967,кирпичный,частично,3.609
17400000.0,71.0,раздельный,нет,3.0,10.0,2.7,нет,нет,2023,кирпичный,частично,2.475
13500000.0,50.0,раздельный,нет,2.0,9.0,2.7,нет,нет,1986,панельный,частично,3.004
35000000.0,99.0,раздельный,нет,4.0,10.0,2.7,нет,нет,2023,кирпичный,частично,1.58
13800000.0,46.0,раздельный,нет,6.0,9.0,2.7,нет,нет,2022,монолитный,частично,0.58
16500000.0,38.9,раздельный,нет,7.0,9.0,2.7,нет,нет,2018,кирпичный,частично,0.947
17700000.0,53.0,раздельный,нет,8.0,9.0,2.7,нет,нет,2005,панельный,частично,1.955
22500000.0,48.3,раздельный,нет,3.0,9.0,2.7,нет,нет,2020,кирпичный,частично,0.47
20500000.0,80.0,раздельный,нет,4.0,5.0,2.7,нет,нет,1984,панельный,частично,3.351
26000000.0,68.0,раздельный,нет,9.0,10.0,2.7,нет,В залоге,2022,кирпичный,частично,1.241
14000000.0,42.0,совмещенный,нет,4.0,4.0,2.7,нет,нет,1966,кирпичный,без мебели,1.693
43000000.0,93.0,раздельный,нет,9.0,10.0,2.7,нет,нет,2022,кирпичный,частично,0.756
14500000.0,55.4,раздельный,нет,4.0,4.0,2.7,нет,нет,1966,кирпичный,частично,1.673
25000000.0,52.0,раздельный,нет,3.0,6.0,2.7,нет,нет,1997,панельный,частично,3.633
27500000.0,74.3,раздельный,нет,5.0,9.0,2.7,нет,нет,2014,кирпичный,частично,2.195
24500000.0,70.0,раздельный,нет,7.0,9.0,2.7,нет,нет,2021,кирпичный,частично,0.781
16500000.0,59.2,раздельный,нет,4.0,5.0,2.7,нет,нет,1982,панельный,частично,3.798
43000000.0,93.0,раздельный,нет,9.0,10.0,2.7,нет,нет,2022,кирпичный,частично,0.756
19000000.0,63.0,совмещенный,нет,1.0,5.0,2.7,нет,нет,2019,кирпичный,частично,4.395
15500000.0,52.0,раздельный,нет,5.0,9.0,2.7,нет,нет,1990,панельный,полностью,2.834
8500000.0,30.1,раздельный,нет,3.0,5.0,2.7,нет,нет,1987,кирпичный,частично,3.491
14500000.0,49.3,раздельный,нет,3.0,6.0,2.7,нет,нет,1991,кирпичный,частично,2.97
14300000.0,52.0,раздельный,нет,1.0,5.0,2.7,нет,нет,1990,панельный,частично,3.454
17000000.0,40.0,раздельный,нет,5.0,5.0,2.7,нет,нет,2022,кирпичный,частично,3.296
30000000.0,80.7,раздельный,нет,4.0,9.0,2.7,нет,нет,2022,кирпичный,частично,1.58
22000000.0,63.0,раздельный,нет,3.0,5.0,2.7,нет,нет,1990,панельный,частично,3.454
25500000.0,70.0,раздельный,нет,8.0,9.0,2.7,нет,нет,2022,кирпичный,частично,3.818
69500000.0,120.0,раздельный,нет,7.0,9.0,2.75,нет,нет,2022,кирпичный,частично,1.436
26600000.0,81.7,2 с/у и более,нет,1.0,4.0,2.7,нет,нет,1964,кирпичный,без мебели,2.084
18800000.0,65.6,раздельный,нет,5.0,5.0,2.7,нет,нет,2010,кирпичный,частично,3.454
28000000.0,78.0,раздельный,нет,1.0,5.0,2.7,нет,В залоге,2011,кирпичный,частично,3.527
15000000.0,60.0,раздельный,нет,4.0,5.0,2.7,нет,нет,1984,кирпичный,частично,3.491
26500000.0,75.0,раздельный,нет,2.0,5.0,2.7,нет,нет,2014,кирпичный,частично,0.914
19000000.0,60.0,раздельный,нет,3.0,5.0,2.7,нет,нет,1986,панельный,частично,3.491
16000000.0,61.7,раздельный,нет,5.0,5.0,2.7,нет,нет,2010,кирпичный,частично,3.454
20400000.0,88.0,раздельный,нет,2.0,5.0,2.7,нет,нет,1976,кирпичный,частично,1.548
29372000.0,104.9,раздельный,нет,7.0,10.0,2.7,нет,нет,2023,кирпичный,без мебели,2.624
26500000.0,59.0,раздельный,нет,3.0,9.0,2.7,нет,нет,2022,кирпичный,частично,1.436
11800000.0,34.1,раздельный,нет,3.0,5.0,2.7,нет,нет,1992,панельный,частично,3.454
17500000.0,56.0,раздельный,нет,5.0,5.0,2.7,нет,нет,2015,кирпичный,частично,3.454
26500000.0,70.6,раздельный,нет,4.0,5.0,2.7,нет,нет,2022,кирпичный,частично,1.84
19000000.0,60.0,раздельный,нет,1.0,5.0,2.7,нет,нет,1990,панельный,частично,3.454
15000000.0,41.0,раздельный,нет,9.0,9.0,2.7,нет,нет,2023,кирпичный,без мебели,1.014
21500000.0,72.0,раздельный,нет,4.0,9.0,2.7,нет,нет,1994,панельный,полностью,3.237
12700000.0,42.1,раздельный,нет,4.0,5.0,2.7,нет,нет,2023,кирпичный,частично,3.491
27500000.0,64.3,раздельный,нет,7.0,9.0,2.7,нет,нет,2015,кирпичный,частично,0.967
19000000.0,61.4,совмещенный,нет,6.0,9.0,2.7,нет,нет,2014,кирпичный,частично,2.807
6000000.0,45.3,раздельный,нет,5.0,5.0,2.7,нет,нет,1977,кирпичный,частично,2.726
17500000.0,60.0,раздельный,нет,4.0,5.0,2.7,нет,нет,1976,кирпичный,частично,2.258
28500000.0,62.0,раздельный,нет,6.0,9.0,2.7,нет,нет,2022,кирпичный,частично,4.193
23500000.0,49.7,совмещенный,нет,2.0,5.0,2.7,нет,нет,2022,кирпичный,частично,1.745
17500000.0,54.5,совмещенный,нет,5.0,5.0,2.7,нет,нет,2014,кирпичный,частично,3.454
14500000.0,49.3,раздельный,нет,3.0,6.0,2.7,нет,нет,1991,кирпичный,частично,2.97
17500000.0,51.2,раздельный,нет,8.0,9.0,2.7,нет,нет,2006,панельный,частично,1.58
5000000.0,18.0,раздельный,нет,1.0,5.0,2.7,нет,нет,1991,кирпичный,частично,3.651
14500000.0,68.0,раздельный,нет,6.0,6.0,2.7,нет,нет,1990,панельный,частично,3.436
18500000.0,52.0,раздельный,нет,3.0,6.0,2.7,нет,нет,1992,панельный,частично,2.677
19000000.0,69.5,раздельный,нет,3.0,9.0,2.7,нет,нет,1991,панельный,частично,4.337
27500000.0,68.0,раздельный,нет,4.0,5.0,2.7,нет,нет,2022,кирпичный,частично,1.624
7500000.0,32.0,раздельный,нет,1.0,2.0,2.7,нет,нет,1965,кирпичный,частично,2.668
18660000.0,63.25,раздельный,нет,2.0,9.0,2.7,нет,нет,2025,кирпичный,частично,0.951
9200000.0,60.0,совмещенный,нет,1.0,4.0,2.7,нет,нет,1967,панельный,частично,2.466
11500000.0,44.0,раздельный,нет,5.0,5.0,2.7,нет,нет,1970,панельный,частично,0.649
19000000.0,51.3,раздельный,нет,3.0,6.0,2.7,нет,нет,1990,иной,частично,2.677
13500000.0,53.0,раздельный,нет,1.0,6.0,2.7,нет,нет,1993,панельный,частично,3.527
27500000.0,76.5,раздельный,нет,9.0,9.0,2.7,нет,нет,2015,кирпичный,частично,1.103
20000000.0,73.9,раздельный,нет,5.0,5.0,2.7,нет,нет,1987,кирпичный,частично,0.914
22500000.0,70.0,раздельный,нет,9.0,10.0,2.7,нет,нет,2019,кирпичный,частично,1.727
22500000.0,61.0,раздельный,несколько балконов или лоджий,4.0,6.0,25.0,нет,нет,1992,иной,частично,1.929
28900000.0,60.0,раздельный,нет,2.0,9.0,2.7,нет,нет,2020,кирпичный,частично,4.193
13000000.0,49.0,раздельный,нет,9.0,9.0,2.7,нет,нет,1989,кирпичный,частично,3.227
9800000.0,30.0,совмещенный,нет,1.0,5.0,2.7,нет,нет,1970,кирпичный,частично,0.958
20000000.0,67.9,раздельный,нет,6.0,9.0,2.7,нет,нет,2015,кирпичный,частично,2.807
20500000.0,53.0,раздельный,нет,9.0,9.0,3.0,нет,нет,2021,кирпичный,частично,0.725
30500000.0,84.2,раздельный,нет,4.0,10.0,2.7,нет,нет,2024,кирпичный,частично,0.53
8000000.0,30.06,совмещенный,нет,3.0,4.0,2.7,нет,нет,1963,кирпичный,частично,2.284
18900000.0,42.6,раздельный,нет,5.0,9.0,2.7,нет,нет,2020,кирпичный,частично,0.47
14000000.0,50.0,раздельный,нет,2.0,5.0,2.7,нет,нет,1978,панельный,частично,1.73
13700000.0,41.0,раздельный,нет,2.0,9.0,2.7,нет,нет,2021,кирпичный,частично,3.296
27500000.0,76.0,раздельный,нет,9.0,9.0,2.7,нет,нет,2015,кирпичный,частично,0.483
15000000.0,44.8,раздельный,нет,4.0,5.0,2.7,нет,нет,1970,кирпичный,частично,1.808
17500000.0,56.5,раздельный,лоджия,5.0,5.0,2.7,нет,нет,2014,кирпичный,частично,3.393
7500000.0,35.7,раздельный,нет,2.0,5.0,2.7,нет,нет,1982,панельный,частично,1.921
20000000.0,80.0,раздельный,нет,3.0,6.0,2.7,нет,нет,1990,панельный,частично,2.228
14000000.0,41.0,раздельный,нет,4.0,5.0,2.7,нет,нет,2012,кирпичный,частично,3.454
60000000.0,109.6,2 с/у и более,нет,7.0,9.0,2.7,нет,нет,2022,кирпичный,частично,0.931
16670000.0,61.7,совмещенный,нет,5.0,5.0,2.7,нет,нет,2023,кирпичный,частично,1.667
18500000.0,42.8,совмещенный,нет,3.0,9.0,2.7,нет,нет,2021,кирпичный,частично,3.877
17700000.0,61.0,раздельный,нет,2.0,5.0,2.5,нет,нет,1978,кирпичный,полностью,1.637
33000000.0,112.0,2 с/у и более,нет,4.0,4.0,2.7,нет,нет,2011,панельный,полностью,0.582
39372000.0,104.9,раздельный,нет,7.0,10.0,2.7,нет,нет,2022,кирпичный,частично,2.582
7600000.0,31.0,раздельный,нет,5.0,5.0,2.7,нет,нет,1979,кирпичный,частично,2.475
14300000.0,52.0,раздельный,лоджия,5.0,6.0,2.7,нет,нет,1993,кирпичный,частично,2.784
18400000.0,60.0,раздельный,нет,9.0,9.0,2.7,нет,нет,2021,панельный,частично,3.265
10500000.0,45.0,раздельный,нет,3.0,3.0,2.7,нет,нет,1974,панельный,частично,2.838
12300000.0,43.0,раздельный,лоджия,3.0,5.0,2.7,нет,нет,1973,кирпичный,частично,1.593
19000000.0,65.0,раздельный,нет,4.0,5.0,2.7,нет,нет,1985,кирпичный,частично,1.167
17500000.0,62.1,раздельный,нет,4.0,5.0,2.7,нет,нет,1970,кирпичный,частично,0.751
15300000.0,40.2,совмещенный,нет,1.0,5.0,2.7,нет,нет,1968,панельный,частично,0.365
11500000.0,36.1,раздельный,нет,2.0,9.0,2.7,нет,нет,1983,кирпичный,частично,3.071
17350000.0,50.2,раздельный,нет,6.0,6.0,2.7,нет,нет,1990,панельный,частично,1.538
27500000.0,85.0,раздельный,нет,6.0,9.0,2.7,нет,нет,2017,панельный,частично,4.033
13200000.0,48.4,раздельный,нет,9.0,9.0,2.7,нет,нет,1988,кирпичный,частично,3.436
13500000.0,43.5,раздельный,нет,5.0,9.0,2.7,нет,нет,2022,кирпичный,частично,1.103
20000000.0,63.0,раздельный,нет,4.0,6.0,2.7,нет,нет,1992,панельный,частично,2.166
24500000.0,68.0,раздельный,нет,5.0,9.0,2.7,нет,нет,2006,панельный,частично,1.58
14200000.0,50.1,раздельный,нет,5.0,5.0,2.7,нет,нет,1984,панельный,частично,0.961
19000000.0,70.0,раздельный,нет,9.0,9.0,2.7,нет,нет,1991,панельный,частично,2.891
25000000.0,69.0,совмещенный,нет,8.0,9.0,2.7,нет,В залоге,2022,кирпичный,полностью,3.818
11000000.0,55.0,раздельный,нет,4.0,4.0,2.7,нет,нет,1963,кирпичный,частично,1.798
21000000.0,60.0,раздельный,нет,9.0,10.0,2.7,нет,нет,2021,кирпичный,частично,4.193
14500000.0,50.0,раздельный,нет,4.0,5.0,2.8,нет,нет,1988,кирпичный,частично,3.897
19000000.0,70.0,раздельный,нет,9.0,9.0,2.7,нет,нет,1991,кирпичный,частично,2.891
55000000.0,143.0,раздельный,нет,8.0,10.0,2.8,нет,нет,2023,кирпичный,частично,4.432
16500000.0,38.3,раздельный,нет,8.0,8.0,2.7,нет,нет,2018,кирпичный,частично,0.602
16500000.0,65.0,раздельный,нет,5.0,5.0,2.7,нет,нет,1990,кирпичный,частично,3.527
18500000.0,63.0,раздельный,нет,5.0,5.0,2.5,нет,нет,1988,кирпичный,частично,2.726
19000000.0,58.5,раздельный,нет,3.0,5.0,2.7,нет,нет,1986,кирпичный,частично,3.436
7500000.0,35.7,раздельный,нет,2.0,5.0,2.7,нет,нет,1982,панельный,частично,2.131
19500000.0,70.0,раздельный,нет,9.0,9.0,2.7,нет,нет,1988,панельный,частично,2.677
19000000.0,80.0,раздельный,нет,1.0,5.0,2.7,нет,нет,1975,кирпичный,частично,1.473
30000000.0,64.5,совмещенный,нет,5.0,10.0,2.8,нет,нет,2023,кирпичный,частично,1.241
16500000.0,38.9,раздельный,нет,7.0,9.0,2.7,нет,нет,2018,кирпичный,частично,1.299
19000000.0,60.0,раздельный,нет,3.0,5.0,2.7,нет,нет,1990,кирпичный,частично,2.677
11500000.0,44.9,совмещенный,нет,5.0,5.0,2.7,нет,нет,1986,панельный,частично,1.48
29000000.0,75.0,раздельный,нет,8.0,10.0,2.7,нет,нет,2022,кирпичный,частично,1.324
10500000.0,60.0,раздельный,нет,2.0,2.0,2.7,нет,нет,1960,кирпичный,частично,0.423
11500000.0,43.0,раздельный,нет,5.0,5.0,2.7,нет,нет,1967,панельный,частично,0.251
15800000.0,53.7,совмещенный,нет,1.0,4.0,2.7,нет,нет,1964,кирпичный,частично,0.715
16000000.0,48.7,раздельный,нет,4.0,5.0,2.7,нет,нет,2018,кирпичный,частично,0.701
25000000.0,85.0,раздельный,нет,5.0,5.0,2.7,нет,нет,1989,кирпичный,частично,1.321
20000000.0,65.0,раздельный,нет,4.0,6.0,2.7,нет,нет,1992,кирпичный,частично,1.929
18500000.0,43.0,раздельный,нет,3.0,9.0,2.7,нет,В залоге,2021,кирпичный,частично,3.877
18500000.0,65.0,раздельный,нет,1.0,5.0,2.7,нет,нет,1992,кирпичный,частично,2.874
6500000.0,36.1,совмещенный,нет,3.0,5.0,2.6,да,нет,1982,панельный,частично,1.921
46000000.0,99.5,раздельный,нет,4.0,9.0,2.7,нет,нет,2020,кирпичный,частично,1.103
11000000.0,49.7,совмещенный,нет,6.0,6.0,2.3,нет,В залоге,1978,кирпичный,частично,1.154
11500000.0,50.0,раздельный,нет,5.0,5.0,2.7,нет,нет,1988,кирпичный,частично,2.765
23000000.0,60.0,совмещенный,нет,4.0,6.0,2.7,нет,нет,1992,кирпичный,частично,2.677
11500000.0,52.0,раздельный,нет,5.0,5.0,2.7,нет,нет,1989,панельный,частично,3.662
15500000.0,57.0,раздельный,нет,4.0,5.0,2.7,нет,нет,1972,кирпичный,частично,1.612
16800000.0,45.3,раздельный,нет,8.0,9.0,2.7,нет,нет,2017,кирпичный,частично,1.079
17000000.0,50.4,раздельный,нет,3.0,9.0,2.6,нет,нет,1989,панельный,частично,2.469
18400000.0,59.0,раздельный,нет,3.0,5.0,2.7,нет,нет,1992,кирпичный,частично,2.095
36738000.0,141.3,раздельный,нет,7.0,7.0,2.7,нет,нет,2015,кирпичный,частично,2.129
18000000.0,58.3,совмещенный,нет,2.0,5.0,2.7,нет,нет,2022,кирпичный,частично,3.296
13800000.0,46.0,раздельный,нет,2.0,5.0,2.7,нет,нет,1978,кирпичный,частично,1.497
10000000.0,37.0,раздельный,нет,2.0,2.0,2.5,нет,нет,1971,кирпичный,полностью,2.687
27000000.0,82.0,раздельный,нет,4.0,5.0,2.7,нет,нет,2010,кирпичный,частично,3.527
105000000.0,142.9,раздельный,нет,7.0,9.0,2.7,нет,нет,2023,кирпичный,частично,2.45
22500000.0,55.0,2 с/у и более,нет,9.0,10.0,2.8,нет,нет,2023,кирпичный,полностью,0.525
37128000.0,142.8,раздельный,нет,3.0,7.0,2.7,нет,нет,2015,кирпичный,частично,2.129
24000000.0,88.3,раздельный,нет,4.0,9.0,2.7,нет,нет,2022,кирпичный,частично,1.17
20000000.0,58.0,раздельный,нет,5.0,5.0,2.7,нет,нет,1984,кирпичный,полностью,0.931
19413000.0,71.9,раздельный,нет,8.0,9.0,2.7,нет,нет,2022,кирпичный,частично,2.582
22100000.0,72.6,раздельный,нет,5.0,9.0,2.7,нет,нет,2024,кирпичный,частично,1.324
17000000.0,38.0,совмещенный,нет,5.0,5.0,2.8,нет,В залоге,2021,кирпичный,полностью,1.624
28900000.0,65.0,раздельный,нет,2.0,9.0,2.7,нет,нет,2020,кирпичный,частично,4.193
15500000.0,50.7,раздельный,нет,1.0,6.0,2.7,нет,нет,1990,кирпичный,частично,1.974
25500000.0,66.5,совмещенный,нет,4.0,5.0,2.8,нет,нет,2024,кирпичный,частично,1.73
26000000.0,56.0,совмещенный,нет,7.0,9.0,2.7,нет,нет,2021,кирпичный,частично,1.803
20864000.0,52.16,раздельный,нет,4.0,9.0,3.0,нет,нет,2025,кирпичный,частично,1.096
28485000.0,105.5,раздельный,нет,9.0,10.0,2.7,нет,нет,2022,кирпичный,частично,2.582
10500000.0,36.8,раздельный,нет,4.0,6.0,2.7,нет,нет,1989,панельный,частично,1.961
95000000.0,112.3,раздельный,нет,3.0,9.0,2.7,нет,нет,2021,кирпичный,частично,1.402
16500000.0,53.0,совмещенный,нет,5.0,6.0,2.7,нет,нет,1996,панельный,частично,3.527
19600000.0,69.73,раздельный,нет,8.0,9.0,2.7,нет,нет,2025,кирпичный,частично,0.781
32000000.0,77.0,раздельный,нет,3.0,9.0,2.7,нет,нет,2022,кирпичный,частично,0.756
19500000.0,60.1,раздельный,нет,3.0,5.0,2.7,нет,нет,2012,кирпичный,частично,1.974
26000000.0,58.0,раздельный,нет,5.0,5.0,2.7,нет,нет,2023,кирпичный,частично,1.651
26000000.0,63.0,раздельный,нет,3.0,5.0,2.7,нет,нет,2012,кирпичный,частично,1.974
27000000.0,56.4,раздельный,нет,5.0,9.0,2.7,нет,нет,2024,кирпичный,частично,1.241
27000000.0,56.4,раздельный,нет,5.0,9.0,2.7,нет,нет,2023,кирпичный,частично,1.241
15800000.0,42.0,раздельный,нет,4.0,5.0,2.7,нет,нет,2023,кирпичный,частично,1.036
16000000.0,56.0,раздельный,нет,1.0,9.0,2.8,нет,В залоге,1990,панельный,частично,2.624
9300000.0,38.11,совмещенный,нет,3.0,4.0,2.7,нет,нет,1963,кирпичный,частично,1.798
34000000.0,87.0,2 с/у и более,нет,6.0,9.0,2.7,нет,нет,2018,кирпичный,частично,1.249
16000000.0,46.7,совмещенный,нет,6.0,9.0,3.0,нет,нет,2024,кирпичный,без мебели,1.103
10000000.0,30.1,раздельный,нет,5.0,5.0,2.7,нет,нет,1972,кирпичный,частично,1.103
15696000.0,39.24,совмещенный,нет,5.0,9.0,3.0,нет,нет,2025,кирпичный,частично,1.096
24000000.0,52.5,раздельный,нет,2.0,10.0,2.7,нет,нет,2022,кирпичный,частично,1.296
34000000.0,100.6,раздельный,нет,4.0,9.0,2.7,нет,нет,2007,кирпичный,частично,1.061
19000000.0,65.0,раздельный,нет,1.0,5.0,2.7,нет,нет,1980,кирпичный,без мебели,2.362
25400000.0,60.0,раздельный,нет,5.0,9.0,2.8,нет,нет,2015,кирпичный,полностью,1.017
30000000.0,90.1,раздельный,нет,4.0,6.0,2.7,нет,нет,1996,кирпичный,частично,1.58
37500000.0,73.3,раздельный,нет,2.0,9.0,2.7,нет,нет,2017,кирпичный,частично,0.384
11000000.0,52.0,раздельный,несколько балконов или лоджий,5.0,5.0,2.7,нет,нет,1988,кирпичный,частично,2.726
11940600.0,56.86,раздельный,нет,5.0,6.0,2.75,нет,нет,2025,кирпичный,без мебели,2.273
27000000.0,56.3,раздельный,нет,4.0,8.0,2.7,нет,нет,2020,кирпичный,частично,1.785
24000000.0,60.13,совмещенный,нет,6.0,9.0,2.7,нет,нет,2023,кирпичный,частично,3.818
18500000.0,65.0,раздельный,нет,3.0,5.0,2.7,нет,нет,1982,панельный,частично,3.83
13800000.0,49.6,раздельный,нет,5.0,5.0,2.7,нет,нет,1977,кирпичный,частично,3.496
22500000.0,53.0,раздельный,нет,6.0,9.0,2.7,нет,нет,2022,кирпичный,частично,0.725
12900000.0,52.0,раздельный,нет,8.0,9.0,2.7,нет,нет,1991,панельный,частично,4.337
13800000.0,50.3,раздельный,нет,3.0,5.0,2.7,нет,нет,2024,кирпичный,частично,1.402
14000000.0,51.0,раздельный,балкон,1.0,5.0,2.7,нет,нет,1984,панельный,частично,3.358
11500000.0,50.0,раздельный,нет,5.0,5.0,2.7,нет,нет,1979,панельный,частично,3.502
20570350.0,69.73,раздельный,нет,3.0,9.0,2.7,нет,нет,2025,кирпичный,частично,0.951
13400000.0,39.2,раздельный,нет,2.0,9.0,2.7,нет,нет,2014,кирпичный,частично,2.195
12600000.0,52.0,раздельный,нет,4.0,5.0,2.7,нет,нет,1976,кирпичный,частично,2.23
30500000.0,70.0,раздельный,нет,5.0,9.0,2.7,нет,нет,2022,кирпичный,частично,1.17
6500000.0,29.0,совмещенный,нет,2.0,5.0,2.7,нет,нет,2024,кирпичный,частично,2.273
13500000.0,52.0,раздельный,нет,5.0,6.0,2.7,нет,нет,1990,панельный,частично,3.614
20500000.0,69.7,раздельный,нет,2.0,3.0,2.7,нет,нет,1990,кирпичный,частично,3.479
25500000.0,54.7,раздельный,нет,3.0,8.0,2.7,нет,нет,2020,кирпичный,частично,1.475
14500000.0,46.0,раздельный,нет,3.0,5.0,2.7,нет,нет,2014,кирпичный,частично,4.024
27000000.0,100.0,раздельный,нет,3.0,5.0,2.7,нет,нет,1986,иной,частично,2.765
22902000.0,76.34,раздельный,нет,6.0,9.0,2.7,нет,нет,2025,кирпичный,частично,3.716
24150000.0,80.5,раздельный,нет,8.0,9.0,2.7,нет,нет,2025,кирпичный,частично,3.716
19518000.0,65.06,совмещенный,нет,8.0,9.0,2.7,нет,нет,2025,кирпичный,частично,3.716
16032000.0,53.44,совмещенный,нет,9.0,9.0,2.7,нет,нет,2025,кирпичный,частично,3.716
12126000.0,40.42,совмещенный,нет,6.0,9.0,2.7,нет,нет,2025,кирпичный,частично,3.716
10890000.0,36.3,совмещенный,нет,8.0,9.0,2.7,нет,нет,2025,кирпичный,частично,3.716
7860000.0,26.2,совмещенный,нет,6.0,9.0,2.7,нет,нет,2025,кирпичный,частично,3.716
33800000.0,70.0,раздельный,нет,5.0,9.0,2.7,нет,нет,2022,кирпичный,частично,2.45
37000000.0,92.0,раздельный,нет,4.0,9.0,2.8,нет,нет,2022,кирпичный,частично,3.598
19300000.0,58.0,раздельный,нет,2.0,5.0,2.7,нет,нет,1990,панельный,полностью,0.577
15300000.0,45.7,раздельный,нет,9.0,9.0,2.7,нет,нет,1984,кирпичный,частично,1.165
19845500.0,61.1,раздельный,нет,1.0,5.0,2.7,нет,нет,2024,панельный,частично,4.193
15000000.0,50.0,раздельный,нет,6.0,6.0,2.7,нет,нет,1990,панельный,частично,1.402
43500000.0,106.0,2 с/у и более,нет,2.0,10.0,2.7,нет,нет,2024,кирпичный,частично,1.103
50000000.0,60.0,раздельный,нет,8.0,10.0,2.7,нет,нет,2017,кирпичный,частично,1.477
37500000.0,75.0,раздельный,нет,3.0,9.0,2.7,нет,нет,2015,кирпичный,частично,1.017
17250100.0,64.85,раздельный,нет,4.0,5.0,2.7,нет,нет,2023,кирпичный,частично,0.764
17500000.0,41.0,раздельный,нет,2.0,9.0,2.7,нет,нет,2020,кирпичный,полностью,1.58
16000000.0,46.0,раздельный,нет,4.0,9.0,2.7,нет,нет,1988,кирпичный,полностью,3.305
11500000.0,43.7,раздельный,нет,5.0,5.0,2.7,нет,нет,1968,панельный,частично,0.365
25000000.0,76.6,раздельный,несколько балконов или лоджий,6.0,6.0,2.7,нет,нет,1989,кирпичный,полностью,2.43
43092000.0,153.9,раздельный,нет,8.0,10.0,3.0,нет,нет,2022,кирпичный,частично,1.241
13800000.0,50.0,совмещенный,нет,3.0,9.0,2.7,нет,нет,1984,панельный,частично,3.071
19500000.0,65.0,раздельный,нет,4.0,5.0,2.7,нет,нет,1981,кирпичный,частично,1.146
18300000.0,60.0,раздельный,нет,3.0,5.0,2.7,нет,нет,1990,кирпичный,частично,2.677
7000000.0,28.0,раздельный,нет,5.0,5.0,2.7,да,нет,1987,панельный,частично,1.519
9641700.0,35.71,раздельный,нет,1.0,5.0,2.7,нет,нет,2025,кирпичный,частично,0.53
16200000.0,61.6,совмещенный,нет,4.0,5.0,2.7,нет,нет,2023,кирпичный,частично,1.651
7500000.0,35.0,раздельный,нет,2.0,5.0,2.7,нет,нет,1982,кирпичный,частично,1.921
19000000.0,70.0,раздельный,нет,9.0,9.0,2.7,нет,нет,1991,панельный,частично,2.891
17400000.0,60.8,совмещенный,нет,9.0,10.0,2.8,нет,нет,2023,кирпичный,частично,1.132
10500000.0,29.5,раздельный,нет,5.0,5.0,2.7,нет,нет,1972,кирпичный,частично,0.959
16500000.0,46.7,раздельный,нет,2.0,9.0,2.7,нет,нет,2022,кирпичный,частично,0.947
10100000.0,30.0,совмещенный,нет,2.0,4.0,2.7,нет,нет,1965,кирпичный,полностью,1.875
25500000.0,66.4,раздельный,нет,4.0,5.0,2.7,нет,нет,2024,кирпичный,частично,1.73
23500000.0,55.0,совмещенный,балкон и лоджия,1.0,5.0,3.0,нет,нет,2017,кирпичный,частично,2.038
25000000.0,60.0,раздельный,нет,3.0,9.0,2.75,нет,нет,2021,кирпичный,частично,1.436
14500000.0,56.1,раздельный,нет,4.0,5.0,2.7,нет,нет,1969,кирпичный,частично,2.175
10000000.0,53.0,раздельный,нет,5.0,5.0,2.7,нет,нет,1975,кирпичный,частично,4.183
16500000.0,80.4,раздельный,нет,6.0,6.0,2.7,нет,нет,1989,панельный,частично,2.314
25000000.0,70.0,раздельный,нет,9.0,9.0,2.7,нет,В залоге,1999,панельный,частично,2.303
36500000.0,88.1,раздельный,нет,9.0,10.0,3.0,нет,В залоге,2022,монолитный,полностью,0.58
14500000.0,40.2,раздельный,нет,1.0,6.0,2.7,нет,нет,2018,панельный,частично,3.891
20000000.0,71.0,раздельный,нет,1.0,9.0,2.7,нет,нет,1993,панельный,частично,1.977
29500000.0,69.0,совмещенный,нет,3.0,9.0,2.7,нет,нет,2019,кирпичный,частично,0.47
16800000.0,45.3,совмещенный,лоджия,8.0,9.0,2.7,нет,нет,2017,кирпичный,частично,1.079
19500000.0,60.8,раздельный,балкон,7.0,10.0,2.7,нет,нет,2011,панельный,без мебели,3.28
18500000.0,70.0,раздельный,нет,1.0,6.0,2.7,нет,нет,1992,панельный,частично,2.228
19000000.0,51.0,раздельный,нет,3.0,9.0,2.7,нет,В залоге,1990,кирпичный,частично,2.677
14500000.0,39.0,раздельный,нет,3.0,4.0,2.7,нет,нет,1965,кирпичный,без мебели,2.277
17000000.0,61.9,раздельный,нет,2.0,5.0,2.5,нет,нет,1967,кирпичный,полностью,1.615
15500000.0,70.0,раздельный,лоджия,9.0,9.0,2.7,нет,нет,1991,панельный,частично,3.298
17000000.0,68.4,раздельный,балкон,6.0,6.0,2.7,нет,В залоге,1990,панельный,частично,2.379
10000000.0,36.8,совмещенный,нет,1.0,5.0,2.7,да,нет,1985,панельный,частично,3.491
19500000.0,70.0,раздельный,балкон,8.0,9.0,2.7,нет,нет,1992,панельный,частично,3.515
20000000.0,59.7,совмещенный,нет,5.0,5.0,2.7,нет,нет,1985,кирпичный,полностью,0.981
12000000.0,58.0,совмещенный,нет,1.0,2.0,2.8,нет,нет,1971,кирпичный,частично,2.687
25300000.0,74.0,раздельный,нет,3.0,5.0,2.7,нет,нет,2010,кирпичный,частично,2.947
50000000.0,140.7,2 с/у и более,лоджия,8.0,10.0,2.7,нет,нет,2017,кирпичный,частично,1.58
48500000.0,111.1,раздельный,нет,7.0,9.0,2.8,нет,нет,2022,кирпичный,частично,1.083
16000000.0,52.0,раздельный,нет,2.0,5.0,2.7,нет,В залоге,1984,панельный,частично,3.697
24300000.0,60.0,совмещенный,нет,9.0,10.0,2.7,нет,нет,2022,кирпичный,полностью,0.711
22000000.0,75.7,совмещенный,несколько балконов или лоджий,3.0,10.0,2.7,нет,нет,2024,кирпичный,частично,0.947
18000000.0,65.0,раздельный,нет,4.0,5.0,2.7,нет,нет,1978,кирпичный,частично,3.81
24773000.0,89.9,раздельный,нет,9.0,9.0,2.7,нет,нет,2024,кирпичный,частично,1.288
15500000.0,64.0,раздельный,лоджия,6.0,6.0,2.7,нет,нет,1994,кирпичный,частично,3.614
19000000.0,64.0,раздельный,нет,2.0,5.0,2.7,нет,нет,2016,кирпичный,частично,2.892
20000000.0,60.0,совмещенный,балкон,2.0,5.0,2.7,нет,нет,1973,кирпичный,частично,1.593
18486900.0,68.47,раздельный,нет,1.0,5.0,2.7,нет,нет,2025,кирпичный,частично,0.658
20500000.0,57.4,раздельный,нет,3.0,6.0,2.7,нет,нет,1986,кирпичный,частично,1.403
12700000.0,52.0,раздельный,нет,6.0,6.0,2.7,да,нет,1987,панельный,частично,3.491
20000000.0,42.0,совмещенный,нет,6.0,9.0,3.1,нет,нет,2020,кирпичный,частично,0.914
20500000.0,62.0,раздельный,балкон,4.0,5.0,2.7,нет,нет,1996,кирпичный,частично,3.527
19500000.0,70.2,раздельный,нет,6.0,6.0,2.7,нет,нет,1993,панельный,частично,3.527
9500000.0,40.3,раздельный,нет,1.0,4.0,2.7,нет,нет,1964,кирпичный,частично,2.107
11300000.0,35.6,раздельный,нет,6.0,9.0,2.7,нет,нет,1989,панельный,частично,2.315
19000000.0,45.0,раздельный,нет,1.0,9.0,2.7,нет,В залоге,2022,кирпичный,полностью,3.296
22000000.0,60.0,раздельный,лоджия,5.0,5.0,2.6,нет,нет,1988,панельный,частично,1.4
22000000.0,67.5,раздельный,нет,1.0,9.0,2.7,нет,нет,2005,панельный,частично,1.682
15500000.0,63.0,раздельный,нет,4.0,5.0,2.7,нет,нет,1979,кирпичный,частично,3.801
25000000.0,60.0,совмещенный,нет,1.0,6.0,2.0,нет,нет,1982,кирпичный,частично,0.751
19000000.0,68.0,раздельный,нет,3.0,6.0,2.7,нет,нет,1990,панельный,частично,3.614
43820000.0,156.5,раздельный,несколько балконов или лоджий,8.0,10.0,3.0,нет,нет,2022,кирпичный,частично,1.241
15500000.0,53.0,раздельный,нет,5.0,5.0,2.7,нет,нет,1988,панельный,частично,1.34
15892800.0,75.68,раздельный,нет,2.0,6.0,2.75,нет,нет,2024,кирпичный,без мебели,2.273
15600000.0,69.2,совмещенный,нет,5.0,5.0,2.7,нет,нет,1987,кирпичный,частично,3.724
15000000.0,51.0,раздельный,нет,1.0,6.0,2.7,нет,нет,1990,кирпичный,частично,1.374
28500000.0,63.0,раздельный,нет,8.0,9.0,2.8,нет,нет,2023,кирпичный,частично,4.193
24400000.0,52.3,раздельный,нет,5.0,9.0,2.7,нет,нет,2022,кирпичный,частично,0.947
65000000.0,136.0,раздельный,нет,9.0,13.0,3.0,нет,нет,2024,кирпичный,частично,2.653
20500000.0,66.0,раздельный,нет,1.0,5.0,2.7,нет,нет,1983,кирпичный,частично,0.931
52000000.0,92.0,раздельный,нет,4.0,9.0,2.7,нет,нет,2022,кирпичный,частично,1.477
18600000.0,79.7,раздельный,лоджия,5.0,5.0,2.7,нет,В залоге,1978,кирпичный,частично,1.414
21000000.0,80.0,раздельный,нет,3.0,6.0,2.7,нет,нет,1990,кирпичный,частично,2.228
13500000.0,50.0,совмещенный,нет,5.0,5.0,2.7,нет,нет,1976,кирпичный,частично,1.103
16500000.0,60.0,раздельный,нет,1.0,5.0,2.7,нет,нет,1989,панельный,частично,1.717
22500000.0,60.0,совмещенный,нет,5.0,9.0,2.7,нет,нет,2021,кирпичный,частично,3.877
16500000.0,60.0,раздельный,нет,2.0,5.0,2.7,нет,нет,1969,кирпичный,частично,1.76
9500000.0,44.0,совмещенный,нет,3.0,4.0,2.7,нет,нет,1965,панельный,частично,2.499
14000000.0,45.0,совмещенный,нет,5.0,5.0,2.7,нет,нет,1971,кирпичный,полностью,0.845
15600000.0,69.2,раздельный,нет,5.0,5.0,2.7,нет,нет,1987,кирпичный,частично,3.724
19000000.0,65.0,совмещенный,балкон,4.0,5.0,2.5,нет,нет,1986,кирпичный,частично,1.58
6700000.0,36.0,совмещенный,нет,5.0,5.0,2.7,да,нет,1986,кирпичный,частично,1.195
14000000.0,46.6,раздельный,нет,3.0,5.0,2.0,нет,В залоге,1972,кирпичный,частично,1.72
14000000.0,47.2,совмещенный,нет,5.0,5.0,2.7,нет,нет,2023,кирпичный,частично,1.64
13500000.0,38.4,раздельный,балкон,3.0,5.0,2.7,нет,нет,1973,кирпичный,частично,1.593
12000000.0,40.0,раздельный,нет,8.0,10.0,3.0,нет,нет,2023,кирпичный,частично,4.193
22000000.0,65.0,раздельный,нет,1.0,5.0,2.7,нет,нет,2022,кирпичный,частично,3.296
27500000.0,83.5,раздельный,нет,6.0,9.0,2.7,нет,нет,2017,панельный,частично,4.033
8300000.0,32.0,раздельный,нет,5.0,5.0,2.7,нет,нет,1969,панельный,частично,0.861
15000000.0,40.0,совмещенный,нет,2.0,5.0,2.7,нет,нет,2024,кирпичный,частично,1.73
23500000.0,70.0,раздельный,нет,7.0,9.0,2.7,нет,нет,2004,панельный,частично,2.006
24500000.0,67.9,раздельный,нет,4.0,9.0,2.7,нет,нет,2015,кирпичный,частично,1.079
39000000.0,142.7,раздельный,нет,1.0,7.0,2.7,нет,нет,2015,кирпичный,частично,2.129
15000000.0,41.0,раздельный,нет,2.0,9.0,2.7,нет,нет,2017,кирпичный,частично,4.042
11500000.0,40.0,раздельный,нет,2.0,9.0,2.7,нет,нет,2014,кирпичный,частично,4.276
18500000.0,62.6,раздельный,нет,1.0,5.0,2.7,нет,нет,1992,панельный,частично,2.874
25500000.0,66.5,раздельный,нет,4.0,5.0,2.7,нет,нет,2024,кирпичный,частично,1.73
27000000.0,80.0,раздельный,нет,6.0,6.0,2.7,нет,нет,1990,панельный,частично,1.931
21500000.0,80.0,раздельный,балкон,2.0,5.0,2.7,нет,нет,2022,иной,частично,2.726
22000000.0,58.0,раздельный,нет,4.0,10.0,2.7,нет,нет,2023,кирпичный,частично,1.95
24115000.0,68.9,раздельный,несколько балконов или лоджий,6.0,10.0,3.06,нет,нет,2024,кирпичный,частично,1.103
18500000.0,61.8,раздельный,нет,2.0,5.0,2.7,нет,нет,1987,иной,частично,0.47
10500000.0,60.0,раздельный,нет,2.0,2.0,2.7,нет,нет,1960,иной,частично,0.423
19000000.0,63.0,раздельный,нет,1.0,5.0,2.7,нет,нет,2015,кирпичный,частично,4.375
20600000.0,84.6,раздельный,нет,3.0,5.0,2.7,нет,нет,1989,кирпичный,частично,2.138
11000000.0,35.0,раздельный,нет,5.0,5.0,2.7,нет,нет,1983,кирпичный,частично,1.264
25500000.0,54.7,раздельный,нет,3.0,8.0,2.7,нет,нет,2020,кирпичный,частично,1.475
21500000.0,68.0,раздельный,нет,5.0,6.0,2.7,нет,нет,2006,панельный,частично,2.46
50000000.0,96.0,раздельный,нет,9.0,10.0,2.7,нет,нет,2023,кирпичный,частично,1.95
17000000.0,60.0,совмещенный,нет,5.0,5.0,2.7,нет,нет,1985,кирпичный,без мебели,0.501
16500000.0,51.5,раздельный,нет,1.0,6.0,2.55,да,нет,1988,панельный,частично,2.166
24000000.0,81.8,совмещенный,нет,3.0,5.0,2.8,нет,нет,2021,кирпичный,без мебели,1.624
7805250.0,34.69,раздельный,нет,4.0,5.0,2.75,нет,нет,2025,кирпичный,без мебели,3.158
8500000.0,48.9,раздельный,нет,2.0,4.0,2.7,нет,нет,1962,кирпичный,частично,2.041
16800000.0,45.2,раздельный,нет,8.0,9.0,2.7,нет,нет,2017,кирпичный,частично,1.079
14500000.0,41.2,раздельный,лоджия,1.0,5.0,2.8,нет,нет,2018,кирпичный,частично,1.941
25000000.0,67.9,раздельный,лоджия,4.0,9.0,2.7,нет,нет,2015,кирпичный,полностью,1.079
11500000.0,30.0,раздельный,нет,4.0,5.0,2.7,нет,нет,2024,кирпичный,частично,4.193
33800000.0,70.0,раздельный,нет,5.0,9.0,2.7,нет,нет,2022,кирпичный,частично,1.599
24500000.0,82.0,совмещенный,нет,6.0,9.0,2.7,нет,нет,2023,кирпичный,частично,0.958
9000000.0,35.8,совмещенный,нет,4.0,5.0,2.7,нет,нет,1985,панельный,полностью,3.716
12000000.0,40.0,раздельный,нет,7.0,9.0,2.7,нет,нет,2018,кирпичный,частично,4.018
11500000.0,40.0,раздельный,нет,5.0,5.0,2.7,нет,нет,2024,кирпичный,частично,1.716
16500000.0,48.0,раздельный,нет,2.0,5.0,2.7,нет,нет,2019,кирпичный,частично,4.485
19500000.0,60.4,раздельный,балкон,4.0,5.0,2.6,нет,нет,1984,панельный,частично,3.351
27500000.0,93.1,2 с/у и более,нет,9.0,10.0,2.9,нет,нет,2023,кирпичный,частично,1.083
16000000.0,54.0,раздельный,нет,6.0,9.0,2.7,нет,нет,1993,панельный,частично,3.515
23000000.0,80.0,раздельный,балкон,2.0,5.0,2.8,нет,нет,1982,кирпичный,полностью,3.613
13100000.0,41.0,раздельный,нет,5.0,5.0,2.7,нет,нет,1979,панельный,частично,3.86
16800000.0,45.0,раздельный,нет,8.0,9.0,2.7,нет,нет,2017,кирпичный,частично,1.079
8000000.0,30.4,совмещенный,балкон,3.0,5.0,2.7,нет,нет,1976,иной,частично,3.792
15600000.0,52.0,раздельный,нет,2.0,9.0,2.7,нет,нет,1990,панельный,частично,3.251
27500000.0,83.5,раздельный,несколько балконов или лоджий,6.0,9.0,2.7,нет,нет,2017,панельный,полностью,4.033
18500000.0,43.0,раздельный,нет,3.0,9.0,2.7,нет,нет,2021,кирпичный,частично,3.877
22500000.0,80.5,раздельный,нет,5.0,9.0,2.7,нет,нет,1987,кирпичный,частично,1.093
14500000.0,51.0,раздельный,нет,1.0,6.0,2.7,нет,нет,1993,панельный,частично,3.633
12000000.0,40.2,раздельный,нет,7.0,9.0,2.7,нет,нет,2018,панельный,частично,4.018
9000000.0,32.0,раздельный,нет,1.0,3.0,2.7,нет,нет,1961,кирпичный,частично,2.714
15499000.0,56.0,раздельный,нет,8.0,9.0,2.7,нет,В залоге,1995,панельный,полностью,1.473
19500000.0,40.0,раздельный,нет,3.0,5.0,2.7,нет,нет,2023,кирпичный,частично,1.651
14500000.0,51.0,раздельный,нет,1.0,6.0,2.7,нет,нет,1990,панельный,частично,3.633
8000000.0,25.0,раздельный,нет,4.0,6.0,2.7,нет,нет,1990,панельный,частично,1.453
15000000.0,54.0,совмещенный,балкон,1.0,5.0,2.7,нет,нет,1994,кирпичный,частично,2.431
17000000.0,58.0,раздельный,нет,4.0,5.0,2.7,нет,нет,1978,кирпичный,полностью,1.637
15500000.0,57.0,раздельный,нет,4.0,5.0,2.7,нет,нет,1969,кирпичный,частично,1.521
26500000.0,56.0,раздельный,нет,3.0,9.0,2.7,нет,нет,2015,кирпичный,частично,0.483
10000000.0,36.0,раздельный,нет,5.0,5.0,2.7,нет,нет,1986,панельный,частично,2.046
16000000.0,45.0,раздельный,нет,1.0,9.0,2.7,нет,нет,2020,кирпичный,частично,0.47
14000000.0,48.0,раздельный,нет,8.0,9.0,2.5,нет,нет,1989,кирпичный,полностью,3.436
26000000.0,69.0,раздельный,нет,4.0,5.0,2.7,нет,нет,2016,кирпичный,частично,2.902
9500000.0,40.3,совмещенный,нет,1.0,4.0,2.7,нет,нет,1963,кирпичный,полностью,2.107
15500000.0,50.0,совмещенный,нет,3.0,5.0,2.7,нет,нет,2023,кирпичный,частично,3.491
22000000.0,67.8,раздельный,нет,3.0,9.0,2.7,нет,нет,1996,панельный,частично,1.85
21500000.0,62.0,раздельный,лоджия,5.0,5.0,2.8,нет,нет,1994,панельный,полностью,2.929
8800000.0,30.0,раздельный,нет,2.0,4.0,2.7,нет,нет,1967,кирпичный,частично,1.262
22720000.0,71.0,раздельный,нет,3.0,5.0,2.7,нет,нет,2024,кирпичный,частично,2.677
32000000.0,77.0,раздельный,нет,3.0,9.0,2.7,нет,нет,2022,кирпичный,частично,0.756
18500000.0,51.0,раздельный,нет,5.0,9.0,2.7,нет,нет,1989,панельный,частично,2.315
15500000.0,51.8,раздельный,нет,9.0,9.0,2.7,нет,нет,1990,панельный,частично,2.624
12000000.0,40.0,раздельный,нет,3.0,5.0,2.7,нет,нет,1989,кирпичный,частично,1.035
16500000.0,79.0,раздельный,нет,5.0,5.0,2.7,нет,нет,1979,кирпичный,частично,3.471
11500000.0,40.5,совмещенный,нет,5.0,5.0,2.7,нет,В залоге,1971,кирпичный,частично,1.19
24000000.0,52.0,совмещенный,нет,3.0,3.0,3.0,нет,нет,2022,кирпичный,частично,1.224
21112000.0,72.8,раздельный,нет,7.0,9.0,2.7,нет,нет,2025,кирпичный,частично,1.014
15000000.0,41.0,раздельный,нет,5.0,5.0,2.7,нет,нет,2018,кирпичный,частично,1.73
17000000.0,53.9,раздельный,нет,4.0,6.0,2.7,нет,нет,1993,кирпичный,частично,3.633
17500000.0,57.0,раздельный,лоджия,3.0,5.0,2.7,нет,нет,1990,кирпичный,частично,3.527
19500000.0,40.0,раздельный,нет,1.0,5.0,2.7,нет,нет,2024,кирпичный,частично,1.675
30000000.0,87.1,раздельный,нет,1.0,5.0,2.7,нет,нет,2015,кирпичный,частично,4.395
14000000.0,52.0,раздельный,нет,1.0,5.0,2.7,нет,В залоге,1997,кирпичный,частично,3.552
21500000.0,62.0,раздельный,нет,4.0,9.0,2.7,нет,нет,2007,кирпичный,частично,0.696
16300000.0,44.8,совмещенный,нет,10.0,10.0,2.7,нет,нет,2021,кирпичный,полностью,0.853
10300000.0,44.0,раздельный,нет,5.0,5.0,2.7,нет,нет,1969,кирпичный,частично,2.175
19500000.0,65.0,раздельный,нет,4.0,5.0,2.7,нет,нет,1981,кирпичный,частично,1.146
14250000.0,47.0,раздельный,нет,4.0,5.0,2.7,нет,нет,2015,кирпичный,частично,4.193
11000000.0,66.2,совмещенный,нет,2.0,2.0,2.8,нет,В залоге,1970,иной,полностью,3.934
14500000.0,41.0,раздельный,нет,3.0,5.0,2.7,нет,нет,2011,кирпичный,частично,3.527
12000000.0,42.0,раздельный,нет,3.0,5.0,2.7,нет,нет,1974,кирпичный,частично,3.711
15300000.0,56.2,раздельный,нет,1.0,5.0,2.7,нет,нет,1976,кирпичный,частично,3.85
13000000.0,42.0,раздельный,нет,9.0,9.0,2.7,нет,нет,2015,кирпичный,частично,4.193
22500000.0,67.4,раздельный,нет,4.0,6.0,2.7,нет,В залоге,1993,панельный,частично,2.109
11300000.0,40.0,раздельный,нет,6.0,9.0,2.7,нет,нет,1990,панельный,частично,2.315
15000000.0,40.0,совмещенный,нет,5.0,5.0,2.7,нет,нет,2018,кирпичный,полностью,1.73
14500000.0,40.1,раздельный,лоджия,8.0,9.0,2.7,нет,нет,2018,кирпичный,полностью,4.018
23000000.0,80.0,раздельный,нет,4.0,5.0,2.7,нет,В залоге,1985,панельный,частично,3.471
16500000.0,39.0,раздельный,нет,3.0,5.0,2.7,нет,нет,2022,кирпичный,частично,1.73
11000000.0,49.0,раздельный,нет,1.0,3.0,2.7,нет,нет,1961,кирпичный,частично,2.648
22500000.0,56.7,раздельный,нет,8.0,9.0,2.7,нет,В залоге,2020,кирпичный,частично,3.858
13000000.0,42.2,раздельный,балкон,2.0,5.0,2.7,нет,нет,1970,кирпичный,полностью,0.751
14200000.0,44.0,раздельный,нет,1.0,5.0,2.7,нет,нет,1976,панельный,частично,3.609
11500000.0,30.0,раздельный,нет,1.0,5.0,2.7,нет,нет,1988,кирпичный,частично,2.765
17500000.0,62.0,раздельный,нет,5.0,5.0,2.7,нет,нет,1979,панельный,частично,3.442
21600000.0,80.0,раздельный,нет,5.0,5.0,2.5,нет,нет,1983,кирпичный,частично,0.182
20500000.0,57.4,раздельный,нет,3.0,6.0,2.7,нет,нет,1986,иной,частично,1.403
16500000.0,40.0,раздельный,нет,7.0,9.0,2.7,нет,нет,2018,кирпичный,частично,1.299
18500000.0,42.8,совмещенный,лоджия,3.0,9.0,2.7,нет,нет,2021,кирпичный,полностью,3.877
26000000.0,73.0,совмещенный,лоджия,7.0,10.0,2.7,нет,нет,2022,кирпичный,без мебели,1.324
11000000.0,36.8,раздельный,нет,1.0,5.0,2.7,нет,нет,1987,панельный,частично,1.884
26500000.0,59.0,раздельный,нет,3.0,9.0,2.7,нет,нет,2022,кирпичный,частично,1.436
19000000.0,45.0,раздельный,нет,4.0,9.0,2.7,нет,нет,2022,кирпичный,частично,3.296
13500000.0,50.0,раздельный,лоджия,5.0,6.0,2.6,нет,нет,1990,панельный,частично,1.538
10000000.0,35.1,раздельный,нет,4.0,5.0,2.7,нет,нет,1990,кирпичный,частично,3.491
16000000.0,41.0,совмещенный,лоджия,6.0,9.0,2.7,нет,нет,2022,кирпичный,частично,3.491
18500000.0,45.0,раздельный,нет,3.0,9.0,2.7,нет,нет,2021,кирпичный,частично,3.877
19500000.0,65.9,раздельный,нет,2.0,2.0,2.7,нет,нет,1985,кирпичный,полностью,2.819
16500000.0,42.7,совмещенный,лоджия,5.0,9.0,2.7,нет,нет,2020,кирпичный,полностью,0.47
11000000.0,51.0,раздельный,нет,4.0,5.0,2.7,нет,нет,1986,кирпичный,частично,1.48
51000000.0,101.2,раздельный,нет,8.0,9.0,2.7,нет,нет,2021,кирпичный,частично,1.326
11629000.0,40.1,раздельный,нет,7.0,9.0,2.7,нет,нет,2025,кирпичный,частично,1.014
20000000.0,58.0,раздельный,нет,7.0,9.0,2.7,нет,нет,2014,кирпичный,частично,2.195
17700000.0,53.0,раздельный,лоджия,8.0,9.0,2.7,нет,нет,2005,панельный,полностью,1.955
16800000.0,45.3,совмещенный,лоджия,8.0,9.0,2.7,нет,нет,2017,кирпичный,полностью,1.079
21228000.0,73.2,раздельный,нет,4.0,5.0,2.7,нет,нет,2024,кирпичный,частично,1.27
17500000.0,60.0,раздельный,нет,3.0,9.0,2.7,нет,нет,1993,кирпичный,частично,3.491
23000000.0,66.7,раздельный,нет,7.0,9.0,2.7,нет,нет,2020,монолитный,частично,4.193
15000000.0,51.0,раздельный,нет,1.0,6.0,2.7,нет,нет,1991,кирпичный,частично,1.58
13500000.0,51.0,раздельный,нет,5.0,5.0,2.7,нет,нет,1969,кирпичный,частично,2.175
18500000.0,60.0,раздельный,нет,9.0,10.0,2.7,нет,нет,2020,панельный,частично,3.265
15800000.0,60.0,раздельный,нет,4.0,5.0,2.5,нет,нет,1991,кирпичный,частично,1.403
9300000.0,46.2,совмещенный,нет,5.0,5.0,2.55,нет,нет,1981,панельный,полностью,3.533
22000000.0,43.8,раздельный,нет,9.0,10.0,2.7,нет,нет,2022,кирпичный,частично,0.756
26000000.0,62.0,раздельный,нет,3.0,6.0,2.7,нет,нет,2015,кирпичный,частично,3.454
14703000.0,50.7,раздельный,нет,4.0,5.0,2.7,нет,нет,2024,кирпичный,частично,1.27
15000000.0,50.36,раздельный,нет,1.0,5.0,2.7,нет,нет,2024,кирпичный,частично,2.677
12500000.0,45.1,раздельный,нет,5.0,5.0,2.7,нет,нет,1969,кирпичный,частично,1.295
12700000.0,52.0,раздельный,нет,6.0,6.0,2.7,нет,нет,1987,панельный,частично,3.589
18500000.0,70.0,раздельный,нет,9.0,9.0,2.7,нет,нет,1983,панельный,частично,3.071
20500000.0,62.0,раздельный,нет,8.0,9.0,2.7,нет,нет,1988,панельный,без мебели,2.677
26000000.0,70.0,раздельный,нет,8.0,10.0,2.7,нет,нет,2022,кирпичный,частично,2.245
16800000.0,45.3,раздельный,нет,8.0,9.0,2.7,нет,нет,2017,кирпичный,частично,1.079
16800000.0,67.0,раздельный,нет,2.0,3.0,3.0,нет,нет,1962,кирпичный,полностью,1.96
16500000.0,50.0,раздельный,нет,5.0,9.0,2.7,нет,нет,1989,панельный,полностью,3.401
43820000.0,156.5,раздельный,несколько балконов или лоджий,8.0,10.0,3.0,нет,нет,2022,кирпичный,частично,1.95
7500000.0,28.4,раздельный,нет,2.0,2.0,2.7,нет,нет,1965,кирпичный,частично,2.668
20500000.0,54.0,раздельный,нет,8.0,9.0,2.5,нет,нет,1993,панельный,полностью,3.491
14500000.0,51.0,раздельный,нет,1.0,6.0,2.7,нет,нет,1990,панельный,частично,3.527
23000000.0,52.3,совмещенный,нет,2.0,9.0,2.7,нет,нет,2022,кирпичный,частично,1.884
18900000.0,57.0,раздельный,нет,2.0,5.0,2.7,нет,нет,2015,кирпичный,частично,1.73
17000000.0,50.5,раздельный,нет,3.0,5.0,2.7,нет,нет,1990,панельный,частично,3.32
13500000.0,40.0,совмещенный,нет,1.0,9.0,2.7,нет,нет,2015,кирпичный,частично,4.321
25690500.0,93.42,раздельный,нет,9.0,10.0,2.7,нет,нет,2025,кирпичный,частично,0.951
14500000.0,51.5,раздельный,нет,1.0,9.0,2.7,нет,нет,1993,панельный,частично,1.977
17900000.0,51.7,раздельный,нет,3.0,9.0,2.5,нет,нет,2006,панельный,полностью,2.133
15000000.0,47.6,раздельный,балкон,1.0,5.0,2.5,нет,нет,1970,кирпичный,частично,0.361
15300000.0,66.7,раздельный,нет,6.0,6.0,2.7,нет,нет,1987,панельный,частично,2.677
19763500.0,122.3,раздельный,нет,1.0,5.0,2.75,нет,нет,2023,кирпичный,без мебели,4.193
6000000.0,21.8,раздельный,лоджия,4.0,5.0,2.6,нет,нет,1984,кирпичный,частично,3.651
16500000.0,63.0,раздельный,нет,6.0,6.0,2.7,нет,нет,1992,кирпичный,полностью,1.321
19500000.0,53.1,раздельный,нет,5.0,5.0,2.7,нет,нет,2022,кирпичный,полностью,0.53
11900000.0,51.0,раздельный,нет,3.0,5.0,2.5,да,нет,1985,панельный,полностью,1.447
12000000.0,42.0,совмещенный,нет,2.0,4.0,2.5,нет,нет,1966,кирпичный,полностью,2.693
53000000.0,130.0,2 с/у и более,нет,3.0,9.0,2.8,нет,нет,2020,кирпичный,полностью,3.796
11500000.0,35.0,совмещенный,нет,1.0,5.0,2.7,нет,нет,1990,кирпичный,полностью,1.904
12500000.0,36.2,раздельный,нет,5.0,6.0,2.5,нет,нет,2005,панельный,полностью,2.46
11500000.0,52.0,раздельный,балкон,5.0,5.0,2.5,нет,нет,1989,панельный,частично,3.662
12300000.0,35.0,раздельный,нет,3.0,5.0,2.7,нет,нет,2022,кирпичный,частично,4.193
9800000.0,29.0,совмещенный,нет,2.0,5.0,2.7,нет,нет,1987,кирпичный,частично,3.724
15300000.0,62.0,совмещенный,нет,5.0,5.0,2.7,нет,В залоге,1979,кирпичный,полностью,3.471
12000000.0,42.5,раздельный,нет,3.0,4.0,2.7,нет,нет,1968,кирпичный,частично,2.314
16000000.0,57.0,раздельный,нет,7.0,10.0,2.7,нет,нет,1998,панельный,частично,2.662
15500000.0,54.0,раздельный,нет,5.0,9.0,2.5,нет,нет,2005,панельный,полностью,3.436
12000000.0,38.0,совмещенный,нет,2.0,5.0,2.0,нет,В залоге,1988,панельный,частично,3.642
19000000.0,39.0,совмещенный,нет,1.0,5.0,2.8,нет,нет,2024,кирпичный,полностью,1.675
16000000.0,56.9,раздельный,нет,5.0,5.0,2.7,нет,нет,1980,кирпичный,частично,3.436
19000000.0,52.0,раздельный,нет,4.0,9.0,2.7,нет,нет,1994,панельный,частично,3.237
29000000.0,63.0,раздельный,нет,8.0,10.0,2.7,нет,нет,2022,кирпичный,полностью,4.193
17500000.0,38.0,раздельный,нет,7.0,9.0,2.7,нет,нет,2024,кирпичный,частично,2.726
11000000.0,46.0,раздельный,нет,4.0,6.0,2.7,да,нет,1990,панельный,частично,1.453
10300000.0,34.7,раздельный,нет,3.0,6.0,2.7,нет,нет,1990,кирпичный,частично,3.401
15500000.0,49.0,раздельный,нет,7.0,9.0,2.5,нет,нет,1983,кирпичный,без мебели,0.853
17500000.0,49.0,совмещенный,нет,5.0,5.0,2.7,нет,нет,2018,панельный,частично,4.447
28000000.0,61.0,раздельный,нет,2.0,9.0,2.7,нет,нет,2019,кирпичный,частично,3.296
11600000.0,40.0,совмещенный,нет,5.0,5.0,2.7,нет,нет,2024,кирпичный,частично,1.73
21000000.0,58.3,раздельный,нет,2.0,9.0,2.75,нет,нет,2022,кирпичный,частично,1.324
15800000.0,54.0,раздельный,нет,6.0,6.0,2.5,нет,нет,1993,панельный,частично,3.454
12609000.0,46.7,раздельный,нет,4.0,5.0,2.7,нет,нет,2023,кирпичный,без мебели,3.491
20000000.0,77.0,раздельный,нет,5.0,5.0,2.7,нет,нет,1988,кирпичный,частично,1.407
29000000.0,73.0,раздельный,нет,4.0,9.0,2.75,нет,нет,2022,кирпичный,полностью,1.324
15500000.0,51.8,раздельный,нет,4.0,5.0,2.5,нет,нет,1977,панельный,полностью,3.798
22000000.0,75.7,раздельный,нет,11.0,12.0,2.7,нет,нет,1980,монолитный,частично,1.723
15500000.0,60.0,раздельный,нет,4.0,5.0,2.5,нет,нет,1984,панельный,полностью,3.798
23500000.0,56.9,раздельный,нет,9.0,10.0,2.7,нет,нет,2023,кирпичный,без мебели,0.478
23500000.0,99.0,раздельный,нет,9.0,10.0,2.7,нет,нет,2017,кирпичный,без мебели,4.074
15000000.0,48.9,совмещенный,нет,2.0,5.0,2.7,нет,нет,2024,кирпичный,частично,1.521
23800000.0,66.0,раздельный,нет,2.0,9.0,2.7,нет,нет,2018,кирпичный,полностью,1.327
4500000.0,20.9,совмещенный,нет,4.0,5.0,2.7,да,нет,1984,кирпичный,частично,1.309
4500000.0,20.0,совмещенный,нет,3.0,3.0,2.7,да,нет,1983,панельный,частично,2.688
18500000.0,56.0,раздельный,нет,3.0,5.0,2.5,нет,нет,1988,панельный,полностью,1.34
18700000.0,75.8,раздельный,нет,4.0,5.0,2.7,нет,нет,1989,кирпичный,частично,2.07
10500000.0,44.0,совмещенный,нет,1.0,4.0,3.0,нет,нет,1967,панельный,полностью,2.275
20000000.0,60.1,раздельный,нет,7.0,9.0,2.7,нет,нет,2017,кирпичный,частично,3.454
18500000.0,68.0,раздельный,лоджия,5.0,10.0,2.7,нет,нет,1990,панельный,частично,2.446
37000000.0,78.0,2 с/у и более,лоджия,4.0,9.0,2.7,нет,нет,2022,кирпичный,полностью,1.599
15800000.0,57.0,совмещенный,нет,1.0,5.0,3.0,нет,нет,2023,кирпичный,без мебели,2.492
17900000.0,63.0,раздельный,балкон,1.0,5.0,2.7,нет,нет,1992,панельный,полностью,2.874
12800000.0,42.0,совмещенный,нет,4.0,4.0,2.5,нет,нет,1966,кирпичный,полностью,2.054
8300000.0,49.2,раздельный,нет,3.0,9.0,3.0,да,нет,1986,кирпичный,частично,1.58
9500000.0,32.1,раздельный,нет,1.0,5.0,2.7,нет,нет,1980,кирпичный,частично,1.972
16500000.0,43.0,раздельный,балкон,3.0,5.0,2.7,нет,нет,1969,кирпичный,полностью,0.887
28500000.0,75.4,совмещенный,нет,5.0,9.0,3.0,нет,нет,2018,кирпичный,частично,3.296
9990000.0,51.4,совмещенный,нет,1.0,5.0,2.7,да,нет,1987,панельный,частично,1.986
14000000.0,51.2,раздельный,нет,5.0,5.0,2.7,нет,нет,1979,панельный,частично,3.361
26500000.0,67.7,раздельный,балкон и лоджия,9.0,9.0,2.8,нет,В залоге,2021,кирпичный,полностью,3.296
8500000.0,48.9,раздельный,нет,2.0,4.0,2.7,нет,нет,1962,кирпичный,частично,2.041
8500000.0,48.9,раздельный,нет,2.0,4.0,2.7,да,нет,1962,кирпичный,частично,2.041
9500000.0,40.3,совмещенный,нет,1.0,4.0,2.7,нет,нет,1964,кирпичный,полностью,2.107
4000000.0,13.0,раздельный,нет,2.0,4.0,2.7,да,нет,1963,кирпичный,частично,2.105
10000000.0,42.0,совмещенный,нет,3.0,5.0,2.7,да,нет,1982,кирпичный,частично,1.247
13500000.0,41.2,раздельный,нет,5.0,5.0,2.8,нет,нет,2018,кирпичный,частично,1.941
23500000.0,66.0,раздельный,нет,7.0,9.0,2.7,нет,нет,2004,панельный,частично,2.006
58500000.0,100.0,2 с/у и более,нет,2.0,9.0,3.0,нет,нет,2016,кирпичный,частично,0.587
19500000.0,64.9,раздельный,нет,4.0,5.0,2.5,нет,нет,1981,кирпичный,частично,1.146
17500000.0,56.8,раздельный,нет,3.0,5.0,2.7,нет,нет,1990,монолитный,частично,3.527
3500000.0,12.8,раздельный,нет,4.0,5.0,2.5,да,нет,1988,кирпичный,частично,1.195
12000000.0,47.7,раздельный,нет,5.0,5.0,2.5,нет,нет,1974,кирпичный,частично,1.143
11000000.0,30.5,совмещенный,нет,3.0,5.0,2.5,нет,нет,1974,кирпичный,без мебели,1.143
7000000.0,28.0,совмещенный,нет,5.0,5.0,2.7,нет,нет,1987,панельный,частично,1.519
12327000.0,43.0,совмещенный,нет,4.0,5.0,2.7,нет,нет,2024,кирпичный,частично,2.949
16500000.0,77.5,раздельный,нет,5.0,5.0,2.7,нет,нет,1996,кирпичный,полностью,3.552
12500000.0,44.0,раздельный,нет,2.0,5.0,2.7,нет,нет,1979,кирпичный,частично,0.448
12000000.0,39.0,совмещенный,нет,4.0,5.0,2.85,нет,нет,2024,кирпичный,частично,1.827
38000000.0,87.0,раздельный,нет,4.0,9.0,2.7,нет,нет,2020,кирпичный,полностью,1.58
13500000.0,50.2,раздельный,балкон,2.0,9.0,2.7,нет,нет,1986,панельный,полностью,3.004
12000000.0,40.2,раздельный,лоджия,7.0,9.0,2.7,нет,нет,2018,панельный,без мебели,4.018
13717500.0,46.5,совмещенный,нет,1.0,5.0,2.7,нет,нет,2023,кирпичный,частично,3.491
11000000.0,30.0,совмещенный,нет,4.0,5.0,2.7,нет,нет,1971,кирпичный,полностью,0.883
13252500.0,46.5,совмещенный,нет,4.0,5.0,2.7,нет,нет,2023,кирпичный,частично,3.491
23040000.0,76.8,раздельный,нет,2.0,5.0,2.7,нет,нет,2024,кирпичный,частично,1.73
16500000.0,48.0,совмещенный,лоджия,2.0,5.0,2.7,нет,нет,2019,кирпичный,частично,4.485
46500000.0,106.0,раздельный,нет,7.0,10.0,2.85,нет,нет,2023,кирпичный,полностью,1.296
9500000.0,31.0,раздельный,нет,1.0,6.0,2.7,нет,нет,1978,панельный,частично,1.103
21000000.0,60.0,совмещенный,нет,9.0,10.0,2.7,нет,нет,2021,кирпичный,частично,4.193
9500000.0,40.0,раздельный,балкон,5.0,5.0,2.7,нет,нет,1972,кирпичный,частично,0.402
32000000.0,68.0,раздельный,несколько балконов или лоджий,3.0,9.0,3.0,нет,нет,2020,кирпичный,полностью,0.914
20000000.0,63.3,раздельный,балкон,4.0,6.0,2.7,нет,нет,1992,кирпичный,полностью,1.929
3200000.0,18.0,нет,нет,5.0,5.0,2.7,да,нет,1990,кирпичный,частично,1.108
21000000.0,60.0,раздельный,нет,1.0,5.0,2.7,нет,нет,1971,кирпичный,полностью,1.024
18500000.0,62.6,раздельный,балкон,1.0,5.0,2.7,нет,нет,1992,кирпичный,полностью,2.874
9500000.0,48.0,совмещенный,нет,3.0,5.0,2.7,да,нет,1988,панельный,частично,2.309
7500000.0,25.0,совмещенный,нет,4.0,6.0,2.5,нет,нет,1990,панельный,полностью,1.453
4200000.0,16.0,раздельный,нет,1.0,5.0,2.7,нет,нет,1986,кирпичный,частично,1.447
15000000.0,60.0,раздельный,нет,6.0,6.0,2.5,нет,нет,1993,кирпичный,частично,2.067
12000000.0,40.0,раздельный,нет,8.0,10.0,2.7,нет,нет,2024,кирпичный,частично,4.193
16000000.0,58.2,раздельный,балкон,1.0,5.0,2.7,нет,нет,1980,кирпичный,полностью,3.86
15000000.0,48.8,раздельный,нет,2.0,5.0,2.5,нет,нет,1980,кирпичный,частично,1.972
14500000.0,40.3,совмещенный,лоджия,4.0,9.0,2.7,нет,нет,2014,кирпичный,полностью,4.216
21500000.0,56.0,раздельный,нет,2.0,9.0,2.7,нет,нет,2006,монолитный,частично,2.677
8500000.0,32.0,совмещенный,нет,2.0,2.0,2.7,нет,нет,1961,кирпичный,частично,2.358
19000000.0,80.0,раздельный,балкон,5.0,5.0,2.7,нет,нет,1989,кирпичный,полностью,3.642
25000000.0,69.0,совмещенный,нет,8.0,9.0,2.7,нет,В залоге,2022,кирпичный,полностью,3.818
43000000.0,115.0,2 с/у и более,нет,4.0,5.0,2.7,нет,нет,2018,кирпичный,полностью,1.569
18500000.0,64.0,совмещенный,нет,1.0,5.0,2.5,нет,нет,1971,кирпичный,частично,0.482
14500000.0,38.0,совмещенный,нет,9.0,10.0,2.7,нет,нет,2018,кирпичный,полностью,0.595
8500000.0,30.0,раздельный,нет,2.0,4.0,2.7,нет,нет,1967,кирпичный,частично,1.262
15000000.0,51.5,раздельный,нет,1.0,9.0,2.7,нет,нет,1993,панельный,частично,1.977
22000000.0,53.0,раздельный,нет,6.0,9.0,2.7,нет,нет,2022,кирпичный,частично,0.725
15500000.0,40.0,раздельный,нет,4.0,5.0,2.8,нет,В залоге,2023,кирпичный,частично,1.651
28000000.0,93.1,2 с/у и более,нет,9.0,10.0,3.0,нет,нет,2023,кирпичный,частично,1.083
35000000.0,90.0,раздельный,нет,4.0,4.0,2.9,нет,нет,2019,кирпичный,полностью,3.436
22500000.0,52.0,совмещенный,нет,1.0,9.0,2.7,нет,нет,2021,кирпичный,без мебели,3.877
18000000.0,42.0,совмещенный,нет,5.0,5.0,2.7,нет,нет,2023,кирпичный,частично,1.047
14500000.0,45.0,совмещенный,нет,4.0,9.0,2.7,нет,нет,2020,монолитный,полностью,3.265
18000000.0,60.0,раздельный,нет,9.0,9.0,2.7,нет,В залоге,2020,панельный,полностью,3.265
24000000.0,90.0,раздельный,нет,9.0,9.0,2.7,нет,нет,2024,кирпичный,частично,1.17
23500000.0,66.0,раздельный,лоджия,7.0,9.0,2.7,нет,нет,2005,панельный,полностью,2.006
15300000.0,38.0,раздельный,нет,4.0,5.0,2.7,нет,нет,2022,кирпичный,частично,0.711
17000000.0,57.5,раздельный,нет,1.0,3.0,3.0,нет,нет,2022,кирпичный,частично,3.479
9900000.0,60.0,раздельный,нет,1.0,4.0,2.7,нет,нет,1967,панельный,частично,2.466
25500000.0,74.0,совмещенный,нет,7.0,9.0,2.7,нет,нет,2024,кирпичный,частично,1.324
8300000.0,30.0,раздельный,нет,4.0,4.0,2.7,нет,нет,1966,кирпичный,частично,1.673
27091400.0,73.22,раздельный,лоджия,4.0,9.0,3.0,нет,нет,2025,кирпичный,частично,1.58
12500000.0,45.0,раздельный,нет,1.0,5.0,2.7,нет,нет,2015,кирпичный,частично,4.321
14000000.0,39.0,раздельный,лоджия,6.0,9.0,2.7,нет,нет,2025,кирпичный,частично,1.096
19500000.0,75.0,раздельный,нет,5.0,5.0,2.8,нет,нет,2024,кирпичный,частично,1.73
16500000.0,54.0,совмещенный,нет,1.0,9.0,2.5,нет,нет,2014,кирпичный,частично,2.195
24000000.0,64.0,раздельный,нет,8.0,9.0,2.7,нет,нет,2020,кирпичный,частично,3.836
22000000.0,57.0,совмещенный,балкон,5.0,5.0,2.7,нет,нет,2017,кирпичный,частично,2.038
19110000.0,73.5,раздельный,нет,4.0,5.0,2.7,нет,нет,2025,кирпичный,частично,1.73
14800000.0,44.56,совмещенный,нет,2.0,5.0,2.7,нет,нет,2023,кирпичный,без мебели,2.949
15900000.0,78.0,раздельный,нет,1.0,5.0,2.7,нет,нет,1978,панельный,полностью,3.901
12600000.0,46.0,раздельный,нет,5.0,5.0,2.7,нет,нет,2016,кирпичный,частично,4.219
18700000.0,68.0,раздельный,нет,3.0,9.0,2.7,нет,В залоге,2015,кирпичный,частично,2.807
13500000.0,52.0,раздельный,балкон,5.0,9.0,2.7,нет,нет,1991,кирпичный,частично,2.677
20500000.0,80.0,раздельный,лоджия,2.0,5.0,2.8,нет,нет,1989,кирпичный,частично,1.972
25000000.0,69.0,раздельный,нет,7.0,9.0,2.7,нет,нет,2022,кирпичный,частично,1.06
19000000.0,66.5,раздельный,балкон,1.0,5.0,2.5,нет,нет,1994,кирпичный,полностью,2.431
18560000.0,65.0,раздельный,нет,5.0,5.0,2.7,нет,нет,2024,кирпичный,частично,1.836
23700000.0,98.8,раздельный,нет,9.0,10.0,2.7,нет,нет,2017,кирпичный,без мебели,4.074
10300000.0,43.0,совмещенный,нет,3.0,4.0,2.5,нет,нет,1964,кирпичный,частично,0.715
6600000.0,37.0,совмещенный,нет,1.0,5.0,2.7,да,нет,1988,панельный,полностью,2.309
16500000.0,45.3,раздельный,лоджия,8.0,9.0,2.7,нет,нет,2017,кирпичный,частично,1.079
13200000.0,44.0,совмещенный,нет,4.0,5.0,2.7,нет,нет,2024,кирпичный,частично,2.322
20524000.0,73.3,раздельный,нет,4.0,5.0,2.8,нет,нет,2023,кирпичный,без мебели,2.225
18800000.0,70.93,раздельный,нет,8.0,9.0,2.7,нет,нет,2025,кирпичный,частично,0.781
12500000.0,39.0,совмещенный,нет,9.0,9.0,2.5,нет,нет,2014,кирпичный,частично,2.295
16000000.0,42.2,совмещенный,нет,1.0,5.0,2.7,нет,нет,1968,панельный,частично,0.365
4500000.0,21.0,совмещенный,нет,3.0,5.0,2.7,нет,нет,1986,панельный,частично,2.448
14000000.0,39.0,раздельный,нет,5.0,9.0,2.7,нет,нет,2025,кирпичный,частично,1.096
22163000.0,59.9,раздельный,лоджия,3.0,9.0,3.0,нет,нет,2025,кирпичный,частично,1.096
9500000.0,28.2,раздельный,нет,1.0,5.0,2.7,нет,нет,1968,кирпичный,частично,0.75
10800000.0,34.9,раздельный,нет,2.0,5.0,2.7,нет,нет,2024,кирпичный,частично,2.322
34920000.0,97.0,раздельный,лоджия,9.0,9.0,3.0,нет,нет,2025,кирпичный,частично,1.096
16200000.0,59.0,раздельный,нет,3.0,5.0,2.7,нет,нет,2024,кирпичный,частично,1.73
28500000.0,62.0,раздельный,нет,6.0,9.0,2.7,нет,нет,2022,кирпичный,частично,4.193
13600000.0,49.0,раздельный,нет,3.0,5.0,2.7,нет,нет,1970,кирпичный,частично,1.808
15000000.0,51.0,раздельный,балкон,1.0,6.0,2.7,нет,нет,1990,панельный,частично,3.527
14500000.0,50.2,раздельный,балкон,6.0,9.0,2.7,нет,нет,1988,кирпичный,частично,2.617
22000000.0,66.2,совмещенный,нет,6.0,9.0,2.7,нет,нет,2015,кирпичный,частично,0.978
23500000.0,79.0,совмещенный,балкон,4.0,5.0,2.7,нет,нет,1990,панельный,полностью,3.286
14500000.0,51.0,раздельный,лоджия,5.0,5.0,2.7,нет,нет,1987,кирпичный,частично,3.724
35555555.0,93.0,2 с/у и более,нет,5.0,5.0,2.7,нет,нет,2021,кирпичный,полностью,0.792
14200000.0,44.0,совмещенный,нет,3.0,4.0,2.7,нет,нет,1968,панельный,полностью,2.369
12000000.0,40.0,совмещенный,нет,6.0,9.0,2.8,нет,нет,1990,кирпичный,полностью,2.714
23000000.0,40.0,раздельный,нет,2.0,9.0,2.8,нет,нет,2023,кирпичный,полностью,1.294
7500000.0,31.9,совмещенный,нет,1.0,2.0,2.7,нет,нет,1965,кирпичный,частично,2.668
14500000.0,45.0,совмещенный,лоджия,3.0,5.0,3.0,нет,нет,2024,кирпичный,частично,2.677
34000000.0,64.3,раздельный,нет,4.0,5.0,2.8,нет,В залоге,2018,кирпичный,частично,1.653
26000000.0,64.0,раздельный,нет,7.0,9.0,2.7,нет,нет,2022,кирпичный,частично,1.083
15000000.0,65.0,раздельный,лоджия,5.0,5.0,2.7,нет,нет,1990,панельный,частично,1.858
23000000.0,55.0,совмещенный,нет,3.0,6.0,2.8,нет,нет,2024,кирпичный,без мебели,1.827
16000000.0,52.0,раздельный,балкон,2.0,5.0,2.7,нет,нет,1984,панельный,без мебели,3.697
6000000.0,37.0,раздельный,нет,5.0,5.0,2.7,да,нет,1988,кирпичный,частично,1.195
18500000.0,70.0,раздельный,нет,5.0,9.0,2.7,нет,нет,1985,кирпичный,частично,0.853
16500000.0,57.7,раздельный,балкон,3.0,5.0,2.7,нет,нет,1977,панельный,полностью,3.919
11500000.0,36.1,совмещенный,лоджия,2.0,9.0,2.7,нет,нет,1983,панельный,частично,3.071
22500000.0,56.7,совмещенный,нет,8.0,9.0,2.7,нет,нет,2020,кирпичный,частично,3.858
23000000.0,70.0,раздельный,лоджия,6.0,9.0,2.7,нет,нет,1990,панельный,полностью,2.469
15300000.0,52.2,раздельный,лоджия,2.0,9.0,2.7,нет,нет,1990,панельный,без мебели,3.251
8800000.0,32.0,раздельный,нет,5.0,5.0,2.7,нет,нет,1969,кирпичный,частично,0.861
12000000.0,30.0,раздельный,нет,4.0,5.0,2.5,нет,нет,1975,кирпичный,частично,1.179
20000000.0,54.0,раздельный,нет,4.0,5.0,2.0,нет,нет,1985,кирпичный,частично,0.312
21720000.0,72.4,раздельный,нет,5.0,9.0,2.7,нет,нет,2024,кирпичный,частично,1.324
29500000.0,105.0,раздельный,несколько балконов или лоджий,4.0,5.0,2.8,нет,нет,1985,кирпичный,частично,2.43
18600000.0,79.7,раздельный,нет,5.0,5.0,2.7,нет,нет,1975,кирпичный,частично,1.103
17500000.0,65.1,раздельный,нет,1.0,9.0,2.7,нет,нет,2005,панельный,частично,2.006
11500000.0,37.2,раздельный,нет,4.0,5.0,2.7,да,нет,1986,панельный,частично,1.48
16500000.0,48.0,совмещенный,нет,2.0,5.0,2.7,нет,нет,2019,кирпичный,частично,4.485
22500000.0,63.0,раздельный,нет,3.0,5.0,2.5,нет,нет,1991,панельный,частично,3.527
9500000.0,32.1,совмещенный,нет,1.0,5.0,2.7,нет,нет,1980,кирпичный,частично,1.972
63920000.0,136.0,раздельный,нет,3.0,6.0,2.7,нет,нет,2025,кирпичный,частично,0.907
9000000.0,35.0,раздельный,нет,5.0,6.0,2.7,нет,нет,1986,панельный,частично,1.873
9500000.0,40.3,совмещенный,нет,1.0,4.0,2.7,нет,нет,1964,кирпичный,частично,2.107
19800000.0,69.0,раздельный,нет,7.0,9.0,2.7,нет,нет,1994,панельный,полностью,3.491
20500000.0,57.4,раздельный,нет,3.0,6.0,2.5,нет,нет,1986,иной,частично,1.403
35000000.0,70.0,раздельный,нет,3.0,9.0,3.0,нет,нет,2020,кирпичный,без мебели,0.914
21000000.0,82.5,раздельный,нет,6.0,6.0,2.5,нет,нет,1992,панельный,частично,1.054
18500000.0,60.0,раздельный,нет,9.0,10.0,2.7,нет,нет,2020,монолитный,частично,3.265
13309000.0,46.7,раздельный,нет,4.0,5.0,2.7,нет,нет,2023,кирпичный,частично,3.491
26500000.0,67.0,раздельный,нет,9.0,10.0,2.8,нет,нет,2021,кирпичный,полностью,3.296
11800000.0,42.0,раздельный,нет,5.0,5.0,2.7,нет,нет,2023,кирпичный,частично,3.491
14700000.0,61.0,раздельный,балкон,3.0,3.0,3.0,нет,нет,1969,кирпичный,частично,2.791
13000000.0,49.9,раздельный,лоджия,3.0,5.0,2.5,нет,нет,1978,кирпичный,частично,2.791
17500000.0,56.8,раздельный,нет,3.0,5.0,2.5,нет,нет,1990,монолитный,частично,3.527
23000000.0,86.0,раздельный,нет,3.0,6.0,2.7,нет,нет,2006,панельный,частично,2.507
18000000.0,58.0,раздельный,нет,5.0,5.0,2.7,нет,нет,1971,кирпичный,частично,0.883
10500000.0,30.5,совмещенный,нет,3.0,5.0,2.5,нет,нет,1974,кирпичный,частично,1.143
7200000.0,31.0,раздельный,нет,5.0,5.0,2.7,нет,нет,2007,кирпичный,частично,2.475
7000000.0,28.0,совмещенный,нет,5.0,5.0,2.7,нет,нет,1987,панельный,частично,1.519
11500000.0,43.6,раздельный,нет,1.0,5.0,2.7,нет,нет,1975,кирпичный,частично,1.387
17000000.0,71.1,раздельный,балкон и лоджия,3.0,3.0,2.7,нет,нет,1995,кирпичный,частично,3.696
18500000.0,76.0,раздельный,нет,5.0,5.0,2.7,нет,нет,2012,кирпичный,частично,3.751
8500000.0,30.0,совмещенный,нет,4.0,4.0,2.7,нет,нет,1965,кирпичный,частично,2.32
8300000.0,31.4,совмещенный,нет,2.0,3.0,2.7,нет,нет,1960,кирпичный,частично,1.99
27800000.0,63.0,раздельный,нет,4.0,9.0,2.85,нет,нет,2022,кирпичный,частично,1.296
20000000.0,57.0,раздельный,нет,5.0,6.0,2.5,нет,нет,1988,панельный,частично,1.783
10500000.0,60.0,раздельный,нет,2.0,2.0,2.7,нет,нет,1960,иной,частично,0.423
30000000.0,74.9,совмещенный,нет,5.0,5.0,2.7,нет,В залоге,2019,кирпичный,полностью,1.569
14550000.0,57.1,совмещенный,балкон,3.0,4.0,2.7,нет,нет,1966,кирпичный,полностью,2.078
18800000.0,62.0,раздельный,нет,4.0,5.0,2.7,нет,нет,1989,панельный,частично,0.233
16500000.0,40.0,совмещенный,нет,5.0,9.0,2.8,нет,нет,2015,кирпичный,частично,1.58
13800000.0,51.0,раздельный,балкон,3.0,5.0,2.5,нет,нет,1984,панельный,частично,3.351
55000000.0,140.5,2 с/у и более,нет,5.0,6.0,2.8,нет,нет,2011,кирпичный,частично,1.103
29000000.0,104.8,раздельный,несколько балконов или лоджий,2.0,5.0,2.7,нет,нет,1973,кирпичный,частично,0.952
28000000.0,97.6,раздельный,нет,6.0,9.0,2.7,нет,нет,2017,кирпичный,частично,4.074
15800000.0,63.0,раздельный,нет,5.0,5.0,2.7,нет,нет,2015,кирпичный,частично,4.375
19500000.0,52.0,раздельный,лоджия,5.0,9.0,2.7,нет,нет,2005,панельный,частично,1.845
28500000.0,107.0,2 с/у и более,нет,8.0,10.0,3.0,нет,нет,2024,кирпичный,без мебели,4.193
16500000.0,37.1,раздельный,нет,5.0,5.0,2.7,нет,нет,2022,кирпичный,полностью,3.296
4800000.0,12.0,совмещенный,нет,3.0,5.0,2.7,нет,нет,1986,панельный,частично,2.448
11300000.0,55.0,совмещенный,нет,3.0,4.0,2.7,нет,нет,1991,панельный,частично,3.479
12300000.0,44.0,совмещенный,нет,2.0,5.0,2.7,нет,нет,1979,кирпичный,полностью,0.448
14000000.0,55.0,раздельный,нет,1.0,5.0,2.7,нет,нет,1997,кирпичный,частично,3.552
3700000.0,14.0,раздельный,нет,3.0,5.0,2.7,да,нет,1978,кирпичный,частично,3.62
15500000.0,55.0,раздельный,нет,3.0,5.0,2.7,нет,нет,1976,кирпичный,частично,0.132
4000000.0,25.3,раздельный,нет,3.0,4.0,2.7,нет,нет,1962,кирпичный,частично,2.041
18500000.0,61.8,раздельный,нет,2.0,5.0,2.7,нет,нет,1987,панельный,частично,0.47
12900000.0,54.7,совмещенный,балкон,2.0,4.0,2.7,нет,нет,1966,панельный,частично,2.265
22900000.0,112.7,раздельный,нет,1.0,5.0,2.7,нет,нет,1998,кирпичный,частично,0.964
17500000.0,35.3,совмещенный,нет,2.0,6.0,2.7,нет,нет,2021,кирпичный,полностью,0.711
42500000.0,135.1,2 с/у и более,нет,9.0,9.0,3.0,нет,нет,2020,кирпичный,частично,0.725
29999500.0,87.4,раздельный,нет,2.0,5.0,2.7,нет,нет,2014,кирпичный,полностью,4.024
53500000.0,99.0,совмещенный,нет,7.0,10.0,3.0,нет,нет,2022,кирпичный,частично,1.588
23000000.0,69.0,раздельный,нет,9.0,9.0,3.0,нет,нет,2023,кирпичный,частично,1.599
19500000.0,60.0,раздельный,нет,4.0,5.0,3.0,нет,нет,1990,кирпичный,без мебели,3.401
22300000.0,60.0,совмещенный,нет,5.0,9.0,2.7,нет,нет,2021,кирпичный,частично,3.877
20000000.0,60.1,раздельный,нет,3.0,5.0,2.8,нет,нет,2012,кирпичный,частично,1.974
10900000.0,70.0,раздельный,балкон и лоджия,1.0,3.0,2.7,нет,нет,1999,кирпичный,частично,3.479
18500000.0,57.0,совмещенный,нет,5.0,5.0,2.5,нет,нет,2015,кирпичный,полностью,3.527
23500000.0,64.1,раздельный,нет,2.0,5.0,2.7,нет,нет,2020,кирпичный,полностью,4.415
13700000.0,41.6,раздельный,нет,9.0,10.0,2.7,нет,нет,2020,кирпичный,частично,3.296
11500000.0,43.7,раздельный,нет,5.0,5.0,2.7,нет,нет,1968,панельный,частично,0.365
12700000.0,55.0,раздельный,нет,6.0,6.0,2.7,нет,нет,1987,панельный,частично,3.589
9500000.0,27.5,совмещенный,нет,5.0,5.0,2.5,нет,нет,1971,кирпичный,частично,0.66
39000000.0,142.7,2 с/у и более,нет,1.0,7.0,3.2,нет,нет,2015,кирпичный,частично,2.129
19000000.0,71.2,раздельный,нет,9.0,9.0,2.7,нет,нет,1993,панельный,частично,1.977
19000000.0,71.2,раздельный,нет,9.0,9.0,2.7,нет,нет,1993,панельный,частично,1.977
24000000.0,51.3,совмещенный,нет,2.0,9.0,3.0,нет,нет,2023,кирпичный,полностью,1.884
15500000.0,62.0,совмещенный,нет,5.0,5.0,2.7,нет,нет,1979,кирпичный,полностью,3.471
14700000.0,42.4,раздельный,нет,7.0,9.0,2.7,нет,нет,2018,кирпичный,частично,3.527
12800000.0,52.5,совмещенный,нет,5.0,5.0,2.7,нет,нет,1979,кирпичный,полностью,3.471
22500000.0,60.0,совмещенный,балкон и лоджия,5.0,9.0,2.7,нет,нет,2021,кирпичный,частично,3.877
22500000.0,58.0,совмещенный,лоджия,9.0,9.0,2.7,нет,нет,2021,кирпичный,полностью,4.193
60000000.0,105.0,2 с/у и более,несколько балконов или лоджий,3.0,10.0,3.0,нет,нет,2021,кирпичный,полностью,1.119
20500000.0,84.6,раздельный,нет,3.0,5.0,2.5,нет,нет,1989,панельный,частично,2.138
20000000.0,62.0,раздельный,лоджия,3.0,5.0,2.7,нет,нет,2010,кирпичный,полностью,3.527
16000000.0,40.0,раздельный,нет,7.0,9.0,2.7,нет,нет,2018,кирпичный,частично,1.363
10500000.0,37.0,совмещенный,нет,2.0,5.0,2.7,нет,нет,1970,панельный,частично,0.649
13900000.0,41.2,раздельный,нет,1.0,9.0,2.7,нет,нет,2016,кирпичный,частично,3.951
24000000.0,51.3,совмещенный,нет,3.0,10.0,2.7,нет,нет,2022,кирпичный,полностью,1.884
8300000.0,49.2,раздельный,нет,3.0,9.0,2.7,нет,нет,1986,кирпичный,частично,1.58
13000000.0,32.0,совмещенный,нет,4.0,5.0,2.5,нет,нет,1981,кирпичный,полностью,1.146
15000000.0,54.7,раздельный,лоджия,1.0,4.0,2.7,нет,нет,1994,кирпичный,частично,3.479
20500000.0,47.0,совмещенный,нет,5.0,9.0,2.7,нет,нет,2024,кирпичный,частично,4.193
16500000.0,52.0,раздельный,балкон,6.0,9.0,2.7,нет,нет,1987,панельный,частично,2.987
16000000.0,42.7,раздельный,нет,1.0,9.0,2.7,нет,нет,2020,кирпичный,частично,0.47
17500000.0,61.0,раздельный,нет,3.0,5.0,2.6,нет,нет,1991,кирпичный,полностью,3.817
17900000.0,60.0,совмещенный,нет,3.0,5.0,2.7,нет,нет,1975,кирпичный,частично,1.387
16900000.0,55.0,совмещенный,нет,4.0,5.0,2.8,нет,нет,2024,кирпичный,частично,2.322
15500000.0,51.0,раздельный,нет,3.0,5.0,2.7,нет,нет,1984,панельный,полностью,3.32
10500000.0,36.0,совмещенный,лоджия,3.0,6.0,2.8,нет,нет,1991,панельный,полностью,3.527
185000000.0,62.6,раздельный,нет,1.0,5.0,2.7,нет,нет,1992,кирпичный,частично,2.874
20000000.0,60.0,раздельный,нет,2.0,5.0,2.7,нет,нет,1987,панельный,частично,1.961
23500000.0,88.3,раздельный,нет,4.0,9.0,2.7,нет,нет,2024,кирпичный,частично,1.407
18500000.0,39.4,раздельный,нет,4.0,5.0,2.7,нет,нет,2022,кирпичный,частично,1.791
7800000.0,20.0,совмещенный,нет,3.0,5.0,2.7,нет,нет,1986,панельный,полностью,1.48
19500000.0,40.0,раздельный,нет,2.0,6.0,2.7,нет,нет,2023,кирпичный,частично,1.64
15600000.0,52.0,раздельный,нет,2.0,9.0,2.7,нет,нет,1990,панельный,частично,3.251
13800000.0,41.6,раздельный,нет,9.0,10.0,2.7,нет,нет,2020,кирпичный,частично,3.296
23500000.0,53.0,раздельный,нет,1.0,5.0,2.75,нет,В залоге,2023,кирпичный,полностью,2.35
9000000.0,35.8,раздельный,нет,4.0,5.0,2.7,нет,нет,1985,кирпичный,частично,3.716
16700000.0,42.0,раздельный,нет,4.0,5.0,2.7,нет,нет,2023,кирпичный,частично,1.036
17400000.0,38.0,раздельный,нет,10.0,10.0,2.7,нет,нет,2023,кирпичный,частично,1.014
17500000.0,42.0,раздельный,нет,3.0,9.0,2.7,нет,нет,2020,кирпичный,частично,1.889
18300000.0,57.0,раздельный,нет,7.0,9.0,2.7,нет,нет,2013,кирпичный,частично,2.195
11000000.0,39.0,раздельный,нет,4.0,6.0,2.7,нет,нет,1989,панельный,частично,1.961
9900000.0,30.0,совмещенный,лоджия,5.0,5.0,2.8,нет,нет,2024,кирпичный,без мебели,1.73
10000000.0,36.0,раздельный,нет,3.0,9.0,2.7,нет,нет,1988,кирпичный,частично,1.964
26500000.0,60.0,раздельный,нет,2.0,9.0,2.75,нет,В залоге,2022,кирпичный,полностью,1.436
16000000.0,51.0,совмещенный,нет,1.0,5.0,2.7,нет,нет,1992,кирпичный,частично,2.726
15000000.0,41.0,раздельный,нет,5.0,5.0,2.7,нет,нет,2018,кирпичный,частично,1.73
18300000.0,66.6,раздельный,балкон и лоджия,6.0,6.0,2.7,нет,нет,1989,панельный,частично,2.228
3300000.0,13.0,2 с/у и более,нет,3.0,5.0,2.4,нет,нет,1984,кирпичный,частично,3.651
26000000.0,51.0,совмещенный,нет,9.0,10.0,2.7,нет,нет,2015,кирпичный,частично,1.103
11500000.0,32.0,раздельный,нет,3.0,5.0,2.7,нет,нет,1986,кирпичный,частично,3.751
14400000.0,41.6,раздельный,нет,3.0,5.0,2.7,нет,нет,2011,кирпичный,частично,3.527
15201000.0,56.3,раздельный,нет,5.0,5.0,2.7,нет,нет,2023,кирпичный,частично,0.853
23040000.0,76.8,раздельный,нет,1.0,5.0,2.7,нет,нет,2024,кирпичный,частично,1.73
16500000.0,53.0,раздельный,лоджия,5.0,6.0,2.5,нет,нет,1989,кирпичный,частично,1.365
21228000.0,73.2,раздельный,нет,4.0,5.0,2.7,нет,нет,2024,кирпичный,частично,2.225
16000000.0,49.4,раздельный,нет,3.0,9.0,2.7,нет,нет,2017,кирпичный,частично,3.014
14700000.0,50.7,раздельный,нет,4.0,5.0,2.7,нет,нет,2024,кирпичный,частично,2.225
24000000.0,77.0,раздельный,нет,4.0,5.0,2.5,нет,нет,1984,кирпичный,полностью,3.437
26000000.0,59.0,раздельный,нет,3.0,9.0,2.7,нет,нет,2022,кирпичный,частично,1.436
14700000.0,48.7,раздельный,нет,1.0,9.0,2.7,нет,нет,2024,кирпичный,частично,1.294
17500000.0,46.0,раздельный,нет,1.0,9.0,2.7,нет,нет,2021,кирпичный,частично,3.877
20000000.0,58.5,совмещенный,нет,3.0,9.0,2.7,нет,нет,2023,кирпичный,частично,4.193
12500000.0,38.4,раздельный,нет,6.0,9.0,2.7,нет,нет,1985,кирпичный,полностью,0.997
26800000.0,53.0,раздельный,нет,2.0,5.0,2.7,нет,нет,2020,кирпичный,частично,1.615
17500000.0,40.3,раздельный,нет,1.0,5.0,2.7,нет,нет,2022,кирпичный,частично,3.296
14500000.0,40.3,раздельный,нет,4.0,9.0,2.7,нет,нет,2014,иной,частично,4.216
29500000.0,75.0,раздельный,нет,9.0,10.0,2.7,нет,нет,2024,кирпичный,частично,4.193
17350000.0,57.8,совмещенный,лоджия,2.0,5.0,2.7,нет,нет,2024,кирпичный,частично,1.738
21500000.0,59.5,раздельный,нет,2.0,6.0,2.7,нет,нет,2018,кирпичный,частично,3.836
8800000.0,30.0,совмещенный,нет,3.0,4.0,2.7,нет,нет,1963,кирпичный,частично,2.257
19500000.0,45.0,раздельный,нет,3.0,9.0,2.7,нет,нет,2020,кирпичный,частично,3.796
14500000.0,56.0,раздельный,нет,4.0,5.0,2.7,нет,нет,1969,кирпичный,частично,2.175
11500000.0,45.0,раздельный,нет,5.0,5.0,2.7,нет,нет,1972,кирпичный,полностью,1.973
19800000.0,64.0,раздельный,нет,1.0,5.0,2.8,нет,нет,2024,кирпичный,частично,1.836
21000000.0,89.0,раздельный,нет,5.0,5.0,2.7,нет,нет,2019,кирпичный,частично,4.449
16000000.0,50.6,раздельный,нет,1.0,5.0,2.7,нет,нет,1984,панельный,частично,3.697
34000000.0,70.0,раздельный,нет,5.0,9.0,2.7,нет,нет,2022,кирпичный,частично,1.62
19500000.0,45.8,совмещенный,нет,2.0,5.0,2.7,нет,нет,2023,кирпичный,частично,0.555
5000000.0,30.0,раздельный,нет,3.0,5.0,2.7,да,нет,1978,кирпичный,частично,2.759
8500000.0,42.0,раздельный,нет,3.0,4.0,2.7,нет,нет,1965,кирпичный,частично,2.3
8000000.0,32.0,совмещенный,нет,5.0,5.0,2.7,да,нет,1980,кирпичный,полностью,1.84
18500000.0,52.0,раздельный,нет,4.0,5.0,2.7,нет,нет,1984,панельный,частично,3.697
14000000.0,46.0,раздельный,нет,5.0,5.0,2.7,нет,нет,1973,кирпичный,частично,2.688
16000000.0,61.0,раздельный,нет,5.0,5.0,2.7,нет,нет,1984,панельный,частично,3.358
8000000.0,32.0,совмещенный,нет,5.0,5.0,2.7,да,нет,1980,кирпичный,полностью,2.257
25000000.0,72.9,совмещенный,нет,4.0,5.0,2.8,нет,нет,2015,кирпичный,частично,1.349
12500000.0,49.7,раздельный,нет,6.0,6.0,2.7,нет,нет,1978,кирпичный,частично,1.154
14000000.0,32.5,раздельный,нет,5.0,9.0,2.7,нет,нет,2022,кирпичный,частично,0.456
11000000.0,37.0,раздельный,нет,2.0,2.0,2.7,нет,нет,1971,кирпичный,частично,2.687
10000000.0,35.0,раздельный,нет,1.0,5.0,2.7,нет,нет,1970,кирпичный,частично,0.958
14500000.0,70.0,раздельный,нет,4.0,5.0,2.7,нет,нет,1973,кирпичный,частично,0.914
20000000.0,60.9,раздельный,лоджия,3.0,5.0,2.6,нет,В залоге,1989,кирпичный,частично,3.662
13500000.0,50.8,раздельный,нет,6.0,6.0,2.7,нет,нет,1990,кирпичный,частично,1.567
20000000.0,63.4,раздельный,нет,1.0,6.0,2.7,нет,нет,1989,кирпичный,частично,1.717
27600000.0,82.0,раздельный,нет,2.0,5.0,2.7,нет,нет,2009,кирпичный,частично,3.454
9641700.0,35.71,совмещенный,нет,2.0,5.0,2.7,нет,нет,2025,кирпичный,частично,1.738
11500000.0,44.0,раздельный,нет,5.0,5.0,2.7,нет,нет,1970,кирпичный,частично,0.649
16500000.0,57.7,раздельный,нет,3.0,5.0,2.7,нет,нет,1977,панельный,частично,3.919
18500000.0,76.0,раздельный,нет,5.0,5.0,2.7,нет,нет,2012,кирпичный,частично,3.751
15500000.0,50.0,раздельный,нет,5.0,5.0,2.5,нет,нет,1988,панельный,частично,1.567
13800000.0,53.0,раздельный,нет,5.0,6.0,2.7,нет,нет,1990,панельный,частично,3.227
19300000.0,57.4,раздельный,нет,2.0,6.0,2.7,нет,нет,1989,кирпичный,частично,1.717
12000000.0,43.2,раздельный,нет,4.0,6.0,2.5,да,нет,1990,панельный,без мебели,1.453
15500000.0,61.0,раздельный,нет,1.0,5.0,2.7,нет,нет,1998,кирпичный,частично,2.726
19300000.0,57.4,раздельный,нет,2.0,6.0,2.7,нет,нет,1989,кирпичный,частично,1.717
25500000.0,48.7,раздельный,нет,2.0,5.0,2.7,нет,нет,2016,кирпичный,частично,4.193
23500000.0,66.0,раздельный,нет,7.0,9.0,2.7,нет,нет,2004,панельный,частично,2.006
29500000.0,60.0,раздельный,нет,2.0,10.0,2.85,нет,нет,2022,кирпичный,полностью,2.548
12500000.0,42.0,раздельный,нет,1.0,5.0,2.7,нет,нет,1974,кирпичный,частично,3.711
17500000.0,60.0,раздельный,нет,4.0,5.0,2.7,нет,нет,1974,кирпичный,частично,0.707
8000000.0,26.0,раздельный,нет,2.0,6.0,2.7,нет,нет,2024,кирпичный,частично,2.271
14300000.0,46.0,раздельный,нет,6.0,9.0,2.7,нет,нет,2022,кирпичный,частично,0.58
12000000.0,51.0,раздельный,нет,5.0,5.0,2.8,нет,нет,1982,панельный,полностью,3.436
13600000.0,44.0,раздельный,нет,2.0,5.0,2.7,нет,нет,2024,кирпичный,частично,1.738
30500000.0,73.0,раздельный,нет,3.0,5.0,2.7,нет,нет,2021,кирпичный,частично,1.386
33500000.0,90.1,раздельный,нет,5.0,5.0,2.7,нет,В залоге,2014,кирпичный,частично,0.778
10000000.0,30.0,раздельный,нет,4.0,5.0,2.7,нет,нет,1972,кирпичный,частично,1.612
24800000.0,90.0,раздельный,нет,9.0,9.0,2.7,нет,нет,2024,кирпичный,частично,1.288
15000000.0,58.9,раздельный,нет,4.0,5.0,2.7,нет,нет,1974,кирпичный,частично,3.398
13500000.0,42.4,раздельный,лоджия,3.0,5.0,2.7,нет,нет,2023,кирпичный,частично,2.349
13500000.0,50.2,раздельный,нет,2.0,9.0,2.7,нет,нет,1986,панельный,частично,3.004
19500000.0,39.0,раздельный,нет,1.0,5.0,2.7,нет,нет,2024,кирпичный,частично,1.675
15500000.0,66.0,раздельный,нет,6.0,6.0,2.7,нет,нет,1987,панельный,частично,2.726
18000000.0,43.0,раздельный,нет,9.0,10.0,2.7,нет,нет,2022,кирпичный,частично,2.677
29000000.0,101.9,раздельный,нет,1.0,9.0,2.7,нет,нет,2021,кирпичный,частично,3.877
10500000.0,31.1,раздельный,нет,5.0,5.0,2.7,нет,нет,1971,кирпичный,частично,0.973
9300000.0,34.0,раздельный,нет,1.0,9.0,2.7,нет,нет,2024,кирпичный,частично,1.17
32000000.0,90.0,раздельный,нет,3.0,6.0,2.7,нет,нет,1989,панельный,частично,2.228
17000000.0,39.0,раздельный,нет,3.0,5.0,2.7,нет,нет,2024,кирпичный,частично,1.675
25500000.0,59.0,раздельный,нет,3.0,9.0,2.7,нет,нет,2022,кирпичный,частично,1.436
19500000.0,65.2,совмещенный,нет,8.0,12.0,2.7,нет,нет,2019,монолитный,частично,4.321
9500000.0,34.0,совмещенный,нет,1.0,9.0,2.7,нет,нет,2024,кирпичный,частично,1.17
23000000.0,58.0,раздельный,нет,3.0,5.0,2.6,нет,нет,1986,панельный,частично,3.771
11000000.0,40.0,раздельный,нет,2.0,3.0,2.7,нет,нет,1965,панельный,частично,3.398
16000000.0,54.0,раздельный,нет,6.0,9.0,2.7,нет,нет,1993,панельный,частично,3.515
15300000.0,40.0,раздельный,нет,4.0,5.0,2.7,нет,нет,2023,кирпичный,частично,0.555
17000000.0,39.2,совмещенный,нет,3.0,5.0,2.7,нет,нет,2024,кирпичный,частично,1.675
31000000.0,80.0,раздельный,балкон и лоджия,3.0,5.0,2.7,нет,нет,2022,кирпичный,частично,0.93
19500000.0,65.2,совмещенный,несколько балконов или лоджий,8.0,12.0,2.7,нет,нет,2019,монолитный,частично,4.321
12000000.0,48.0,раздельный,нет,5.0,5.0,2.7,нет,нет,1970,кирпичный,частично,0.649
11000000.0,45.1,раздельный,нет,3.0,3.0,2.7,нет,нет,1974,кирпичный,частично,2.838
22000000.0,65.0,раздельный,нет,1.0,5.0,2.7,нет,нет,2022,кирпичный,частично,3.296
49000000.0,110.4,раздельный,нет,8.0,8.0,2.7,нет,нет,2020,кирпичный,частично,1.475
13000000.0,41.0,совмещенный,нет,4.0,5.0,2.5,нет,нет,2010,кирпичный,без мебели,3.527
14500000.0,52.0,раздельный,нет,4.0,5.0,2.7,нет,нет,1982,панельный,частично,3.436
38000000.0,76.4,раздельный,нет,4.0,10.0,3.0,нет,нет,2024,кирпичный,частично,0.584
12500000.0,36.0,раздельный,нет,7.0,9.0,2.7,нет,нет,1993,панельный,частично,2.408
12000000.0,40.0,раздельный,нет,9.0,10.0,2.7,нет,нет,2024,кирпичный,частично,4.193
19500000.0,65.2,совмещенный,нет,8.0,12.0,2.7,нет,нет,2019,монолитный,частично,4.321
33500000.0,98.0,раздельный,нет,3.0,9.0,2.7,нет,нет,2020,кирпичный,частично,3.796
11000000.0,29.6,совмещенный,нет,2.0,5.0,2.7,нет,В залоге,1966,кирпичный,полностью,0.132
21000000.0,76.0,раздельный,лоджия,3.0,6.0,2.7,нет,нет,1989,кирпичный,частично,1.783
24500000.0,79.0,раздельный,нет,4.0,5.0,2.7,нет,нет,1984,панельный,частично,3.286
22000000.0,67.5,раздельный,нет,1.0,9.0,2.7,нет,В залоге,2005,панельный,частично,1.682
15500000.0,60.0,раздельный,нет,6.0,6.0,2.7,нет,нет,1989,кирпичный,частично,1.717
19000000.0,78.8,раздельный,лоджия,5.0,5.0,2.7,нет,нет,1998,кирпичный,полностью,3.746
13500000.0,32.0,раздельный,нет,5.0,9.0,2.7,нет,нет,2022,кирпичный,частично,0.456
52000000.0,102.0,совмещенный,нет,8.0,9.0,3.0,нет,нет,2022,кирпичный,частично,1.326
16000000.0,63.0,раздельный,нет,5.0,5.0,2.7,нет,нет,1992,кирпичный,частично,2.874
29500000.0,70.8,раздельный,нет,1.0,9.0,2.7,нет,нет,2020,кирпичный,частично,0.47
31000000.0,80.0,раздельный,нет,3.0,5.0,2.7,нет,нет,2022,кирпичный,частично,0.93
14200000.0,44.0,раздельный,нет,1.0,5.0,2.7,нет,нет,1976,кирпичный,частично,3.609
8300000.0,31.1,раздельный,нет,2.0,3.0,2.7,нет,нет,1960,кирпичный,частично,1.99
11800000.0,30.0,раздельный,нет,4.0,5.0,2.7,нет,нет,1979,панельный,частично,0.448
24500000.0,50.0,совмещенный,лоджия,5.0,5.0,2.7,нет,нет,2021,кирпичный,полностью,0.456
18300000.0,60.0,раздельный,нет,3.0,5.0,2.7,нет,нет,1986,кирпичный,частично,2.548
29500000.0,69.0,раздельный,нет,3.0,9.0,2.7,нет,нет,2019,кирпичный,частично,1.727
18500000.0,67.0,раздельный,нет,9.0,9.0,2.7,нет,нет,1983,панельный,частично,3.071
15500000.0,59.6,раздельный,нет,5.0,5.0,2.7,нет,нет,1970,кирпичный,частично,0.557
27500000.0,64.3,раздельный,нет,7.0,9.0,2.7,нет,нет,2015,кирпичный,частично,0.978
10500000.0,40.0,раздельный,нет,5.0,5.0,2.7,нет,нет,1970,кирпичный,частично,1.808
13000000.0,51.0,совмещенный,нет,6.0,6.0,2.7,нет,нет,1990,панельный,частично,2.078
14000000.0,52.0,раздельный,нет,6.0,6.0,2.5,нет,нет,1993,кирпичный,частично,2.067
11500000.0,44.1,раздельный,нет,5.0,5.0,2.7,нет,нет,1970,панельный,частично,0.649
18500000.0,70.0,раздельный,нет,8.0,9.0,2.7,нет,нет,1982,панельный,частично,3.515
16500000.0,60.0,раздельный,нет,3.0,5.0,2.7,нет,нет,1979,панельный,полностью,3.613
15000000.0,70.0,раздельный,нет,4.0,5.0,2.7,нет,нет,1973,кирпичный,частично,0.914
15500000.0,69.2,раздельный,нет,5.0,5.0,2.7,нет,нет,1987,панельный,частично,3.724
17000000.0,51.6,раздельный,нет,2.0,5.0,2.7,нет,нет,1977,панельный,частично,3.703
11000000.0,45.1,раздельный,нет,3.0,3.0,2.7,нет,нет,1974,панельный,частично,2.838
16700000.0,47.0,раздельный,лоджия,1.0,6.0,2.7,нет,нет,1989,панельный,без мебели,1.717
10000000.0,47.0,раздельный,нет,2.0,2.0,2.7,нет,нет,1980,кирпичный,частично,3.903
17000000.0,61.0,раздельный,нет,7.0,9.0,2.7,нет,нет,2015,кирпичный,частично,2.807
8200000.0,32.0,раздельный,нет,5.0,5.0,2.7,нет,нет,1980,кирпичный,частично,1.874
13000000.0,50.8,раздельный,нет,6.0,6.0,2.7,нет,нет,1990,панельный,частично,2.078
17276000.0,61.7,раздельный,нет,5.0,5.0,2.7,нет,нет,2023,кирпичный,частично,1.667
27500000.0,76.0,раздельный,нет,9.0,9.0,2.7,нет,нет,2015,кирпичный,частично,0.483
11500000.0,35.0,совмещенный,нет,8.0,9.0,2.85,нет,нет,2024,кирпичный,частично,1.288
13400000.0,39.0,раздельный,нет,2.0,9.0,2.7,нет,нет,2014,кирпичный,частично,2.195
20496000.0,73.2,раздельный,нет,1.0,10.0,2.7,нет,нет,2022,кирпичный,частично,2.582
9500000.0,36.0,раздельный,нет,4.0,5.0,2.7,нет,нет,1986,кирпичный,частично,1.48
14000000.0,39.2,раздельный,нет,2.0,9.0,2.7,нет,нет,2014,кирпичный,частично,2.295
13500000.0,39.2,совмещенный,лоджия,2.0,9.0,2.7,нет,нет,2014,кирпичный,частично,2.195
15300000.0,47.5,совмещенный,нет,1.0,9.0,2.8,нет,нет,1995,кирпичный,полностью,1.643
19500000.0,81.0,раздельный,нет,5.0,6.0,2.7,нет,нет,1990,панельный,полностью,3.454
15764000.0,56.3,раздельный,нет,5.0,5.0,2.7,нет,нет,2023,кирпичный,частично,1.667
7500000.0,31.9,раздельный,нет,1.0,2.0,2.7,нет,нет,1965,кирпичный,частично,2.668
18500000.0,60.0,раздельный,нет,9.0,9.0,2.7,нет,нет,2020,монолитный,частично,3.265
14500000.0,49.3,раздельный,нет,3.0,6.0,2.7,нет,нет,1991,кирпичный,частично,2.97
15000000.0,49.5,совмещенный,нет,1.0,9.0,2.7,нет,нет,2017,кирпичный,полностью,3.014
37000000.0,80.6,раздельный,нет,5.0,5.0,2.7,нет,В залоге,2023,кирпичный,полностью,0.886
19000000.0,61.0,раздельный,нет,5.0,5.0,2.7,нет,В залоге,2017,кирпичный,частично,1.273
18495000.0,68.5,раздельный,нет,4.0,5.0,2.7,нет,нет,2024,кирпичный,частично,1.502
19000000.0,60.0,раздельный,нет,3.0,5.0,2.7,нет,нет,1990,иной,частично,2.677
4300000.0,19.0,раздельный,нет,2.0,5.0,2.7,нет,нет,1986,кирпичный,частично,1.195
26000000.0,70.0,раздельный,нет,8.0,10.0,2.7,нет,нет,2022,кирпичный,частично,2.245
5500000.0,22.0,раздельный,нет,1.0,5.0,2.7,нет,нет,1987,кирпичный,частично,1.19
9750000.0,38.0,раздельный,нет,3.0,5.0,2.7,нет,нет,1985,кирпичный,частично,2.518
22500000.0,47.3,раздельный,нет,9.0,10.0,2.7,нет,нет,2023,кирпичный,частично,1.14
4500000.0,20.0,раздельный,нет,4.0,5.0,2.7,нет,нет,1984,кирпичный,частично,1.195
8000000.0,35.0,раздельный,нет,2.0,5.0,2.7,нет,нет,1981,кирпичный,частично,2.662
12500000.0,40.3,раздельный,нет,3.0,4.0,2.7,нет,В залоге,1965,кирпичный,частично,1.736
21500000.0,62.0,раздельный,лоджия,5.0,5.0,2.7,нет,нет,1988,кирпичный,частично,2.393
5000000.0,25.0,раздельный,нет,2.0,5.0,2.7,нет,нет,1987,кирпичный,частично,1.19
6500000.0,36.0,раздельный,нет,5.0,5.0,2.7,нет,нет,1977,кирпичный,частично,2.726
20000000.0,66.0,раздельный,нет,4.0,6.0,2.7,нет,нет,2006,панельный,частично,2.46
14000000.0,39.0,раздельный,нет,2.0,9.0,2.7,нет,нет,2014,кирпичный,частично,2.195
21500000.0,67.0,совмещенный,нет,4.0,6.0,2.7,нет,нет,1996,панельный,частично,3.527
22500000.0,58.0,раздельный,нет,4.0,10.0,2.7,нет,нет,2022,кирпичный,частично,1.973
11500000.0,43.0,раздельный,нет,3.0,5.0,2.7,нет,нет,1968,кирпичный,частично,1.502
11000000.0,50.0,совмещенный,балкон,4.0,4.0,2.7,нет,нет,1963,кирпичный,частично,2.284
15000000.0,50.0,раздельный,нет,3.0,5.0,2.7,нет,нет,2019,кирпичный,частично,4.466
18700000.0,64.0,раздельный,нет,3.0,5.0,3.0,нет,В залоге,2015,кирпичный,частично,4.375
9500000.0,36.0,совмещенный,нет,3.0,5.0,2.7,нет,нет,1980,кирпичный,частично,3.437
17000000.0,64.0,раздельный,нет,4.0,5.0,2.7,нет,нет,1986,панельный,частично,1.167
10000000.0,30.0,совмещенный,нет,5.0,5.0,2.5,нет,В залоге,2024,кирпичный,частично,4.193
18500000.0,76.0,раздельный,нет,5.0,5.0,2.7,нет,нет,1984,панельный,частично,3.286
12500000.0,46.0,совмещенный,нет,5.0,5.0,2.7,нет,нет,1975,кирпичный,частично,1.387
14500000.0,39.0,совмещенный,балкон,2.0,9.0,2.0,нет,нет,2014,кирпичный,частично,2.295
15200000.0,40.0,совмещенный,нет,8.0,9.0,3.0,нет,нет,2020,кирпичный,частично,3.296
17350000.0,60.0,раздельный,нет,2.0,5.0,2.8,нет,нет,1990,кирпичный,частично,3.351
14500000.0,46.0,совмещенный,нет,3.0,9.0,2.7,нет,нет,2015,кирпичный,частично,2.807
17000000.0,68.0,раздельный,нет,1.0,5.0,2.7,нет,нет,1987,панельный,частично,2.559
12200000.0,45.0,раздельный,нет,1.0,5.0,2.7,нет,нет,1978,панельный,частично,3.963
21000000.0,76.0,раздельный,нет,11.0,12.0,2.7,нет,нет,1980,монолитный,частично,1.723
14500000.0,65.0,раздельный,нет,1.0,5.0,2.7,нет,нет,1979,панельный,частично,3.86
23500000.0,87.0,раздельный,нет,6.0,6.0,2.8,нет,нет,1989,панельный,частично,2.228
16500000.0,80.0,раздельный,нет,6.0,6.0,2.7,нет,нет,1990,панельный,частично,2.784
20000000.0,52.0,совмещенный,нет,4.0,5.0,2.9,нет,В залоге,2021,кирпичный,частично,1.745
14500000.0,47.0,раздельный,нет,5.0,5.0,2.7,нет,нет,1990,кирпичный,частично,2.677
15000000.0,66.0,раздельный,нет,5.0,5.0,2.7,нет,нет,1994,панельный,частично,2.362
23500000.0,75.0,раздельный,нет,1.0,9.0,2.8,нет,нет,2015,кирпичный,частично,4.042
11900000.0,34.0,совмещенный,нет,8.0,9.0,2.7,нет,нет,2007,кирпичный,полностью,2.677
15700000.0,60.0,раздельный,нет,4.0,5.0,2.7,нет,нет,1986,панельный,частично,3.771
18000000.0,60.0,раздельный,нет,5.0,5.0,2.7,нет,нет,1990,кирпичный,частично,3.527
12500000.0,52.0,раздельный,нет,4.0,5.0,2.7,нет,нет,1977,панельный,частично,3.703
16500000.0,64.0,раздельный,нет,4.0,5.0,2.7,нет,нет,1974,кирпичный,частично,1.887
15500000.0,60.0,раздельный,нет,5.0,5.0,2.7,нет,нет,1976,панельный,частично,3.657
7000000.0,38.0,совмещенный,нет,4.0,5.0,2.5,да,нет,1984,кирпичный,частично,1.195
10800000.0,35.0,совмещенный,нет,5.0,5.0,2.7,нет,нет,1985,кирпичный,частично,0.981
18000000.0,52.0,раздельный,нет,1.0,8.0,2.9,нет,нет,2019,кирпичный,частично,2.899
15000000.0,51.0,раздельный,нет,1.0,6.0,2.7,нет,нет,1990,панельный,частично,1.374
18000000.0,70.0,раздельный,нет,4.0,6.0,2.8,нет,нет,1990,панельный,частично,2.624
12500000.0,52.0,раздельный,нет,4.0,5.0,2.7,нет,нет,1977,панельный,полностью,3.703
11000000.0,47.0,совмещенный,нет,2.0,5.0,2.0,нет,нет,1986,панельный,частично,1.447
12500000.0,52.0,раздельный,нет,1.0,5.0,2.8,нет,нет,1985,кирпичный,частично,1.972
16500000.0,60.0,раздельный,нет,5.0,5.0,2.7,нет,нет,1986,кирпичный,частично,3.63
15000000.0,45.0,совмещенный,нет,2.0,5.0,2.0,нет,нет,2011,кирпичный,частично,3.527
12500000.0,42.0,совмещенный,нет,8.0,9.0,2.7,нет,нет,2020,монолитный,частично,3.265
12500000.0,45.0,совмещенный,нет,5.0,5.0,2.5,нет,нет,1974,кирпичный,частично,1.143
13000000.0,57.0,совмещенный,нет,1.0,5.0,2.6,нет,нет,1963,кирпичный,частично,2.234
20000000.0,76.8,раздельный,нет,2.0,5.0,2.7,нет,нет,1984,кирпичный,частично,3.429
12500000.0,52.0,совмещенный,нет,2.0,5.0,2.6,нет,нет,1979,иной,частично,3.86
13000000.0,51.0,раздельный,нет,2.0,5.0,2.7,нет,нет,1985,панельный,частично,3.749
18500000.0,62.1,раздельный,балкон,2.0,5.0,2.8,нет,нет,1993,кирпичный,полностью,1.755
15000000.0,51.0,раздельный,нет,5.0,5.0,2.7,нет,нет,1987,панельный,частично,2.393
15500000.0,58.8,раздельный,нет,4.0,5.0,2.7,нет,нет,1976,кирпичный,частично,3.915
22000000.0,67.0,раздельный,нет,5.0,5.0,2.7,нет,нет,1988,кирпичный,частично,0.633
12900000.0,46.0,совмещенный,нет,2.0,5.0,2.7,нет,В залоге,1970,кирпичный,частично,0.751
14500000.0,51.0,раздельный,нет,1.0,5.0,2.7,нет,нет,1990,панельный,частично,3.527
16500000.0,39.4,раздельный,нет,9.0,9.0,2.7,нет,нет,2021,кирпичный,частично,3.296
22500000.0,68.0,раздельный,нет,1.0,9.0,2.7,нет,нет,2006,панельный,частично,1.682
19500000.0,60.0,раздельный,нет,2.0,5.0,2.7,нет,нет,1985,кирпичный,частично,0.905
18500000.0,47.0,раздельный,нет,3.0,6.0,2.7,нет,нет,2011,кирпичный,частично,2.061
35500000.0,81.9,раздельный,нет,2.0,9.0,2.7,нет,нет,2022,кирпичный,частично,3.491
12500000.0,44.0,раздельный,нет,1.0,5.0,2.7,нет,нет,1983,панельный,частично,3.471
7500000.0,39.6,раздельный,нет,3.0,5.0,2.5,да,нет,1980,кирпичный,частично,1.84
11500000.0,53.0,раздельный,нет,4.0,4.0,2.7,нет,нет,1963,кирпичный,частично,1.798
16000000.0,55.0,раздельный,нет,2.0,5.0,2.7,нет,нет,1987,панельный,частично,1.748
15000000.0,42.2,раздельный,нет,8.0,9.0,2.7,нет,нет,2018,кирпичный,частично,2.742
17340000.0,43.0,раздельный,нет,5.0,9.0,2.7,нет,нет,2024,кирпичный,частично,2.003
15500000.0,60.0,раздельный,нет,6.0,6.0,2.7,нет,нет,1993,кирпичный,частично,2.067
15000000.0,45.0,раздельный,нет,4.0,5.0,2.7,нет,нет,1970,кирпичный,частично,1.808
12500000.0,45.0,раздельный,нет,5.0,5.0,2.7,нет,нет,1969,кирпичный,частично,1.295
19000000.0,65.0,раздельный,нет,4.0,5.0,2.7,нет,нет,1986,кирпичный,частично,1.167
26000000.0,81.4,раздельный,нет,4.0,5.0,2.7,нет,нет,1973,кирпичный,частично,0.583
9900000.0,30.0,раздельный,нет,2.0,9.0,2.7,нет,нет,1987,кирпичный,частично,3.724
12500000.0,42.0,раздельный,нет,3.0,5.0,2.7,нет,нет,1974,кирпичный,частично,1.414
11000000.0,40.5,раздельный,нет,3.0,5.0,2.7,нет,нет,1974,кирпичный,частично,1.143
15500000.0,62.0,раздельный,нет,1.0,5.0,2.7,нет,нет,1988,кирпичный,частично,2.677
33500000.0,98.0,раздельный,нет,3.0,9.0,2.7,нет,нет,2020,кирпичный,частично,3.796
19000000.0,60.8,раздельный,нет,2.0,5.0,2.7,нет,нет,1978,кирпичный,частично,1.637
15000000.0,44.8,раздельный,нет,4.0,5.0,2.7,нет,нет,1970,кирпичный,частично,1.808
18500000.0,65.0,раздельный,нет,5.0,5.0,2.7,нет,нет,1989,кирпичный,частично,3.404
8000000.0,29.6,совмещенный,балкон,4.0,4.0,2.7,нет,нет,1965,кирпичный,частично,2.245
35000000.0,70.0,раздельный,нет,10.0,10.0,2.7,нет,нет,2022,кирпичный,частично,1.803
18500000.0,70.0,раздельный,нет,1.0,5.0,2.7,нет,нет,1972,кирпичный,частично,0.482
18500000.0,62.1,раздельный,нет,2.0,5.0,2.7,нет,нет,1993,кирпичный,частично,1.755
19000000.0,64.0,раздельный,нет,6.0,6.0,2.7,нет,нет,1990,кирпичный,частично,2.726
24500000.0,66.8,раздельный,нет,5.0,5.0,2.7,нет,В залоге,2018,кирпичный,частично,1.569
23000000.0,68.0,раздельный,нет,9.0,10.0,2.7,нет,нет,1988,панельный,частично,2.662
48500000.0,100.0,раздельный,нет,1.0,9.0,2.7,нет,нет,2022,кирпичный,частично,1.588
19500000.0,62.0,раздельный,нет,8.0,9.0,2.7,нет,нет,2007,панельный,частично,0.696
15000000.0,47.0,раздельный,нет,4.0,5.0,2.7,нет,нет,2019,кирпичный,частично,4.449
17500000.0,80.0,раздельный,балкон,5.0,5.0,2.7,нет,В залоге,1979,кирпичный,частично,3.436
17500000.0,68.8,раздельный,нет,6.0,6.0,2.7,нет,нет,1989,кирпичный,частично,1.783
4200000.0,18.0,раздельный,нет,3.0,5.0,2.7,да,нет,1980,кирпичный,частично,2.714
19500000.0,75.0,раздельный,нет,4.0,5.0,2.7,нет,нет,2025,кирпичный,частично,0.853
50000000.0,140.7,раздельный,нет,8.0,10.0,2.7,нет,нет,2017,кирпичный,частично,1.477
33500000.0,98.0,раздельный,нет,9.0,10.0,2.7,нет,нет,2022,кирпичный,частично,1.06
11500000.0,55.0,раздельный,лоджия,5.0,5.0,2.7,нет,нет,1978,панельный,частично,3.901
14000000.0,50.0,раздельный,нет,4.0,9.0,2.7,нет,нет,1984,панельный,частично,2.714
9500000.0,40.0,раздельный,нет,2.0,4.0,2.7,нет,нет,1964,кирпичный,частично,2.107
25500000.0,70.1,раздельный,нет,7.0,10.0,2.7,нет,нет,2024,кирпичный,частично,1.324
15700000.0,60.2,раздельный,нет,4.0,5.0,2.7,нет,нет,2025,кирпичный,частично,1.73
11000000.0,48.0,раздельный,нет,2.0,2.0,2.7,нет,нет,1958,кирпичный,частично,0.682
34000000.0,85.0,раздельный,нет,8.0,9.0,2.7,нет,нет,2022,кирпичный,частично,1.324
17000000.0,52.0,раздельный,нет,4.0,9.0,2.7,нет,нет,1988,кирпичный,частично,2.677
17500000.0,63.0,раздельный,нет,9.0,9.0,2.7,нет,нет,2006,кирпичный,частично,1.955
15500000.0,57.0,совмещенный,нет,4.0,5.0,2.7,нет,нет,1969,панельный,частично,1.521
18000000.0,62.0,раздельный,нет,4.0,5.0,2.7,нет,нет,1978,кирпичный,частично,1.637
22650000.0,86.5,раздельный,нет,1.0,5.0,2.5,нет,нет,1997,панельный,без мебели,2.41
17500000.0,60.8,раздельный,нет,6.0,9.0,2.7,нет,нет,2022,кирпичный,частично,1.321
15500000.0,44.7,раздельный,нет,4.0,5.0,2.7,нет,нет,1969,кирпичный,частично,1.521
17340000.0,57.8,раздельный,лоджия,2.0,5.0,2.7,нет,нет,2024,кирпичный,частично,1.73
27000000.0,82.6,раздельный,нет,9.0,10.0,2.7,нет,нет,2023,кирпичный,частично,1.58
24900000.0,90.0,раздельный,нет,5.0,9.0,2.7,нет,нет,2022,кирпичный,частично,1.17
16762000.0,57.8,раздельный,лоджия,4.0,5.0,2.7,нет,нет,2024,кирпичный,частично,1.73
9600000.0,34.1,раздельный,нет,2.0,5.0,2.6,нет,нет,1973,кирпичный,частично,2.245
16100000.0,57.0,раздельный,нет,1.0,9.0,2.7,нет,нет,2023,кирпичный,частично,1.047
18500000.0,80.0,раздельный,нет,1.0,9.0,2.7,нет,нет,2004,панельный,частично,2.006
16296000.0,58.2,раздельный,лоджия,5.0,5.0,2.7,нет,нет,2024,кирпичный,частично,1.73
12700000.0,52.0,раздельный,лоджия,1.0,9.0,2.7,нет,нет,1991,панельный,частично,3.298
11000000.0,36.3,раздельный,нет,5.0,12.0,2.7,нет,нет,2023,кирпичный,частично,3.932
14300000.0,51.0,раздельный,нет,1.0,5.0,2.6,нет,В залоге,1981,панельный,частично,3.642
12700000.0,48.8,совмещенный,нет,4.0,5.0,2.7,нет,нет,2025,кирпичный,частично,1.73
11500000.0,46.0,раздельный,нет,1.0,5.0,2.7,нет,нет,1971,кирпичный,частично,0.793
22000000.0,80.0,раздельный,нет,3.0,6.0,2.7,нет,нет,1990,кирпичный,частично,2.228
23500000.0,55.0,совмещенный,нет,1.0,5.0,2.7,нет,нет,2018,кирпичный,полностью,1.58
12500000.0,52.0,раздельный,балкон,8.0,9.0,2.7,нет,нет,1991,панельный,частично,3.298
19500000.0,69.0,раздельный,нет,9.0,9.0,2.7,нет,нет,1988,панельный,частично,2.677
4500000.0,18.0,совмещенный,нет,1.0,5.0,2.7,да,нет,1984,кирпичный,частично,3.651
23500000.0,84.5,раздельный,нет,5.0,5.0,2.7,нет,нет,2009,кирпичный,частично,3.393
12000000.0,44.0,совмещенный,балкон,2.0,5.0,2.7,нет,нет,1979,панельный,частично,0.448
23000000.0,60.0,раздельный,нет,5.0,5.0,2.7,нет,нет,1985,кирпичный,частично,3.607
15300000.0,45.7,раздельный,лоджия,9.0,9.0,2.6,нет,нет,1984,кирпичный,полностью,1.165
16000000.0,58.0,раздельный,нет,2.0,5.0,2.7,нет,нет,1979,кирпичный,частично,3.792
22500000.0,47.8,совмещенный,нет,2.0,9.0,2.7,нет,нет,2022,кирпичный,полностью,1.884
27500000.0,88.7,раздельный,нет,2.0,9.0,2.7,нет,В залоге,2016,кирпичный,частично,4.142
20000000.0,60.0,раздельный,нет,7.0,9.0,2.7,нет,нет,2014,кирпичный,частично,2.295
25000000.0,67.7,раздельный,нет,9.0,10.0,2.7,нет,нет,2025,кирпичный,частично,1.103
8600000.0,31.0,раздельный,нет,4.0,4.0,2.7,нет,нет,1966,кирпичный,частично,1.673
12200000.0,41.3,раздельный,нет,4.0,5.0,2.7,нет,нет,2024,кирпичный,частично,1.73
19000000.0,72.0,раздельный,лоджия,5.0,9.0,2.7,нет,нет,2025,кирпичный,частично,0.781
10500000.0,36.0,совмещенный,нет,4.0,5.0,2.8,нет,нет,2025,кирпичный,частично,1.73
15800000.0,57.0,раздельный,нет,4.0,5.0,2.7,нет,нет,1972,кирпичный,частично,1.612
20400000.0,55.5,раздельный,нет,2.0,3.0,2.7,нет,нет,2023,кирпичный,частично,3.479
24000000.0,54.0,совмещенный,нет,7.0,10.0,2.7,нет,нет,2023,кирпичный,полностью,0.478
21000000.0,62.4,раздельный,балкон и лоджия,1.0,5.0,2.7,нет,нет,2015,кирпичный,частично,3.987
15800000.0,58.0,совмещенный,балкон,5.0,5.0,2.7,нет,нет,1973,кирпичный,частично,0.83
17000000.0,42.0,совмещенный,лоджия,2.0,9.0,3.0,нет,нет,2020,кирпичный,частично,3.858
18000000.0,53.0,раздельный,нет,8.0,10.0,2.7,нет,нет,1992,кирпичный,частично,1.931
14200000.0,41.1,раздельный,нет,1.0,9.0,2.5,нет,нет,2017,кирпичный,без мебели,3.951
16500000.0,34.0,совмещенный,нет,9.0,9.0,2.7,нет,В залоге,2022,кирпичный,частично,1.407
15000000.0,47.0,совмещенный,лоджия,1.0,9.0,2.7,нет,нет,2023,кирпичный,частично,1.294
15000000.0,42.0,совмещенный,нет,1.0,9.0,2.8,нет,нет,2023,кирпичный,частично,1.294
31000000.0,83.9,раздельный,несколько балконов или лоджий,5.0,9.0,2.7,нет,нет,2005,панельный,частично,1.58
10500000.0,45.0,совмещенный,нет,3.0,4.0,2.5,нет,нет,1965,кирпичный,частично,0.781
22000000.0,67.0,раздельный,нет,4.0,5.0,2.7,нет,нет,1987,панельный,частично,1.247
5000000.0,18.0,раздельный,нет,4.0,5.0,2.7,да,нет,1974,кирпичный,частично,1.247
19500000.0,40.0,совмещенный,нет,3.0,5.0,3.0,нет,нет,2019,кирпичный,частично,1.597
21500000.0,42.0,раздельный,нет,5.0,9.0,2.7,нет,нет,2017,кирпичный,частично,1.103
11000000.0,37.0,совмещенный,нет,3.0,5.0,2.7,нет,нет,1992,монолитный,частично,3.454
16500000.0,77.5,2 с/у и более,нет,3.0,4.0,2.7,нет,нет,2004,кирпичный,частично,1.142
13500000.0,52.0,раздельный,нет,4.0,5.0,2.7,нет,нет,1987,панельный,без мебели,0.47
41500000.0,91.7,раздельный,лоджия,4.0,10.0,2.7,нет,нет,2022,кирпичный,частично,1.95
16000000.0,50.0,раздельный,нет,4.0,5.0,2.7,нет,нет,2019,панельный,полностью,4.193
14000000.0,48.0,раздельный,нет,1.0,5.0,2.7,нет,нет,1970,кирпичный,полностью,0.361
3000000.0,12.0,раздельный,нет,4.0,5.0,2.7,да,нет,1980,панельный,частично,2.294
41000000.0,108.0,раздельный,нет,9.0,9.0,3.0,нет,нет,2017,кирпичный,полностью,0.564
5500000.0,36.0,раздельный,нет,3.0,5.0,2.7,да,нет,1978,кирпичный,частично,2.726
13800000.0,41.6,раздельный,лоджия,9.0,9.0,2.8,нет,нет,2021,кирпичный,частично,3.296
13800000.0,41.6,раздельный,лоджия,9.0,10.0,2.7,нет,нет,2020,кирпичный,частично,3.296
15000000.0,56.0,раздельный,нет,5.0,6.0,2.7,нет,нет,1988,панельный,частично,1.873
17500000.0,86.0,раздельный,нет,5.0,5.0,2.7,нет,нет,1988,панельный,частично,1.782
10500000.0,51.0,раздельный,нет,4.0,5.0,2.7,нет,нет,1986,панельный,частично,1.48
16000000.0,63.0,раздельный,нет,4.0,5.0,2.7,нет,нет,1979,панельный,частично,3.963
13500000.0,46.0,совмещенный,нет,5.0,5.0,2.7,нет,нет,1973,кирпичный,частично,2.688
12369000.0,43.4,раздельный,нет,5.0,5.0,2.7,нет,нет,2024,кирпичный,частично,1.73
8000000.0,32.5,совмещенный,нет,2.0,4.0,2.6,нет,нет,1967,кирпичный,без мебели,2.693
18000000.0,61.7,раздельный,балкон,3.0,9.0,2.7,нет,нет,1993,кирпичный,полностью,3.491
10500000.0,49.7,раздельный,нет,6.0,6.0,2.7,нет,нет,1978,кирпичный,частично,1.154
19860400.0,70.93,раздельный,нет,8.0,9.0,2.7,нет,нет,2025,кирпичный,частично,0.951
29372000.0,104.9,раздельный,нет,1.0,10.0,2.7,нет,нет,2022,кирпичный,частично,2.582
24800000.0,90.0,раздельный,нет,9.0,10.0,2.7,нет,нет,2024,кирпичный,частично,1.288
20972000.0,74.9,раздельный,нет,1.0,10.0,2.7,нет,нет,2022,кирпичный,частично,2.582
16500000.0,57.7,раздельный,нет,3.0,5.0,2.7,нет,В залоге,1977,панельный,частично,3.919
12500000.0,45.0,совмещенный,балкон,3.0,4.0,2.5,нет,нет,1966,кирпичный,частично,2.693
16152000.0,49.7,раздельный,нет,2.0,10.0,2.8,нет,нет,2022,кирпичный,частично,1.294
20500000.0,55.0,раздельный,нет,1.0,5.0,2.7,нет,нет,2023,кирпичный,частично,1.651
14000000.0,38.0,совмещенный,нет,1.0,9.0,2.5,нет,нет,2014,кирпичный,частично,2.295
24500000.0,67.0,раздельный,нет,1.0,9.0,2.7,нет,нет,2021,кирпичный,частично,3.877
20000000.0,62.0,раздельный,балкон,3.0,5.0,2.7,нет,нет,1990,кирпичный,полностью,2.726
12648000.0,49.9,раздельный,нет,5.0,5.0,2.7,нет,нет,2023,кирпичный,частично,3.491
17500000.0,66.7,раздельный,нет,7.0,9.0,2.7,нет,нет,1988,панельный,частично,2.677
19000000.0,78.6,раздельный,нет,4.0,5.0,2.7,нет,нет,1984,панельный,частично,3.818
8500000.0,36.0,раздельный,нет,5.0,9.0,2.7,да,В залоге,1986,кирпичный,частично,1.309
18000000.0,59.3,раздельный,нет,5.0,5.0,2.7,нет,нет,2018,кирпичный,частично,4.193
24000000.0,95.3,раздельный,нет,2.0,5.0,2.6,нет,нет,1975,кирпичный,частично,1.189
7900000.0,29.0,совмещенный,нет,1.0,2.0,2.8,нет,нет,1965,кирпичный,полностью,2.668
18000000.0,60.0,раздельный,нет,3.0,5.0,2.7,нет,нет,1991,кирпичный,частично,3.817
17000000.0,55.8,раздельный,нет,4.0,9.0,2.7,нет,нет,2004,панельный,частично,2.378
9500000.0,36.0,раздельный,нет,8.0,9.0,2.7,нет,нет,1990,панельный,частично,2.617
20952000.0,77.6,раздельный,балкон,5.0,5.0,2.7,нет,нет,2024,кирпичный,частично,1.73
20000000.0,58.0,совмещенный,нет,7.0,9.0,2.5,нет,нет,2014,кирпичный,полностью,2.295
16000000.0,51.0,раздельный,нет,1.0,5.0,2.7,нет,нет,1980,кирпичный,частично,3.86
65000000.0,133.0,раздельный,нет,1.0,5.0,2.7,нет,нет,2018,кирпичный,частично,3.436
13700000.0,41.6,раздельный,нет,9.0,10.0,2.7,нет,нет,2020,кирпичный,частично,3.296
11500000.0,40.0,раздельный,нет,5.0,5.0,2.7,нет,нет,1971,кирпичный,частично,0.482
17000000.0,56.1,раздельный,нет,4.0,9.0,2.7,нет,нет,2006,панельный,частично,2.378
23040000.0,76.8,раздельный,балкон,1.0,5.0,2.7,нет,нет,2024,кирпичный,частично,1.73
14500000.0,52.0,раздельный,нет,4.0,5.0,2.7,нет,нет,1994,панельный,частично,3.533
33500000.0,98.0,2 с/у и более,нет,9.0,10.0,2.7,нет,нет,2021,кирпичный,частично,0.781
10500000.0,46.0,раздельный,нет,1.0,5.0,2.7,нет,нет,1971,кирпичный,частично,0.793
14500000.0,40.0,раздельный,балкон,4.0,5.0,2.7,нет,нет,1971,кирпичный,частично,1.593
9500000.0,32.1,раздельный,нет,1.0,5.0,2.7,нет,нет,1980,кирпичный,частично,1.972
11000000.0,43.7,совмещенный,нет,3.0,4.0,2.7,нет,нет,1965,кирпичный,частично,2.388
20000000.0,60.1,раздельный,нет,3.0,5.0,2.7,нет,нет,2012,кирпичный,частично,1.974
22500000.0,82.3,раздельный,нет,5.0,10.0,2.7,нет,нет,1989,панельный,частично,0.47
12500000.0,44.1,совмещенный,нет,4.0,5.0,2.5,нет,нет,1965,кирпичный,полностью,2.714
16000000.0,52.0,раздельный,нет,2.0,5.0,2.7,нет,нет,1984,панельный,частично,3.697
15000000.0,68.4,совмещенный,нет,4.0,5.0,2.7,нет,нет,2024,кирпичный,частично,1.521
45000000.0,94.0,2 с/у и более,нет,4.0,5.0,3.0,нет,В залоге,2022,кирпичный,полностью,0.53
19000000.0,61.0,раздельный,нет,3.0,5.0,2.7,нет,нет,1985,панельный,частично,3.436
15500000.0,44.1,совмещенный,нет,2.0,9.0,2.7,нет,нет,2023,кирпичный,частично,1.132
19500000.0,60.0,раздельный,нет,3.0,5.0,2.7,нет,нет,1986,панельный,частично,3.49
58000000.0,109.0,2 с/у и более,нет,4.0,10.0,2.7,нет,нет,2022,кирпичный,полностью,4.193
31000000.0,58.9,раздельный,нет,7.0,9.0,2.7,нет,нет,2023,кирпичный,частично,1.294
10500000.0,30.0,раздельный,нет,5.0,5.0,2.7,нет,нет,1972,кирпичный,частично,0.959
22900000.0,67.4,совмещенный,нет,2.0,9.0,2.7,нет,нет,2015,кирпичный,полностью,2.807
19000000.0,59.7,совмещенный,нет,5.0,5.0,2.7,нет,нет,1985,кирпичный,полностью,0.981
14000000.0,43.7,совмещенный,нет,4.0,5.0,2.7,нет,нет,2024,кирпичный,частично,1.73
21000000.0,52.0,совмещенный,лоджия,3.0,5.0,2.7,нет,нет,2021,кирпичный,частично,1.407
17000000.0,60.0,раздельный,нет,3.0,5.0,2.7,нет,нет,1980,кирпичный,частично,1.676
22500000.0,56.0,раздельный,нет,8.0,9.0,2.7,нет,нет,2020,кирпичный,частично,3.858
14500000.0,40.0,раздельный,балкон,7.0,9.0,2.6,нет,нет,2018,монолитный,без мебели,2.742
21000000.0,54.0,раздельный,нет,2.0,5.0,2.7,нет,нет,1984,кирпичный,частично,2.048
15000000.0,39.4,совмещенный,нет,2.0,5.0,2.7,нет,нет,2024,кирпичный,частично,1.73
19600000.0,69.5,совмещенный,нет,5.0,5.0,3.0,нет,нет,2024,кирпичный,частично,1.521
15300000.0,63.8,раздельный,нет,5.0,5.0,2.7,нет,нет,1992,иной,частично,2.874
15500000.0,57.0,раздельный,нет,4.0,5.0,2.7,нет,нет,1969,панельный,частично,1.521
77000000.0,138.5,2 с/у и более,нет,9.0,10.0,2.7,нет,нет,2020,кирпичный,полностью,1.95
18000000.0,40.0,раздельный,нет,5.0,5.0,2.7,нет,нет,2011,кирпичный,частично,2.061
28000000.0,59.5,раздельный,балкон,3.0,5.0,2.5,нет,нет,1983,панельный,частично,1.403
11000000.0,37.0,совмещенный,нет,3.0,5.0,2.7,нет,нет,1992,монолитный,частично,3.454
17400000.0,59.9,раздельный,нет,2.0,5.0,2.7,нет,нет,1980,панельный,частично,3.613
17603000.0,60.7,раздельный,нет,7.0,9.0,2.7,нет,нет,2025,кирпичный,частично,1.014
20764000.0,71.6,раздельный,нет,7.0,9.0,2.7,нет,нет,2025,кирпичный,частично,1.014
30084600.0,103.74,раздельный,нет,7.0,9.0,2.7,нет,нет,2025,кирпичный,частично,1.014
15000000.0,45.0,совмещенный,нет,3.0,5.0,2.5,нет,нет,2010,кирпичный,полностью,3.527
19400000.0,60.0,совмещенный,нет,4.0,6.0,2.7,нет,нет,1990,панельный,частично,0.334
35000000.0,67.5,совмещенный,нет,4.0,9.0,3.0,нет,нет,2016,кирпичный,полностью,0.622
13000000.0,54.1,раздельный,нет,2.0,5.0,2.7,нет,нет,1966,кирпичный,частично,0.132
25000000.0,60.0,раздельный,нет,3.0,9.0,2.7,нет,В залоге,2017,панельный,частично,3.798
21500000.0,43.0,раздельный,нет,8.0,10.0,2.7,нет,нет,2021,кирпичный,частично,1.083
17200000.0,55.0,раздельный,балкон,4.0,6.0,2.7,нет,нет,1993,панельный,частично,3.633
13000000.0,45.0,раздельный,нет,2.0,5.0,2.7,нет,нет,1976,кирпичный,частично,1.469
18500000.0,55.0,раздельный,балкон,3.0,6.0,2.7,нет,нет,1990,иной,частично,2.677
11500000.0,35.0,раздельный,балкон,1.0,5.0,2.7,нет,нет,2010,кирпичный,частично,3.454
16500000.0,42.0,раздельный,нет,9.0,9.0,2.7,нет,В залоге,2020,кирпичный,частично,3.33
8000000.0,28.0,совмещенный,нет,3.0,5.0,2.7,нет,нет,1972,кирпичный,частично,3.868
8000000.0,28.0,совмещенный,нет,3.0,5.0,2.7,нет,нет,1972,кирпичный,частично,3.868
25000000.0,59.4,раздельный,нет,3.0,5.0,2.7,нет,нет,2015,кирпичный,частично,1.58
14500000.0,43.0,раздельный,балкон,8.0,8.0,2.7,нет,нет,2011,панельный,без мебели,3.28
10300000.0,40.0,раздельный,балкон,5.0,5.0,2.7,нет,нет,1970,кирпичный,частично,1.808
9500000.0,45.0,раздельный,нет,8.0,9.0,2.7,нет,нет,1984,кирпичный,частично,1.309
6000000.0,17.0,совмещенный,нет,3.0,5.0,2.7,да,нет,1982,панельный,полностью,1.921
11500000.0,50.6,раздельный,балкон,5.0,5.0,2.7,нет,нет,1980,панельный,частично,3.502
22500000.0,63.0,раздельный,нет,2.0,5.0,2.7,нет,В залоге,2016,кирпичный,частично,2.852
10500000.0,29.5,раздельный,нет,5.0,5.0,2.7,нет,В залоге,1972,кирпичный,частично,0.959
20000000.0,69.0,раздельный,нет,5.0,5.0,2.7,нет,нет,2025,кирпичный,частично,1.73
13000000.0,50.0,раздельный,нет,1.0,5.0,2.7,нет,нет,1982,кирпичный,частично,3.437
20000000.0,68.5,совмещенный,балкон,6.0,9.0,2.7,нет,нет,1992,панельный,полностью,3.515
15500000.0,65.0,раздельный,балкон и лоджия,5.0,5.0,3.0,нет,нет,2015,кирпичный,частично,4.375
20500000.0,74.0,раздельный,нет,1.0,6.0,2.7,нет,нет,1986,кирпичный,частично,1.403
17400000.0,84.0,совмещенный,нет,3.0,3.0,3.0,нет,нет,2021,кирпичный,частично,0.794
22500000.0,69.0,раздельный,несколько балконов или лоджий,4.0,5.0,2.7,нет,В залоге,2014,кирпичный,частично,2.902
45000000.0,83.0,раздельный,нет,2.0,5.0,2.5,нет,нет,1983,кирпичный,полностью,0.967
10500000.0,40.0,раздельный,нет,3.0,9.0,2.7,да,нет,1986,кирпичный,частично,1.309
13891000.0,47.9,раздельный,нет,7.0,9.0,2.7,нет,нет,2022,кирпичный,частично,1.014
15000000.0,50.0,совмещенный,нет,6.0,6.0,2.7,нет,нет,1990,панельный,полностью,1.402
14500000.0,42.0,раздельный,нет,1.0,5.0,2.8,нет,нет,2018,кирпичный,частично,1.58
24500000.0,73.0,совмещенный,балкон,4.0,5.0,2.8,нет,нет,2015,кирпичный,частично,1.349
55000000.0,110.0,раздельный,нет,2.0,5.0,2.7,нет,нет,2023,кирпичный,частично,1.651
12500000.0,54.0,раздельный,балкон,5.0,5.0,2.5,нет,В залоге,1984,панельный,частично,3.351
20000000.0,42.8,совмещенный,нет,1.0,9.0,2.7,нет,В залоге,2021,кирпичный,полностью,3.598
18500000.0,62.6,раздельный,нет,1.0,5.0,2.7,нет,нет,1992,кирпичный,частично,2.874
28000000.0,82.0,раздельный,нет,3.0,9.0,2.7,нет,нет,2018,кирпичный,полностью,0.602
9800000.0,46.2,совмещенный,балкон,5.0,5.0,2.7,нет,нет,1981,панельный,частично,3.533
11900000.0,34.0,раздельный,нет,4.0,6.0,2.7,нет,нет,1993,кирпичный,частично,2.067
15500000.0,56.9,раздельный,нет,5.0,5.0,2.7,нет,нет,1970,кирпичный,частично,0.557
13000000.0,50.0,раздельный,балкон,4.0,5.0,2.7,нет,нет,1976,кирпичный,без мебели,2.23
9300000.0,38.0,раздельный,нет,3.0,4.0,2.7,нет,нет,1963,кирпичный,частично,1.798
25000000.0,78.0,раздельный,балкон,5.0,5.0,2.7,нет,нет,1984,панельный,полностью,3.286
11500000.0,52.0,раздельный,несколько балконов или лоджий,5.0,5.0,2.7,нет,нет,1988,кирпичный,частично,2.765
16500000.0,55.0,раздельный,нет,5.0,5.0,2.7,нет,нет,1990,кирпичный,частично,1.27
10000000.0,42.0,раздельный,нет,3.0,5.0,2.7,нет,нет,1982,кирпичный,частично,1.247
20500000.0,65.0,раздельный,лоджия,5.0,5.0,2.8,нет,нет,2016,кирпичный,полностью,0.476
14200000.0,48.0,раздельный,нет,3.0,5.0,2.7,нет,нет,1975,кирпичный,частично,0.669
10500000.0,44.0,совмещенный,нет,3.0,4.0,2.5,нет,нет,1964,кирпичный,частично,0.781
9000000.0,41.0,раздельный,нет,3.0,3.0,2.7,нет,нет,1966,кирпичный,частично,2.275
32000000.0,99.3,раздельный,нет,10.0,10.0,3.0,нет,В залоге,2022,кирпичный,частично,2.159
22500000.0,78.0,раздельный,нет,3.0,5.0,2.7,нет,нет,1993,иной,частично,2.539
26500000.0,56.0,раздельный,нет,3.0,9.0,2.7,нет,нет,2015,кирпичный,частично,0.483
10000000.0,45.0,раздельный,нет,4.0,4.0,2.7,нет,нет,1966,кирпичный,частично,4.337
17000000.0,44.0,раздельный,нет,4.0,5.0,2.7,нет,нет,1979,панельный,полностью,0.448
12500000.0,51.0,раздельный,нет,4.0,5.0,2.7,нет,нет,1978,кирпичный,частично,3.657
18500000.0,77.0,раздельный,нет,6.0,6.0,2.7,нет,нет,1990,иной,частично,2.677
32500000.0,75.0,раздельный,нет,7.0,9.0,2.7,нет,нет,2022,кирпичный,частично,1.326
50500000.0,140.0,раздельный,нет,8.0,10.0,2.7,нет,нет,2017,кирпичный,частично,1.477
11300000.0,43.0,раздельный,нет,2.0,2.0,2.7,нет,нет,1990,кирпичный,частично,3.479
18000000.0,66.7,раздельный,лоджия,9.0,9.0,2.7,нет,В залоге,2005,панельный,полностью,3.177
17000000.0,40.0,раздельный,нет,2.0,6.0,2.7,нет,нет,1987,кирпичный,частично,1.873
25000000.0,60.0,раздельный,нет,4.0,5.0,2.4,нет,нет,1991,кирпичный,частично,2.929
14000000.0,40.0,раздельный,нет,4.0,5.0,2.5,нет,нет,1967,кирпичный,частично,2.383
16500000.0,48.4,раздельный,нет,6.0,9.0,2.7,нет,нет,1984,кирпичный,полностью,0.613
20500000.0,59.9,раздельный,нет,2.0,5.0,2.7,нет,нет,1979,панельный,полностью,3.613
17500000.0,60.0,раздельный,нет,3.0,5.0,2.7,нет,нет,1979,панельный,частично,3.733
10500000.0,50.0,раздельный,нет,6.0,6.0,2.7,нет,нет,1978,кирпичный,частично,1.154
10800000.0,52.0,раздельный,нет,5.0,5.0,2.7,нет,нет,1986,кирпичный,частично,1.473
18500000.0,50.2,раздельный,нет,5.0,5.0,2.7,нет,нет,1990,кирпичный,частично,2.677
13000000.0,37.9,раздельный,балкон,1.0,5.0,2.7,нет,нет,2009,кирпичный,частично,3.393
13000000.0,43.0,раздельный,нет,5.0,5.0,2.7,нет,нет,2015,кирпичный,частично,2.807
14500000.0,50.0,раздельный,нет,1.0,6.0,2.7,нет,нет,2005,панельный,частично,2.46
34500000.0,87.0,раздельный,нет,6.0,9.0,2.7,нет,нет,2018,кирпичный,частично,1.249
11000000.0,45.0,раздельный,нет,2.0,3.0,2.7,нет,нет,1963,кирпичный,частично,1.6
18500000.0,64.0,раздельный,нет,5.0,5.0,2.7,нет,нет,1985,кирпичный,частично,0.167
10500000.0,36.0,раздельный,нет,5.0,12.0,2.7,нет,нет,2021,монолитный,частично,3.932
19000000.0,75.0,раздельный,нет,5.0,6.0,2.7,нет,нет,2000,кирпичный,частично,2.9
33500000.0,85.0,раздельный,несколько балконов или лоджий,8.0,9.0,2.7,нет,нет,2022,кирпичный,частично,0.711
40000000.0,60.8,совмещенный,нет,5.0,9.0,2.7,нет,нет,2020,кирпичный,полностью,0.753
26500000.0,65.7,раздельный,нет,4.0,5.0,2.7,нет,нет,1983,кирпичный,частично,0.931
18000000.0,52.3,раздельный,нет,4.0,9.0,2.7,нет,нет,1994,панельный,частично,3.237
30000000.0,63.0,совмещенный,лоджия,9.0,10.0,2.7,нет,нет,2020,кирпичный,полностью,0.753
15000000.0,45.0,раздельный,нет,5.0,6.0,2.7,нет,нет,1992,кирпичный,частично,1.014
30500000.0,75.0,раздельный,нет,1.0,5.0,2.7,нет,нет,1987,панельный,частично,1.748
9500000.0,40.0,совмещенный,балкон,5.0,5.0,2.7,нет,нет,1978,кирпичный,полностью,0.725
33500000.0,76.5,раздельный,нет,9.0,9.0,2.7,нет,нет,2022,кирпичный,частично,2.45
12500000.0,38.0,раздельный,балкон,2.0,5.0,2.7,нет,нет,1971,кирпичный,полностью,0.845
41500000.0,96.0,раздельный,нет,2.0,11.0,2.8,нет,нет,2022,кирпичный,частично,1.294
34000000.0,70.0,раздельный,нет,5.0,9.0,2.7,нет,нет,2022,кирпичный,частично,2.45
13700000.0,40.2,раздельный,нет,9.0,10.0,2.9,нет,В залоге,2018,панельный,частично,4.033
11000000.0,40.0,раздельный,нет,2.0,2.0,2.7,нет,нет,1971,кирпичный,частично,2.687
18900000.0,57.4,раздельный,нет,2.0,6.0,2.7,нет,нет,1989,панельный,частично,1.717
20500000.0,60.2,раздельный,нет,3.0,5.0,2.7,нет,нет,1973,кирпичный,частично,1.593
19500000.0,61.0,раздельный,нет,5.0,5.0,2.7,нет,нет,2018,кирпичный,частично,0.884
9500000.0,32.1,раздельный,нет,1.0,5.0,2.7,нет,нет,1980,кирпичный,частично,1.972
33000000.0,75.0,раздельный,нет,5.0,9.0,2.75,нет,нет,2022,кирпичный,полностью,1.436
22500000.0,63.0,раздельный,нет,3.0,5.0,2.7,нет,нет,1991,кирпичный,частично,3.527
14700000.0,45.0,совмещенный,нет,4.0,5.0,27.0,нет,нет,2024,кирпичный,без мебели,1.73
5700000.0,35.0,раздельный,нет,2.0,3.0,2.7,да,нет,1972,кирпичный,частично,2.688
19000000.0,61.0,раздельный,нет,5.0,5.0,2.7,нет,нет,2018,кирпичный,частично,0.884
24800000.0,80.0,раздельный,нет,4.0,5.0,2.7,нет,нет,2021,кирпичный,частично,1.851
12000000.0,50.0,раздельный,нет,5.0,5.0,2.7,нет,нет,1970,кирпичный,частично,0.649
11000000.0,40.0,раздельный,нет,2.0,3.0,2.7,нет,нет,1965,панельный,частично,3.437
8500000.0,37.0,совмещенный,нет,7.0,9.0,2.7,нет,нет,1983,панельный,частично,3.071
16200000.0,60.0,раздельный,нет,4.0,5.0,2.7,нет,нет,2024,кирпичный,частично,1.73
17516000.0,60.4,совмещенный,нет,1.0,5.0,2.7,нет,нет,2024,кирпичный,частично,1.427
33000000.0,84.0,совмещенный,нет,7.0,9.0,2.7,нет,нет,2021,кирпичный,частично,3.839
7300000.0,38.0,раздельный,нет,1.0,5.0,2.7,нет,нет,1988,панельный,частично,1.272
20000000.0,63.0,раздельный,лоджия,7.0,9.0,2.7,нет,нет,2019,кирпичный,частично,4.447
11000000.0,45.0,раздельный,нет,3.0,3.0,2.7,нет,нет,1974,кирпичный,частично,2.838
8500000.0,30.0,совмещенный,нет,4.0,5.0,2.5,нет,нет,1974,кирпичный,полностью,0.707
15500000.0,57.0,раздельный,нет,4.0,5.0,2.7,нет,нет,1969,кирпичный,частично,1.497
11500000.0,54.0,совмещенный,лоджия,1.0,3.0,2.7,нет,нет,1991,иной,частично,3.317
15500000.0,57.0,раздельный,нет,4.0,5.0,2.7,нет,нет,1969,кирпичный,частично,1.497
17000000.0,60.0,раздельный,нет,2.0,3.0,2.7,нет,нет,1984,кирпичный,частично,3.681
20160000.0,72.0,раздельный,нет,5.0,5.0,2.7,нет,нет,2024,кирпичный,частично,1.827
18500000.0,58.9,раздельный,нет,3.0,5.0,2.7,нет,нет,1992,кирпичный,частично,2.095
18500000.0,70.0,раздельный,нет,5.0,9.0,2.7,нет,нет,1984,кирпичный,частично,0.853
20952000.0,77.6,раздельный,нет,5.0,5.0,2.7,нет,нет,2024,кирпичный,частично,1.827
11500000.0,45.0,раздельный,нет,5.0,5.0,2.7,нет,нет,1974,кирпичный,частично,0.54
15500000.0,57.0,совмещенный,балкон,4.0,5.0,2.7,нет,нет,1969,кирпичный,частично,1.497
15000000.0,59.0,совмещенный,нет,4.0,5.0,2.7,нет,нет,1968,панельный,частично,0.365
8500000.0,31.0,совмещенный,нет,4.0,5.0,2.5,нет,нет,1974,кирпичный,частично,0.707
22500000.0,60.0,совмещенный,несколько балконов или лоджий,5.0,9.0,2.7,нет,нет,2021,кирпичный,частично,3.877
17690000.0,58.05,раздельный,нет,2.0,5.0,2.7,нет,нет,2024,кирпичный,частично,1.73
15500000.0,52.0,раздельный,нет,7.0,9.0,2.7,нет,нет,2005,панельный,частично,1.845
39000000.0,122.0,2 с/у и более,несколько балконов или лоджий,4.0,4.0,2.8,нет,нет,2006,кирпичный,частично,0.2
18000000.0,72.0,совмещенный,балкон,5.0,9.0,2.7,нет,нет,1990,панельный,частично,2.834
13000000.0,54.0,раздельный,нет,2.0,5.0,2.7,нет,нет,1966,кирпичный,частично,0.132
22500000.0,62.0,раздельный,нет,4.0,9.0,2.7,нет,нет,2023,кирпичный,частично,1.241
15000000.0,60.0,раздельный,нет,5.0,5.0,2.7,нет,нет,1972,кирпичный,частично,2.45
8700000.0,30.0,совмещенный,нет,2.0,4.0,2.7,нет,нет,1967,кирпичный,полностью,1.262
15500000.0,57.0,раздельный,нет,4.0,5.0,2.7,нет,нет,1969,панельный,частично,1.497
17500000.0,71.0,раздельный,лоджия,3.0,10.0,2.7,нет,нет,2023,кирпичный,частично,2.507
49000000.0,94.0,раздельный,нет,7.0,9.0,2.7,нет,нет,2022,кирпичный,полностью,0.947
10500000.0,37.0,совмещенный,нет,5.0,5.0,2.7,нет,нет,1970,кирпичный,полностью,0.861
18645000.0,62.15,раздельный,лоджия,3.0,5.0,2.75,нет,нет,2025,кирпичный,частично,2.322
15500000.0,65.0,раздельный,нет,5.0,5.0,2.7,нет,нет,1992,кирпичный,частично,2.874
4800000.0,19.0,раздельный,нет,2.0,5.0,2.5,да,нет,1987,кирпичный,частично,1.19
15500000.0,51.9,раздельный,нет,7.0,9.0,2.7,нет,нет,2005,панельный,частично,1.845
7600000.0,31.0,раздельный,нет,5.0,5.0,2.7,нет,нет,1979,кирпичный,частично,2.475
19524400.0,69.73,раздельный,нет,8.0,9.0,2.7,нет,нет,2025,кирпичный,частично,0.951
15500000.0,52.0,раздельный,балкон,2.0,5.0,2.7,нет,нет,1979,панельный,частично,1.154
8200000.0,32.0,совмещенный,нет,5.0,5.0,2.7,нет,нет,1980,кирпичный,частично,1.874
29500000.0,70.0,раздельный,нет,1.0,9.0,2.7,нет,нет,2020,кирпичный,частично,0.47
24500000.0,80.2,раздельный,нет,6.0,10.0,3.0,нет,нет,2023,кирпичный,частично,1.554
16200000.0,46.8,раздельный,нет,2.0,9.0,2.7,нет,нет,2023,кирпичный,частично,1.139
30500000.0,96.0,совмещенный,нет,5.0,5.0,2.7,нет,нет,2011,кирпичный,полностью,0.306
25000000.0,52.8,раздельный,нет,1.0,5.0,2.75,нет,В залоге,2023,кирпичный,полностью,2.35
21000000.0,72.9,раздельный,балкон и лоджия,6.0,6.0,2.7,нет,В залоге,1989,кирпичный,частично,1.717
12800000.0,45.0,раздельный,нет,4.0,4.0,2.7,нет,нет,1966,кирпичный,частично,2.054
21000000.0,50.0,раздельный,нет,9.0,10.0,2.7,нет,нет,2020,кирпичный,частично,0.506
25600000.0,67.0,раздельный,лоджия,3.0,9.0,2.7,нет,нет,2005,панельный,частично,2.006
64500000.0,113.0,раздельный,нет,5.0,10.0,3.0,нет,нет,2023,кирпичный,полностью,1.803
20000000.0,80.0,раздельный,нет,5.0,5.0,2.7,нет,нет,1982,панельный,частично,3.818
17500000.0,44.0,совмещенный,нет,3.0,5.0,2.7,нет,нет,2017,кирпичный,полностью,2.038
26500000.0,75.0,совмещенный,нет,5.0,5.0,2.7,нет,нет,2018,кирпичный,полностью,1.569
14200000.0,54.0,раздельный,нет,1.0,6.0,2.8,нет,нет,1989,панельный,частично,3.436
12500000.0,45.0,раздельный,нет,2.0,9.0,2.7,нет,нет,2024,кирпичный,частично,4.193
44500000.0,96.0,раздельный,нет,7.0,10.0,2.7,нет,нет,2021,кирпичный,полностью,1.103
16500000.0,51.5,раздельный,нет,1.0,6.0,2.7,нет,нет,1988,панельный,частично,0.47
11500000.0,44.1,совмещенный,балкон,5.0,5.0,2.7,нет,нет,1970,панельный,частично,0.649
14200000.0,45.0,раздельный,нет,2.0,5.0,2.7,нет,нет,2015,кирпичный,частично,4.193
7500000.0,29.0,совмещенный,нет,2.0,6.0,2.9,нет,нет,2024,кирпичный,частично,2.273
39000000.0,76.5,совмещенный,нет,9.0,9.0,3.0,нет,нет,2022,кирпичный,полностью,2.45
15000000.0,50.0,раздельный,нет,2.0,5.0,2.7,нет,В залоге,1975,кирпичный,частично,1.414
33500000.0,90.1,раздельный,нет,5.0,5.0,2.8,нет,В залоге,2014,кирпичный,полностью,1.241
14200000.0,43.0,раздельный,нет,1.0,5.0,2.7,нет,В залоге,1998,кирпичный,частично,2.677
10500000.0,39.0,раздельный,нет,5.0,6.0,2.7,нет,нет,1989,панельный,частично,2.726
14500000.0,64.0,раздельный,нет,5.0,5.0,2.7,нет,нет,1980,панельный,частично,3.792
10500000.0,30.5,совмещенный,нет,3.0,5.0,2.5,нет,нет,1974,кирпичный,частично,1.143
17200000.0,59.6,раздельный,нет,4.0,5.0,2.5,нет,нет,1978,панельный,полностью,1.73
25500000.0,78.0,раздельный,нет,4.0,5.0,2.7,нет,нет,1977,панельный,частично,1.358
13000000.0,43.2,раздельный,нет,7.0,9.0,2.7,нет,нет,2023,кирпичный,частично,2.475
14000000.0,40.0,раздельный,нет,4.0,5.0,2.5,нет,нет,1967,кирпичный,полностью,2.383
39000000.0,113.1,раздельный,нет,8.0,10.0,2.8,нет,нет,2023,кирпичный,без мебели,1.083
23000000.0,75.0,раздельный,нет,5.0,5.0,2.5,да,нет,1986,панельный,частично,1.447
17500000.0,66.0,раздельный,балкон,6.0,6.0,2.7,нет,нет,1990,панельный,частично,2.784
18250000.0,60.7,раздельный,нет,2.0,5.0,2.7,нет,нет,1979,панельный,частично,3.613
14500000.0,52.0,раздельный,нет,5.0,5.0,2.7,нет,нет,1985,кирпичный,частично,0.981
18000000.0,67.0,раздельный,нет,1.0,5.0,2.7,нет,нет,1992,панельный,частично,1.321
18500000.0,65.0,раздельный,нет,7.0,9.0,2.7,нет,нет,1984,кирпичный,частично,1.165
21000000.0,60.0,раздельный,нет,7.0,9.0,2.7,нет,нет,2019,кирпичный,частично,3.798
12500000.0,40.0,раздельный,нет,2.0,5.0,2.7,нет,нет,1970,кирпичный,частично,0.83
12600000.0,45.0,раздельный,нет,5.0,5.0,2.7,нет,нет,2017,кирпичный,частично,4.193
18500000.0,63.0,раздельный,нет,6.0,9.0,2.7,нет,нет,2014,кирпичный,частично,2.295
35854000.0,137.9,раздельный,нет,3.0,7.0,2.7,нет,нет,2023,кирпичный,частично,1.103
15341000.0,52.9,совмещенный,нет,4.0,5.0,2.7,нет,нет,2023,кирпичный,частично,1.73
19600000.0,72.6,раздельный,нет,2.0,10.0,2.7,нет,нет,2022,кирпичный,без мебели,2.726
15201000.0,56.3,раздельный,нет,5.0,5.0,2.7,нет,нет,2023,кирпичный,частично,0.853
25000000.0,78.0,раздельный,балкон,4.0,5.0,2.7,нет,нет,1977,панельный,полностью,2.349
14500000.0,60.0,раздельный,нет,2.0,5.0,2.7,нет,нет,1966,кирпичный,частично,0.132
19000000.0,39.0,совмещенный,нет,6.0,10.0,2.8,нет,нет,2021,кирпичный,частично,0.462
10000000.0,30.0,совмещенный,нет,3.0,5.0,2.8,нет,нет,1974,кирпичный,частично,3.798
19000000.0,60.0,раздельный,нет,2.0,6.0,2.7,нет,нет,1989,кирпичный,частично,1.717
13000000.0,46.0,раздельный,нет,5.0,6.0,2.7,нет,нет,1990,иной,частично,1.453
25500000.0,80.0,раздельный,нет,3.0,5.0,2.8,нет,нет,1976,кирпичный,полностью,0.978
16000000.0,57.0,раздельный,нет,1.0,9.0,2.7,нет,нет,1996,панельный,частично,0.506
22000000.0,66.8,раздельный,нет,9.0,10.0,3.0,нет,нет,2022,кирпичный,без мебели,2.159
15500000.0,54.0,раздельный,нет,6.0,9.0,2.7,нет,нет,1993,панельный,частично,3.515
12000000.0,68.0,раздельный,нет,2.0,5.0,2.7,нет,нет,1975,кирпичный,частично,4.183
48000000.0,106.1,2 с/у и более,нет,2.0,10.0,3.0,нет,В залоге,2023,кирпичный,полностью,4.193
10000000.0,32.0,совмещенный,нет,1.0,4.0,2.5,нет,нет,1967,кирпичный,частично,1.875
20500000.0,62.0,раздельный,лоджия,4.0,6.0,2.7,нет,нет,1989,иной,частично,1.463
16000000.0,65.0,раздельный,нет,5.0,5.0,2.5,нет,нет,1994,панельный,полностью,3.527
9000000.0,36.0,совмещенный,нет,4.0,5.0,2.7,да,нет,1986,панельный,полностью,1.48
34000000.0,112.3,раздельный,нет,6.0,6.0,2.9,нет,нет,2011,кирпичный,полностью,2.061
18000000.0,68.0,раздельный,нет,2.0,3.0,2.7,нет,нет,1971,кирпичный,частично,0.639
10500000.0,35.9,раздельный,нет,6.0,6.0,2.7,нет,нет,1990,панельный,полностью,1.538
17200000.0,50.2,раздельный,нет,9.0,9.0,2.7,нет,нет,2006,панельный,частично,1.955
41500000.0,90.0,совмещенный,нет,1.0,9.0,3.2,нет,нет,2021,монолитный,частично,0.23
24000000.0,60.0,раздельный,нет,7.0,9.0,2.75,нет,нет,2022,кирпичный,частично,1.436
21500000.0,49.3,раздельный,нет,2.0,4.0,2.7,нет,В залоге,2020,кирпичный,полностью,1.615
10000000.0,44.3,раздельный,нет,5.0,5.0,2.7,нет,нет,1971,кирпичный,частично,0.482
4500000.0,16.0,раздельный,нет,2.0,5.0,2.7,да,нет,1984,кирпичный,частично,3.651
28500000.0,60.0,раздельный,балкон,6.0,9.0,2.7,нет,нет,2022,кирпичный,частично,4.193
11000000.0,41.2,раздельный,нет,4.0,4.0,2.7,нет,нет,1964,кирпичный,полностью,2.224
18300000.0,60.0,совмещенный,нет,11.0,12.0,2.7,нет,нет,2019,монолитный,частично,4.321
14750000.0,46.4,раздельный,нет,5.0,5.0,2.7,нет,нет,2017,кирпичный,полностью,1.558
14000000.0,40.9,совмещенный,нет,4.0,4.0,2.6,нет,нет,1965,панельный,частично,2.914
12500000.0,43.3,совмещенный,нет,3.0,4.0,3.0,нет,нет,1966,кирпичный,частично,0.198
16500000.0,57.7,раздельный,нет,3.0,5.0,2.7,нет,нет,1977,панельный,полностью,3.919
7700000.0,30.0,совмещенный,нет,4.0,4.0,2.7,нет,нет,1964,кирпичный,частично,2.341
34560000.0,144.0,раздельный,нет,9.0,9.0,2.7,нет,нет,2024,кирпичный,частично,4.193
20000000.0,54.0,раздельный,нет,5.0,5.0,2.7,нет,нет,2022,кирпичный,частично,0.729
20000000.0,61.0,раздельный,нет,7.0,9.0,2.7,нет,нет,2017,кирпичный,частично,3.527
38000000.0,75.0,раздельный,нет,3.0,9.0,3.0,нет,нет,2017,кирпичный,полностью,1.103
19000000.0,73.0,совмещенный,нет,8.0,10.0,2.7,нет,нет,2024,кирпичный,частично,4.193
27000000.0,70.4,раздельный,нет,4.0,5.0,2.8,нет,нет,2022,кирпичный,полностью,1.84
25000000.0,76.0,раздельный,нет,1.0,5.0,2.7,нет,В залоге,1974,кирпичный,частично,1.887
12000000.0,50.0,совмещенный,нет,3.0,3.0,2.0,нет,нет,2008,панельный,частично,3.479
17000000.0,40.0,раздельный,нет,4.0,5.0,2.7,нет,нет,2024,кирпичный,частично,1.675
29000000.0,88.0,раздельный,балкон и лоджия,1.0,9.0,2.7,нет,нет,2017,кирпичный,частично,3.527
28000000.0,77.0,2 с/у и более,лоджия,2.0,9.0,2.7,нет,нет,2017,кирпичный,частично,3.014
16500000.0,60.1,раздельный,нет,5.0,9.0,3.0,нет,нет,2024,кирпичный,частично,4.193
11900000.0,50.0,совмещенный,балкон,1.0,3.0,2.7,нет,нет,1999,кирпичный,частично,3.479
23100000.0,65.7,раздельный,нет,8.0,9.0,2.7,нет,нет,2018,кирпичный,частично,1.363
12000000.0,45.1,совмещенный,нет,5.0,5.0,2.8,нет,нет,1969,кирпичный,полностью,1.295
16000000.0,52.0,раздельный,нет,1.0,5.0,2.5,нет,нет,1982,панельный,полностью,1.483
21500000.0,40.6,совмещенный,нет,5.0,9.0,3.0,нет,нет,2025,кирпичный,частично,3.908
21500000.0,68.0,раздельный,нет,1.0,6.0,2.6,нет,нет,1992,панельный,частично,3.491
9150000.0,44.0,совмещенный,нет,2.0,2.0,2.7,нет,нет,1954,иной,частично,1.969
17500000.0,44.0,совмещенный,балкон,1.0,9.0,2.7,нет,нет,2021,кирпичный,полностью,3.877
16500000.0,63.0,раздельный,нет,5.0,5.0,2.7,нет,нет,1992,панельный,полностью,2.874
19900000.0,63.0,2 с/у и более,нет,9.0,10.0,3.0,нет,нет,2022,кирпичный,частично,1.241
21000000.0,66.0,раздельный,нет,6.0,9.0,2.7,нет,нет,2024,кирпичный,частично,0.829
18000000.0,67.1,раздельный,нет,6.0,6.0,2.7,нет,нет,1993,панельный,частично,2.816
24300000.0,90.0,2 с/у и более,нет,5.0,9.0,2.8,нет,нет,2024,кирпичный,частично,1.17
14500000.0,51.0,раздельный,лоджия,1.0,6.0,2.5,нет,нет,1990,кирпичный,частично,1.374
15000000.0,33.5,раздельный,несколько балконов или лоджий,3.0,5.0,2.7,нет,нет,1986,кирпичный,частично,0.978
11500000.0,40.0,раздельный,нет,5.0,5.0,2.7,нет,нет,1978,кирпичный,частично,0.482
4000000.0,13.0,совмещенный,нет,1.0,5.0,2.7,нет,нет,1984,панельный,частично,3.491
24500000.0,62.4,раздельный,лоджия,3.0,9.0,2.7,нет,нет,2021,кирпичный,частично,3.839
28500000.0,61.0,раздельный,лоджия,7.0,9.0,2.6,нет,В залоге,2021,кирпичный,полностью,3.598
32500000.0,90.0,раздельный,нет,4.0,5.0,2.7,нет,нет,2018,кирпичный,полностью,4.103
35000000.0,86.6,раздельный,нет,2.0,5.0,2.7,нет,нет,2015,кирпичный,полностью,4.193
16800000.0,42.0,совмещенный,нет,6.0,10.0,3.2,нет,нет,2025,кирпичный,частично,2.677
10000000.0,30.0,раздельный,балкон,3.0,5.0,2.7,нет,нет,1974,кирпичный,частично,3.798
19000000.0,45.0,раздельный,лоджия,3.0,9.0,2.8,нет,нет,2020,кирпичный,полностью,3.796
28500000.0,72.5,раздельный,нет,8.0,10.0,2.75,нет,В залоге,2022,кирпичный,частично,1.324
11500000.0,37.0,совмещенный,нет,5.0,5.0,2.7,нет,нет,1975,панельный,частично,3.183
20500000.0,64.6,раздельный,балкон,6.0,6.0,2.7,нет,нет,1990,кирпичный,полностью,2.818
16000000.0,50.0,раздельный,нет,5.0,5.0,2.7,нет,нет,1990,кирпичный,частично,2.726
19866600.0,73.58,совмещенный,нет,5.0,5.0,2.7,нет,нет,2024,кирпичный,частично,1.427
23500000.0,52.5,раздельный,нет,2.0,9.0,2.75,нет,нет,2023,кирпичный,полностью,1.296
27500000.0,75.0,раздельный,нет,5.0,9.0,2.7,нет,нет,2014,кирпичный,частично,2.195
14000000.0,42.2,раздельный,нет,8.0,9.0,2.7,нет,нет,2018,кирпичный,полностью,2.742
23430000.0,71.0,совмещенный,лоджия,3.0,5.0,2.7,нет,нет,2024,кирпичный,частично,2.949
35500000.0,87.2,раздельный,нет,3.0,10.0,2.7,нет,нет,2021,монолитный,частично,0.58
19800000.0,70.0,раздельный,нет,2.0,6.0,2.5,нет,В залоге,1993,панельный,полностью,3.454
19000000.0,70.0,раздельный,нет,1.0,6.0,2.7,нет,нет,1990,панельный,частично,2.109
23500000.0,66.6,раздельный,нет,2.0,9.0,3.0,нет,нет,2017,кирпичный,полностью,0.602
11798600.0,38.06,совмещенный,нет,2.0,5.0,2.7,нет,нет,2024,кирпичный,частично,1.427
95000000.0,127.0,раздельный,нет,5.0,9.0,2.7,нет,нет,2020,кирпичный,частично,0.23
25000000.0,63.7,раздельный,нет,2.0,6.0,2.7,нет,нет,1990,иной,полностью,2.677
10000000.0,36.0,совмещенный,лоджия,4.0,5.0,2.7,нет,нет,1982,панельный,частично,3.471
15000000.0,50.7,раздельный,нет,1.0,6.0,2.7,нет,нет,1990,кирпичный,частично,1.374
10000000.0,30.0,совмещенный,нет,1.0,5.0,2.7,нет,нет,1968,кирпичный,полностью,0.75
13500000.0,52.0,раздельный,нет,6.0,6.0,2.7,нет,нет,1990,кирпичный,частично,2.677
20200000.0,60.0,раздельный,нет,2.0,8.0,2.7,нет,нет,2015,кирпичный,частично,3.951
9300000.0,44.0,совмещенный,нет,3.0,4.0,2.7,нет,нет,1966,кирпичный,частично,4.337
13000000.0,50.0,раздельный,нет,1.0,5.0,2.8,нет,нет,1980,кирпичный,частично,3.437
26000000.0,65.0,раздельный,нет,3.0,10.0,3.0,нет,нет,2024,кирпичный,без мебели,2.677
7000000.0,42.7,раздельный,нет,2.0,2.0,2.7,нет,нет,1979,панельный,частично,3.903
19500000.0,40.0,совмещенный,нет,3.0,5.0,2.7,нет,нет,2023,кирпичный,частично,1.651
9600000.0,34.1,совмещенный,нет,2.0,5.0,2.7,нет,нет,1973,кирпичный,частично,2.258
14700000.0,62.5,раздельный,нет,2.0,5.0,2.7,нет,нет,1979,кирпичный,частично,3.468
15000000.0,46.0,раздельный,нет,5.0,9.0,2.7,нет,нет,2024,кирпичный,частично,1.324
35000000.0,90.0,раздельный,нет,6.0,9.0,2.7,нет,нет,2020,кирпичный,полностью,1.889
11000000.0,30.0,совмещенный,балкон,4.0,5.0,2.7,нет,нет,1979,панельный,частично,0.448
11000000.0,37.0,раздельный,нет,2.0,2.0,2.7,нет,нет,1971,кирпичный,частично,2.687
23000000.0,52.8,совмещенный,лоджия,1.0,5.0,2.7,нет,нет,2023,кирпичный,полностью,2.35
22500000.0,71.0,раздельный,нет,8.0,10.0,2.85,нет,нет,2022,кирпичный,частично,0.931
12500000.0,45.0,раздельный,лоджия,1.0,5.0,2.7,нет,нет,1981,панельный,частично,1.035
34000000.0,66.7,совмещенный,нет,7.0,9.0,2.7,нет,нет,2022,кирпичный,полностью,0.931
18800000.0,62.0,раздельный,нет,5.0,5.0,2.8,нет,нет,2010,кирпичный,полностью,3.527
18000000.0,65.0,раздельный,нет,4.0,5.0,2.7,нет,нет,1978,кирпичный,частично,3.81
23000000.0,58.0,совмещенный,нет,3.0,5.0,2.5,нет,нет,1972,кирпичный,частично,0.883
21000000.0,78.0,раздельный,нет,4.0,5.0,2.5,нет,нет,1975,кирпичный,полностью,3.801
14400000.0,39.3,раздельный,нет,6.0,9.0,2.7,нет,нет,1997,панельный,полностью,0.506
13400000.0,51.0,раздельный,нет,4.0,5.0,2.7,нет,нет,1985,кирпичный,частично,3.749
9000000.0,20.0,совмещенный,нет,3.0,6.0,2.5,да,нет,1990,панельный,частично,1.453
13500000.0,50.8,раздельный,нет,6.0,6.0,2.7,нет,нет,1990,кирпичный,частично,1.596
16700000.0,39.0,совмещенный,лоджия,3.0,5.0,2.7,нет,нет,2022,кирпичный,полностью,1.716
48500000.0,118.0,2 с/у и более,несколько балконов или лоджий,6.0,9.0,2.7,нет,нет,2017,кирпичный,частично,0.564
11000000.0,50.0,раздельный,нет,5.0,5.0,2.7,нет,нет,1984,кирпичный,частично,3.716
13000000.0,50.0,раздельный,нет,4.0,5.0,2.7,нет,нет,1976,кирпичный,частично,2.23
16500000.0,60.0,раздельный,лоджия,1.0,9.0,2.7,нет,нет,2007,кирпичный,частично,2.677
18000000.0,60.0,раздельный,нет,1.0,5.0,2.7,нет,нет,2023,кирпичный,частично,4.193
17500000.0,60.8,раздельный,нет,6.0,9.0,2.7,нет,нет,2022,кирпичный,частично,1.477
19500000.0,43.0,раздельный,нет,8.0,10.0,2.7,нет,нет,2023,кирпичный,частично,4.193
10500000.0,52.0,раздельный,балкон,5.0,5.0,2.7,нет,нет,1981,панельный,частично,3.464
10500000.0,36.0,раздельный,нет,5.0,13.0,2.7,нет,нет,2023,кирпичный,частично,4.193
15000000.0,58.0,раздельный,нет,1.0,5.0,2.7,нет,нет,2024,кирпичный,частично,2.949
8500000.0,36.0,совмещенный,балкон,7.0,9.0,2.7,нет,нет,1988,панельный,частично,3.071
16000000.0,60.0,раздельный,нет,4.0,5.0,2.7,нет,нет,1989,кирпичный,частично,3.429
13500000.0,41.2,раздельный,нет,5.0,5.0,2.7,нет,нет,2018,кирпичный,частично,1.941
14000000.0,29.0,раздельный,нет,2.0,5.0,2.7,нет,нет,1988,кирпичный,частично,2.726
18500000.0,39.0,раздельный,нет,3.0,9.0,2.7,нет,нет,2022,кирпичный,частично,4.193
16700000.0,48.0,раздельный,нет,3.0,5.0,2.7,нет,нет,2024,кирпичный,частично,1.675
12900000.0,50.0,раздельный,нет,4.0,5.0,2.7,нет,нет,1986,кирпичный,частично,3.436
22500000.0,56.7,раздельный,лоджия,8.0,9.0,2.7,нет,нет,2020,кирпичный,частично,3.858
22500000.0,60.0,раздельный,несколько балконов или лоджий,5.0,9.0,2.7,нет,нет,2021,кирпичный,частично,3.877
11500000.0,36.0,совмещенный,нет,2.0,3.0,2.7,нет,нет,1963,кирпичный,частично,1.28
15500000.0,58.9,совмещенный,нет,1.0,5.0,2.7,нет,нет,1970,панельный,частично,3.72
14200000.0,32.5,раздельный,нет,5.0,9.0,2.7,нет,нет,2022,кирпичный,частично,0.456
12500000.0,43.3,раздельный,нет,3.0,4.0,2.7,нет,нет,1966,кирпичный,частично,0.198
8200000.0,45.0,раздельный,нет,1.0,3.0,2.7,нет,нет,1974,панельный,частично,2.495
14000000.0,54.0,совмещенный,нет,5.0,5.0,2.5,нет,нет,1990,кирпичный,частично,2.333
15300000.0,38.0,раздельный,нет,4.0,5.0,2.7,нет,нет,2022,кирпичный,частично,0.886
26000000.0,80.0,раздельный,нет,2.0,5.0,2.7,нет,нет,2010,кирпичный,полностью,3.527
25800000.0,53.0,раздельный,нет,2.0,5.0,2.7,нет,нет,2020,кирпичный,частично,1.615
13700000.0,44.4,раздельный,нет,1.0,5.0,2.7,нет,нет,1981,панельный,частично,1.035
7200000.0,39.1,раздельный,нет,2.0,5.0,2.7,да,нет,1968,кирпичный,частично,1.247
12500000.0,46.0,раздельный,нет,1.0,5.0,2.7,нет,нет,2017,кирпичный,частично,4.244
12500000.0,45.0,раздельный,нет,3.0,5.0,2.7,нет,нет,1973,панельный,частично,0.538
15500000.0,52.0,раздельный,нет,2.0,9.0,2.7,нет,нет,1990,панельный,частично,3.251
13000000.0,41.0,раздельный,нет,1.0,5.0,2.7,нет,нет,1983,панельный,частично,3.932
19500000.0,60.0,раздельный,нет,6.0,9.0,2.7,нет,нет,2020,монолитный,частично,3.265
16500000.0,66.7,раздельный,нет,7.0,9.0,2.7,нет,нет,1988,панельный,частично,2.677
16500000.0,77.0,2 с/у и более,нет,3.0,4.0,2.7,нет,нет,2004,кирпичный,частично,0.916
14500000.0,58.0,раздельный,нет,5.0,5.0,2.7,нет,нет,1969,панельный,частично,1.502
15500000.0,55.2,раздельный,нет,3.0,6.0,2.7,нет,нет,1989,панельный,частично,2.228
19500000.0,65.2,совмещенный,нет,8.0,12.0,2.7,нет,нет,2019,монолитный,частично,4.321
20000000.0,60.0,раздельный,нет,3.0,5.0,2.7,нет,нет,2012,кирпичный,частично,1.974
35000000.0,62.0,совмещенный,нет,4.0,10.0,3.0,нет,нет,2022,иной,частично,0.58
32000000.0,64.1,раздельный,нет,9.0,10.0,2.7,нет,нет,2022,кирпичный,без мебели,0.756
23500000.0,78.0,раздельный,нет,3.0,5.0,2.5,нет,нет,1993,кирпичный,полностью,2.539
18500000.0,59.0,раздельный,нет,3.0,5.0,2.7,нет,нет,1992,кирпичный,частично,2.095
15500000.0,57.0,раздельный,нет,1.0,5.0,2.7,нет,нет,2023,кирпичный,частично,1.047
22200000.0,74.0,раздельный,нет,9.0,10.0,2.7,нет,нет,2024,кирпичный,частично,4.193
18000000.0,65.0,раздельный,нет,4.0,5.0,2.7,нет,нет,1978,кирпичный,частично,3.81
5500000.0,18.0,совмещенный,нет,2.0,5.0,2.5,да,нет,1980,кирпичный,полностью,2.257
12000000.0,48.0,раздельный,нет,5.0,5.0,2.7,нет,нет,1974,кирпичный,частично,1.143
18000000.0,65.0,раздельный,нет,4.0,9.0,2.7,нет,нет,1996,панельный,частично,1.85
33500000.0,80.0,совмещенный,нет,3.0,5.0,2.7,нет,нет,2023,кирпичный,полностью,0.886
23500000.0,68.9,раздельный,нет,7.0,9.0,2.7,нет,нет,1992,панельный,частично,2.726
19500000.0,70.0,раздельный,нет,6.0,6.0,2.7,нет,нет,1993,панельный,частично,3.527
20500000.0,57.0,раздельный,нет,3.0,6.0,2.7,нет,нет,1986,иной,частично,1.403
15000000.0,46.4,раздельный,нет,4.0,5.0,2.7,нет,нет,2019,кирпичный,частично,4.415
20000000.0,66.0,раздельный,нет,6.0,6.0,2.7,нет,нет,1991,панельный,без мебели,2.877
13500000.0,40.0,совмещенный,нет,9.0,9.0,2.7,нет,нет,2013,кирпичный,частично,1.188
15900000.0,67.0,совмещенный,нет,9.0,9.0,2.7,нет,нет,2015,кирпичный,частично,2.807
15400000.0,57.0,раздельный,нет,5.0,5.0,2.7,нет,нет,1972,кирпичный,полностью,0.959
19000000.0,60.0,раздельный,нет,3.0,9.0,2.7,нет,нет,2017,панельный,частично,4.033
29500000.0,69.0,раздельный,нет,3.0,9.0,2.7,нет,нет,2019,кирпичный,частично,1.727
19800000.0,60.0,раздельный,нет,2.0,5.0,2.7,нет,нет,1990,иной,полностью,0.577
18500000.0,53.3,совмещенный,нет,5.0,10.0,2.7,нет,нет,2024,кирпичный,частично,0.947
18000000.0,68.0,раздельный,нет,3.0,9.0,2.7,нет,нет,1984,кирпичный,частично,1.165
17000000.0,43.0,совмещенный,нет,2.0,4.0,2.7,нет,нет,1965,кирпичный,частично,2.275
15500000.0,50.7,совмещенный,нет,1.0,6.0,2.7,нет,нет,1990,панельный,частично,1.374
17500000.0,40.0,раздельный,лоджия,7.0,9.0,2.7,нет,нет,2018,кирпичный,полностью,0.609
17500000.0,44.0,совмещенный,нет,1.0,5.0,2.75,нет,нет,2022,кирпичный,полностью,1.796
15000000.0,36.0,раздельный,нет,2.0,6.0,2.7,нет,нет,1990,панельный,полностью,0.327
38000000.0,86.0,совмещенный,балкон и лоджия,5.0,9.0,2.7,нет,нет,2018,кирпичный,полностью,1.249
16500000.0,61.0,совмещенный,нет,5.0,5.0,2.7,нет,нет,1978,кирпичный,частично,1.72
23000000.0,68.5,совмещенный,лоджия,1.0,6.0,2.5,нет,нет,1990,панельный,частично,0.334
12500000.0,44.0,раздельный,нет,2.0,5.0,2.7,нет,нет,1979,кирпичный,частично,0.448
23000000.0,78.0,раздельный,лоджия,2.0,5.0,2.0,нет,нет,1984,панельный,частично,3.351
12500000.0,41.0,раздельный,нет,5.0,5.0,2.7,нет,нет,1979,кирпичный,частично,3.86
41500000.0,112.0,раздельный,нет,2.0,5.0,2.7,нет,нет,2018,кирпичный,частично,1.738
10200000.0,36.5,совмещенный,нет,1.0,5.0,2.5,да,нет,1986,панельный,без мебели,1.473
14000000.0,45.0,раздельный,нет,3.0,5.0,2.7,нет,нет,2014,кирпичный,полностью,4.321
42000000.0,96.0,раздельный,нет,2.0,10.0,2.7,нет,нет,2022,кирпичный,частично,1.273
25500000.0,73.0,раздельный,нет,7.0,9.0,2.7,нет,нет,2022,кирпичный,частично,1.324
15995000.0,76.0,раздельный,нет,5.0,6.0,2.75,нет,нет,2024,кирпичный,частично,2.271
17000000.0,50.0,раздельный,нет,3.0,5.0,2.7,нет,В залоге,1990,кирпичный,частично,2.677
16500000.0,70.0,раздельный,лоджия,9.0,9.0,2.7,нет,нет,2005,панельный,частично,1.682
17200000.0,53.9,раздельный,нет,4.0,6.0,2.7,нет,нет,1993,панельный,частично,3.633
14500000.0,51.0,совмещенный,нет,7.0,9.0,2.7,нет,нет,1986,панельный,полностью,3.004
20000000.0,62.3,раздельный,нет,5.0,5.0,2.7,нет,В залоге,1985,панельный,полностью,3.491
10000000.0,45.0,раздельный,нет,1.0,5.0,2.7,нет,нет,1985,кирпичный,частично,3.651
12675000.0,60.0,совмещенный,нет,5.0,6.0,2.75,нет,нет,2024,кирпичный,частично,2.271
18000000.0,39.4,совмещенный,нет,4.0,5.0,2.8,нет,нет,2022,кирпичный,полностью,1.791
8500000.0,32.9,совмещенный,нет,1.0,3.0,2.7,нет,нет,1961,кирпичный,частично,2.257
16000000.0,42.5,раздельный,нет,1.0,9.0,2.7,нет,нет,2020,кирпичный,частично,0.47
17000000.0,40.9,раздельный,нет,8.0,9.0,2.7,нет,нет,2017,кирпичный,частично,1.724
8601000.0,41.0,раздельный,нет,4.0,6.0,2.75,нет,нет,2024,кирпичный,частично,2.271
26600000.0,69.8,раздельный,нет,3.0,9.0,3.0,нет,нет,2024,кирпичный,частично,1.28
16500000.0,39.5,совмещенный,нет,5.0,5.0,2.7,нет,нет,2024,кирпичный,без мебели,1.827
15500000.0,51.5,раздельный,нет,1.0,6.0,2.7,нет,нет,1990,панельный,полностью,2.379
31900000.0,105.9,2 с/у и более,нет,8.0,10.0,2.7,нет,нет,2022,кирпичный,частично,1.549
4500000.0,18.0,раздельный,нет,2.0,4.0,2.7,да,нет,1967,кирпичный,частично,2.3
9500000.0,36.0,раздельный,балкон,6.0,6.0,2.6,нет,нет,1990,кирпичный,полностью,1.783
30500000.0,96.0,совмещенный,нет,5.0,5.0,2.7,нет,нет,2011,кирпичный,полностью,0.306
24500000.0,68.8,раздельный,нет,5.0,5.0,2.7,нет,нет,2018,кирпичный,частично,1.569
9500000.0,39.0,совмещенный,лоджия,4.0,5.0,2.7,нет,нет,1978,кирпичный,частично,3.712
18300000.0,57.0,раздельный,нет,7.0,10.0,2.7,нет,нет,2014,кирпичный,частично,2.195
27500000.0,81.0,совмещенный,нет,5.0,6.0,2.7,нет,нет,2023,кирпичный,частично,2.548
20500000.0,57.4,раздельный,нет,1.0,5.0,2.7,нет,нет,1986,иной,частично,1.403
19000000.0,41.5,раздельный,нет,5.0,9.0,2.7,нет,нет,2021,кирпичный,частично,0.47
17500000.0,51.0,совмещенный,нет,5.0,6.0,2.7,нет,нет,2023,кирпичный,частично,2.548
23000000.0,51.6,раздельный,нет,5.0,10.0,2.7,нет,нет,2019,кирпичный,полностью,1.28
15000000.0,39.2,раздельный,нет,2.0,9.0,2.7,нет,нет,2014,кирпичный,частично,2.195
18000000.0,63.0,раздельный,балкон,1.0,5.0,2.7,нет,нет,1992,панельный,частично,2.874
17300000.0,62.0,раздельный,нет,4.0,5.0,2.7,нет,нет,1978,кирпичный,полностью,1.637
48500000.0,118.0,совмещенный,нет,6.0,9.0,3.0,нет,нет,2017,кирпичный,частично,0.564
15500000.0,60.0,раздельный,нет,6.0,6.0,2.7,нет,нет,1989,кирпичный,частично,1.717
18500000.0,64.0,раздельный,нет,5.0,5.0,2.7,нет,нет,1990,панельный,полностью,3.491
17500000.0,39.0,совмещенный,нет,3.0,5.0,2.7,нет,нет,2022,кирпичный,частично,1.796
9000000.0,35.8,раздельный,нет,4.0,5.0,2.7,да,нет,1985,кирпичный,частично,3.716
16500000.0,40.0,совмещенный,нет,5.0,5.0,2.7,нет,нет,2022,кирпичный,полностью,3.296
19000000.0,62.0,раздельный,балкон,5.0,5.0,2.7,нет,нет,1988,кирпичный,полностью,1.597
9500000.0,31.0,раздельный,нет,1.0,6.0,2.7,нет,нет,1978,панельный,частично,1.28
12500000.0,42.0,раздельный,нет,3.0,5.0,2.7,нет,нет,1974,кирпичный,частично,1.414
17500000.0,79.0,раздельный,балкон,5.0,5.0,2.7,нет,нет,1979,кирпичный,частично,3.613
11629000.0,40.0,раздельный,нет,2.0,9.0,2.7,нет,нет,2025,кирпичный,частично,1.014
21500000.0,50.0,совмещенный,нет,9.0,10.0,2.7,нет,нет,2022,кирпичный,частично,1.28
19116000.0,70.8,раздельный,нет,6.0,10.0,2.7,нет,нет,2022,кирпичный,частично,2.582
19251000.0,71.3,раздельный,нет,4.0,10.0,2.7,нет,нет,2022,кирпичный,частично,2.582
11500000.0,36.1,раздельный,нет,2.0,9.0,2.7,нет,нет,1984,панельный,частично,3.071
12500000.0,51.0,раздельный,балкон,2.0,3.0,2.7,нет,нет,1960,кирпичный,частично,1.709
18000000.0,49.2,раздельный,нет,2.0,5.0,2.7,нет,нет,1987,монолитный,полностью,1.633
10000000.0,34.6,совмещенный,балкон,2.0,5.0,2.7,нет,нет,1980,кирпичный,частично,3.437
23000000.0,54.0,раздельный,нет,10.0,10.0,2.7,нет,нет,2021,кирпичный,частично,1.402
28000000.0,85.0,раздельный,нет,3.0,5.0,2.7,нет,нет,1981,кирпичный,частично,0.625
29781000.0,110.3,раздельный,нет,9.0,10.0,2.7,нет,нет,2022,кирпичный,частично,2.582
22300000.0,90.0,раздельный,нет,6.0,9.0,2.7,нет,нет,2024,кирпичный,частично,0.456
16996000.0,60.7,раздельный,нет,6.0,9.0,2.7,нет,нет,2025,кирпичный,частично,1.014
16500000.0,59.0,раздельный,нет,2.0,5.0,2.7,нет,нет,1993,кирпичный,частично,2.939
29047000.0,103.74,раздельный,нет,6.0,9.0,2.7,нет,нет,2025,кирпичный,частично,1.014
28485000.0,105.5,раздельный,нет,9.0,10.0,2.7,нет,нет,2022,кирпичный,частично,2.582
23500000.0,74.1,раздельный,нет,4.0,5.0,2.7,нет,нет,1985,кирпичный,полностью,3.607
20000000.0,72.0,раздельный,нет,9.0,9.0,2.7,нет,нет,1995,панельный,полностью,0.456
23000000.0,55.0,раздельный,нет,2.0,5.0,2.7,нет,нет,2024,кирпичный,частично,0.456
22000000.0,67.4,раздельный,нет,9.0,9.0,2.8,нет,В залоге,2000,панельный,частично,2.624
27000000.0,54.0,раздельный,нет,3.0,9.0,2.7,нет,нет,2021,кирпичный,частично,1.588
16000000.0,62.0,раздельный,балкон,5.0,5.0,2.7,нет,нет,1988,кирпичный,частично,3.915
31030000.0,107.0,раздельный,нет,2.0,9.0,2.7,нет,нет,2025,кирпичный,частично,1.014
19505750.0,70.93,раздельный,нет,8.0,10.0,2.7,нет,нет,2025,кирпичный,частично,0.951
31000000.0,98.8,раздельный,нет,1.0,5.0,2.7,нет,нет,2002,кирпичный,полностью,0.964
48000000.0,170.0,2 с/у и более,несколько балконов или лоджий,4.0,4.0,3.0,нет,нет,2011,кирпичный,частично,0.582
20000000.0,66.0,раздельный,нет,4.0,6.0,2.7,нет,нет,2007,кирпичный,частично,2.507
15000000.0,68.0,раздельный,нет,2.0,2.0,2.7,нет,нет,2007,кирпичный,частично,3.479
23000000.0,62.0,раздельный,балкон и лоджия,2.0,2.0,3.0,нет,нет,1963,кирпичный,частично,0.456
10000000.0,36.0,раздельный,балкон,5.0,5.0,2.7,нет,нет,1986,панельный,частично,2.046
44000000.0,96.0,раздельный,нет,7.0,9.0,2.7,нет,нет,2021,кирпичный,частично,1.28
17500000.0,53.0,раздельный,нет,8.0,9.0,2.7,нет,нет,2005,панельный,частично,1.955
11900000.0,37.0,раздельный,нет,1.0,5.0,2.7,нет,нет,1988,кирпичный,частично,1.63
9000000.0,29.4,раздельный,нет,2.0,5.0,2.7,нет,нет,1978,панельный,частично,3.798
26157600.0,93.42,раздельный,нет,8.0,10.0,2.7,нет,нет,2025,кирпичный,частично,0.951
30500000.0,78.0,раздельный,нет,4.0,6.0,2.7,нет,нет,2017,кирпичный,частично,0.34
17000000.0,43.0,раздельный,нет,4.0,9.0,2.7,нет,нет,2020,кирпичный,полностью,3.33
18000000.0,51.0,раздельный,нет,3.0,6.0,2.7,нет,нет,1990,панельный,частично,2.228
30000000.0,65.0,раздельный,нет,2.0,5.0,2.7,нет,нет,1976,кирпичный,полностью,1.469
20570350.0,69.73,раздельный,нет,3.0,10.0,2.7,нет,нет,2025,кирпичный,частично,0.951
16000000.0,63.0,раздельный,нет,5.0,5.0,2.7,нет,нет,1992,кирпичный,полностью,2.726
20000000.0,78.0,раздельный,нет,4.0,5.0,2.7,нет,нет,1976,кирпичный,частично,3.801
20570350.0,69.73,раздельный,нет,2.0,10.0,2.7,нет,нет,2025,кирпичный,частично,0.951
13000000.0,40.0,совмещенный,балкон,4.0,4.0,2.7,нет,нет,1964,кирпичный,полностью,2.034
22500000.0,62.0,раздельный,нет,4.0,9.0,2.7,нет,нет,2023,кирпичный,частично,1.973
14000000.0,43.8,раздельный,нет,1.0,7.0,2.7,нет,нет,2015,кирпичный,частично,2.129
17000000.0,60.0,раздельный,нет,5.0,5.0,2.7,нет,нет,1985,кирпичный,частично,0.905
17500000.0,52.5,раздельный,нет,3.0,6.0,2.7,нет,нет,1990,панельный,частично,2.228
18658750.0,63.25,раздельный,нет,2.0,10.0,2.7,нет,нет,2025,кирпичный,частично,0.951
14000000.0,49.0,раздельный,нет,4.0,5.0,2.7,нет,нет,1994,панельный,частично,1.743
12000000.0,68.0,раздельный,балкон,2.0,5.0,3.0,нет,нет,1975,кирпичный,полностью,4.183
11500000.0,45.8,раздельный,нет,1.0,5.0,2.7,нет,нет,1971,кирпичный,частично,0.793
27500000.0,80.9,раздельный,нет,5.0,6.0,2.7,нет,нет,2023,кирпичный,частично,2.548
19500000.0,65.2,раздельный,нет,8.0,12.0,2.7,нет,нет,2019,панельный,частично,4.321
23500000.0,80.0,раздельный,нет,3.0,6.0,2.7,нет,нет,1990,панельный,частично,0.47
17500000.0,50.8,раздельный,нет,5.0,6.0,2.7,нет,нет,2023,кирпичный,частично,2.548
21500000.0,49.0,раздельный,нет,3.0,5.0,2.7,нет,нет,2021,кирпичный,частично,0.456
22300000.0,89.0,раздельный,нет,6.0,9.0,2.7,нет,нет,2022,кирпичный,частично,0.456
19800000.0,46.0,совмещенный,нет,9.0,10.0,2.7,нет,нет,2021,кирпичный,частично,0.47
23000000.0,62.0,раздельный,нет,4.0,5.0,2.5,нет,нет,2011,кирпичный,частично,3.527
17000000.0,50.0,раздельный,балкон и лоджия,1.0,6.0,2.7,нет,нет,1993,кирпичный,полностью,3.614
17300000.0,60.0,раздельный,нет,4.0,5.0,2.7,нет,нет,1996,иной,частично,1.24
3800000.0,18.0,раздельный,нет,3.0,5.0,2.7,нет,нет,1986,кирпичный,частично,1.788
32500000.0,74.0,раздельный,нет,4.0,6.0,2.9,нет,В залоге,2022,кирпичный,частично,1.209
48000000.0,175.0,раздельный,нет,4.0,4.0,2.7,нет,нет,2011,монолитный,частично,0.582
13400000.0,39.0,раздельный,нет,2.0,9.0,2.7,нет,нет,2014,кирпичный,частично,2.195
13500000.0,52.0,раздельный,нет,1.0,6.0,2.7,нет,нет,1993,панельный,частично,3.527
18158000.0,64.85,раздельный,нет,4.0,5.0,2.7,нет,нет,2023,кирпичный,частично,1.047
15500000.0,53.0,совмещенный,балкон,2.0,2.0,2.6,нет,нет,1968,иной,частично,0.711
19500000.0,62.0,раздельный,нет,4.0,5.0,2.7,нет,нет,1990,кирпичный,частично,2.677
16000000.0,50.0,раздельный,нет,2.0,5.0,2.7,нет,нет,1970,кирпичный,частично,0.494
17000000.0,48.1,совмещенный,балкон,1.0,6.0,2.7,нет,нет,1990,кирпичный,частично,0.291
19000000.0,45.2,раздельный,нет,11.0,13.0,2.7,нет,нет,2023,кирпичный,частично,3.932
12500000.0,43.3,раздельный,нет,3.0,4.0,2.7,нет,нет,1966,кирпичный,без мебели,0.198
13717500.0,46.5,раздельный,нет,2.0,5.0,2.7,нет,нет,2023,кирпичный,частично,3.491
10000000.0,35.0,совмещенный,нет,2.0,5.0,2.7,нет,нет,1970,кирпичный,частично,0.973
13309500.0,46.7,раздельный,нет,4.0,5.0,2.7,нет,нет,2023,кирпичный,частично,3.491
43300000.0,154.5,раздельный,лоджия,2.0,9.0,2.7,нет,нет,2024,кирпичный,частично,1.973
18500000.0,62.0,раздельный,нет,3.0,6.0,2.7,нет,нет,1991,кирпичный,частично,2.05
31500000.0,98.8,раздельный,нет,1.0,5.0,2.7,нет,нет,2002,кирпичный,частично,0.964
18000000.0,52.0,раздельный,нет,8.0,9.0,2.7,нет,нет,1989,панельный,полностью,2.315
14800000.0,41.0,раздельный,нет,9.0,10.0,2.7,нет,нет,2020,кирпичный,частично,3.296
15000000.0,54.0,раздельный,нет,9.0,9.0,2.7,нет,нет,1988,панельный,частично,2.677
11800000.0,41.47,раздельный,нет,5.0,5.0,2.7,нет,нет,2023,кирпичный,частично,3.491
30884000.0,110.8,раздельный,нет,9.0,10.0,2.7,нет,нет,2022,кирпичный,частично,2.582
15000000.0,30.0,раздельный,нет,5.0,5.0,2.7,нет,нет,2024,кирпичный,частично,1.738
22500000.0,67.4,раздельный,нет,4.0,6.0,2.7,нет,нет,1993,панельный,частично,2.109
17800000.0,74.0,раздельный,нет,7.0,9.0,2.7,нет,нет,2024,кирпичный,частично,4.193
11000000.0,36.7,раздельный,нет,1.0,5.0,2.7,нет,нет,1990,панельный,частично,0.47
18000000.0,65.0,раздельный,нет,4.0,5.0,2.7,нет,нет,1978,кирпичный,частично,3.81
25500000.0,66.5,раздельный,нет,4.0,5.0,2.7,нет,нет,2024,кирпичный,частично,1.738
10700000.0,38.0,совмещенный,нет,4.0,5.0,2.7,нет,В залоге,1985,панельный,полностью,3.657
9000000.0,38.0,совмещенный,нет,3.0,4.0,2.7,нет,нет,1963,кирпичный,частично,1.798
15500000.0,59.0,раздельный,балкон,4.0,5.0,2.7,нет,нет,1983,панельный,частично,3.642
20272000.0,72.4,раздельный,нет,6.0,10.0,2.7,нет,нет,2022,кирпичный,частично,2.582
13000000.0,46.0,раздельный,нет,5.0,5.0,2.7,нет,нет,2016,кирпичный,частично,4.244
18500000.0,60.2,раздельный,нет,5.0,5.0,2.7,нет,нет,1985,кирпичный,частично,3.607
11500000.0,36.6,раздельный,лоджия,6.0,9.0,2.7,нет,нет,1988,кирпичный,полностью,1.964
7500000.0,31.1,совмещенный,нет,5.0,5.0,2.7,да,нет,1980,кирпичный,полностью,1.84
12250000.0,47.0,раздельный,нет,1.0,5.0,2.7,нет,нет,2015,кирпичный,частично,4.244
16500000.0,42.0,раздельный,нет,4.0,5.0,2.7,нет,нет,2023,кирпичный,частично,1.036
16000000.0,50.36,раздельный,нет,3.0,5.0,2.7,нет,нет,2024,кирпичный,частично,2.677
24500000.0,58.0,раздельный,нет,5.0,9.0,2.7,нет,нет,2015,кирпичный,частично,0.483
14000000.0,52.0,раздельный,балкон,7.0,9.0,2.7,нет,нет,1986,панельный,частично,3.004
24000000.0,60.0,совмещенный,нет,6.0,9.0,2.7,нет,нет,2021,кирпичный,частично,3.818
16500000.0,62.0,раздельный,нет,2.0,9.0,2.7,нет,нет,2023,кирпичный,частично,4.193
25500000.0,66.5,раздельный,нет,4.0,5.0,2.7,нет,нет,2024,кирпичный,частично,1.738
22500000.0,67.0,раздельный,балкон,2.0,9.0,2.7,нет,нет,1989,панельный,частично,2.315
15000000.0,51.0,раздельный,балкон,3.0,5.0,2.7,нет,нет,1984,панельный,полностью,3.32
17400000.0,67.3,раздельный,нет,6.0,6.0,2.7,нет,нет,2006,панельный,частично,2.46
16700000.0,42.0,раздельный,нет,4.0,5.0,2.7,нет,нет,2023,кирпичный,частично,1.036
22500000.0,68.8,раздельный,нет,5.0,5.0,2.7,нет,нет,2021,кирпичный,частично,0.456
29000000.0,70.0,совмещенный,нет,2.0,9.0,2.7,нет,нет,2022,кирпичный,частично,0.456
9300000.0,41.0,раздельный,нет,4.0,4.0,2.7,нет,нет,1963,кирпичный,частично,2.641
15500000.0,45.0,раздельный,нет,2.0,5.0,2.7,нет,нет,1970,панельный,полностью,0.649
18000000.0,52.5,раздельный,нет,2.0,5.0,2.6,нет,нет,1976,кирпичный,частично,1.967
22500000.0,58.0,раздельный,нет,4.0,10.0,2.7,нет,нет,2023,кирпичный,частично,1.973
22500000.0,81.0,раздельный,нет,4.0,5.0,2.7,нет,нет,1988,кирпичный,без мебели,2.257
26000000.0,62.8,раздельный,нет,8.0,9.0,2.7,нет,нет,2022,кирпичный,частично,4.193
17500000.0,77.8,совмещенный,нет,5.0,5.0,2.7,нет,нет,1979,кирпичный,частично,2.475
16000000.0,58.2,раздельный,нет,1.0,5.0,2.7,нет,нет,1980,кирпичный,частично,3.86
12000000.0,38.9,раздельный,нет,5.0,5.0,2.7,нет,нет,2024,кирпичный,частично,1.675
15000000.0,47.5,совмещенный,лоджия,1.0,9.0,2.7,нет,нет,1994,кирпичный,полностью,1.643
22500000.0,68.8,совмещенный,нет,5.0,5.0,2.7,нет,нет,2021,кирпичный,частично,0.456
25600000.0,73.0,раздельный,нет,2.0,9.0,2.7,нет,нет,2024,кирпичный,частично,0.584
25500000.0,80.8,раздельный,нет,9.0,9.0,2.7,нет,нет,2023,кирпичный,частично,0.973
12500000.0,46.0,раздельный,нет,1.0,5.0,2.7,нет,нет,2017,кирпичный,частично,4.244
16700000.0,39.0,совмещенный,лоджия,8.0,9.0,2.7,нет,нет,2018,кирпичный,частично,1.363
8500000.0,32.9,раздельный,нет,1.0,3.0,2.7,нет,нет,1961,кирпичный,частично,2.257
17340000.0,57.8,раздельный,нет,2.0,5.0,2.7,нет,нет,2024,кирпичный,частично,1.738
17500000.0,63.0,раздельный,нет,9.0,9.0,2.7,нет,нет,2006,панельный,частично,1.955
18500000.0,48.0,раздельный,нет,7.0,9.0,2.7,нет,нет,2020,кирпичный,частично,0.47
12500000.0,46.0,раздельный,балкон,1.0,5.0,2.7,нет,нет,2017,кирпичный,полностью,4.244
23200000.0,70.0,раздельный,нет,4.0,9.0,2.7,нет,нет,2023,кирпичный,частично,1.62
9500000.0,30.0,раздельный,нет,4.0,5.0,2.7,нет,нет,1966,кирпичный,частично,0.132
7500000.0,28.0,раздельный,нет,2.0,2.0,2.7,нет,нет,1965,кирпичный,частично,2.668
9000000.0,45.0,совмещенный,нет,8.0,9.0,2.7,нет,нет,1984,кирпичный,частично,1.309
14000000.0,49.0,раздельный,нет,4.0,5.0,2.7,нет,нет,1994,панельный,частично,1.743
13500000.0,40.0,раздельный,нет,8.0,9.0,2.7,нет,нет,1994,кирпичный,частично,3.237
12500000.0,51.0,раздельный,нет,4.0,5.0,2.7,нет,нет,1976,кирпичный,частично,3.657
16500000.0,42.0,раздельный,нет,4.0,5.0,2.7,нет,нет,2023,кирпичный,частично,1.106
15700000.0,52.2,раздельный,лоджия,2.0,9.0,2.7,нет,нет,1990,панельный,без мебели,3.251
17300000.0,63.3,раздельный,нет,1.0,6.0,2.7,нет,нет,1990,кирпичный,частично,2.677
8500000.0,30.0,раздельный,нет,3.0,5.0,2.7,нет,нет,1978,кирпичный,частично,3.792
15300000.0,44.0,раздельный,нет,3.0,12.0,2.7,нет,нет,2023,кирпичный,частично,3.932
11500000.0,36.2,раздельный,нет,1.0,5.0,2.7,нет,нет,2010,кирпичный,частично,3.527
16500000.0,80.0,раздельный,нет,5.0,5.0,2.7,нет,нет,1987,панельный,частично,1.748
28000000.0,77.0,раздельный,нет,5.0,5.0,3.0,нет,нет,2019,кирпичный,полностью,1.569
11500000.0,38.0,раздельный,нет,3.0,5.0,2.7,нет,нет,1987,кирпичный,частично,3.286
9500000.0,32.0,раздельный,нет,2.0,5.0,2.7,нет,нет,1976,кирпичный,частично,3.801
20000000.0,46.0,раздельный,нет,9.0,10.0,2.7,нет,нет,2018,кирпичный,частично,0.564
20500000.0,74.0,раздельный,нет,1.0,5.0,2.7,нет,нет,1986,иной,частично,1.403
17500000.0,66.7,раздельный,лоджия,7.0,9.0,2.7,нет,нет,1988,панельный,частично,2.677
10000000.0,35.0,раздельный,нет,3.0,9.0,2.7,нет,нет,1988,кирпичный,частично,1.964
11000000.0,36.9,раздельный,нет,5.0,5.0,2.7,нет,нет,1986,панельный,полностью,1.473
12500000.0,40.0,раздельный,нет,6.0,6.0,2.7,нет,нет,1988,кирпичный,частично,0.132
15000000.0,41.0,раздельный,нет,5.0,5.0,2.7,нет,нет,2018,кирпичный,частично,1.738
16000000.0,56.0,раздельный,нет,1.0,9.0,2.7,нет,нет,1991,панельный,частично,2.624
14500000.0,50.0,раздельный,балкон,2.0,5.0,2.7,нет,нет,1978,панельный,полностью,1.789
15500000.0,57.0,раздельный,балкон,5.0,5.0,2.7,нет,нет,1972,кирпичный,полностью,0.959
22500000.0,70.1,раздельный,нет,2.0,5.0,2.7,нет,нет,2022,кирпичный,частично,0.53
23500000.0,74.1,раздельный,нет,4.0,5.0,2.7,нет,нет,1985,кирпичный,частично,3.607
15500000.0,44.7,раздельный,нет,4.0,5.0,2.7,нет,нет,1969,панельный,частично,1.521
17000000.0,40.0,раздельный,нет,5.0,5.0,2.7,нет,нет,2022,кирпичный,частично,3.296
10000000.0,36.0,раздельный,нет,5.0,5.0,2.7,нет,нет,1986,кирпичный,частично,2.046
18500000.0,62.0,раздельный,балкон,5.0,6.0,2.7,нет,нет,1989,кирпичный,частично,1.27
16200000.0,61.0,раздельный,нет,1.0,5.0,2.7,нет,нет,2023,кирпичный,частично,4.193
24000000.0,53.0,раздельный,нет,1.0,5.0,2.7,нет,нет,2023,кирпичный,частично,2.35
14400000.0,41.0,раздельный,нет,3.0,5.0,2.7,нет,нет,2011,кирпичный,частично,3.527
9500000.0,32.0,раздельный,нет,2.0,4.0,2.7,нет,нет,1968,кирпичный,частично,0.722
26500000.0,59.0,раздельный,нет,3.0,9.0,2.75,нет,нет,2022,кирпичный,частично,1.436
22500000.0,69.0,раздельный,нет,5.0,5.0,2.7,нет,нет,2021,кирпичный,частично,1.407
15500000.0,36.0,раздельный,нет,5.0,5.0,2.7,нет,нет,2024,кирпичный,частично,1.73
7500000.0,37.2,раздельный,нет,4.0,5.0,2.7,нет,нет,1982,кирпичный,частично,1.58
17500000.0,50.6,раздельный,нет,5.0,5.0,2.7,нет,нет,2022,кирпичный,частично,3.296
26500000.0,76.5,раздельный,нет,9.0,9.0,2.7,нет,нет,2015,кирпичный,частично,0.483
15500000.0,60.0,раздельный,нет,1.0,5.0,2.7,нет,нет,1998,кирпичный,частично,2.677
23900000.0,60.0,раздельный,лоджия,4.0,5.0,2.7,нет,нет,1991,кирпичный,полностью,3.454
14000000.0,47.0,раздельный,нет,5.0,5.0,2.7,нет,нет,2023,кирпичный,частично,1.64
10500000.0,36.1,раздельный,нет,2.0,9.0,2.7,нет,нет,1983,панельный,частично,3.071
46900000.0,116.0,раздельный,лоджия,1.0,9.0,2.7,нет,нет,2016,кирпичный,частично,0.587
63000000.0,100.3,2 с/у и более,нет,5.0,9.0,2.7,нет,нет,2019,кирпичный,частично,0.524
7200000.0,32.0,раздельный,нет,1.0,2.0,2.7,нет,нет,1965,кирпичный,частично,2.668
17700000.0,45.0,совмещенный,нет,3.0,5.0,2.7,нет,нет,2017,кирпичный,полностью,2.038
27500000.0,76.5,раздельный,несколько балконов или лоджий,9.0,9.0,2.7,нет,нет,2015,кирпичный,частично,0.483
11000000.0,45.0,раздельный,нет,3.0,3.0,2.7,нет,нет,1974,панельный,частично,2.838
13000000.0,45.0,раздельный,нет,1.0,5.0,2.7,нет,нет,2024,кирпичный,без мебели,2.949
39000000.0,114.0,раздельный,нет,8.0,10.0,2.7,нет,нет,2023,кирпичный,частично,1.083
8300000.0,31.4,раздельный,нет,2.0,3.0,2.7,нет,нет,1960,кирпичный,частично,1.99
27000000.0,70.0,раздельный,нет,7.0,9.0,2.7,нет,нет,2021,кирпичный,частично,3.296
11500000.0,52.5,раздельный,нет,5.0,5.0,2.7,нет,нет,1979,кирпичный,частично,3.62
33000000.0,76.3,раздельный,нет,2.0,9.0,2.8,нет,В залоге,2019,монолитный,полностью,4.193
15000000.0,45.0,раздельный,нет,3.0,5.0,2.7,нет,нет,1963,кирпичный,частично,1.066
33500000.0,85.0,раздельный,нет,8.0,9.0,2.7,нет,нет,2022,кирпичный,частично,0.711
19000000.0,42.6,совмещенный,лоджия,3.0,5.0,3.0,нет,нет,2015,кирпичный,полностью,0.778
27500000.0,83.5,раздельный,нет,6.0,9.0,2.7,нет,нет,2017,панельный,частично,4.033
21400000.0,67.0,совмещенный,нет,2.0,6.0,2.7,нет,нет,1992,панельный,частично,2.109
15700000.0,52.2,раздельный,нет,2.0,9.0,2.7,нет,нет,1990,кирпичный,частично,3.251
21000000.0,60.0,раздельный,нет,5.0,6.0,2.7,нет,нет,1988,кирпичный,частично,0.132
15500000.0,51.9,раздельный,нет,7.0,9.0,2.7,нет,нет,2005,панельный,частично,1.845
28000000.0,77.0,раздельный,нет,5.0,5.0,2.7,нет,нет,2019,кирпичный,частично,1.569
25500000.0,83.3,раздельный,нет,2.0,10.0,2.7,нет,нет,2025,кирпичный,частично,0.69
15300000.0,49.7,раздельный,лоджия,4.0,9.0,2.7,нет,нет,2021,кирпичный,частично,0.462
15500000.0,52.0,раздельный,лоджия,5.0,9.0,2.7,нет,нет,1990,панельный,без мебели,1.473
9900000.0,40.0,раздельный,нет,5.0,5.0,2.7,нет,нет,1970,кирпичный,частично,1.808
8700000.0,40.7,совмещенный,нет,2.0,2.0,2.7,нет,нет,1990,иной,частично,1.425
25500000.0,107.0,раздельный,нет,9.0,10.0,2.7,нет,нет,2021,кирпичный,частично,1.067
21000000.0,49.5,совмещенный,нет,3.0,5.0,2.8,нет,нет,2021,кирпичный,частично,1.407
25000000.0,60.0,раздельный,нет,2.0,5.0,2.7,нет,нет,2023,кирпичный,частично,1.705
26000000.0,81.0,совмещенный,нет,4.0,6.0,2.7,нет,нет,1980,панельный,частично,2.816
10500000.0,37.0,раздельный,нет,4.0,6.0,2.7,нет,нет,1989,панельный,частично,1.961
9000000.0,30.0,раздельный,нет,5.0,5.0,2.7,нет,нет,1972,кирпичный,частично,1.103
20500000.0,68.8,раздельный,нет,3.0,5.0,2.7,нет,нет,2024,кирпичный,частично,1.675
25000000.0,62.1,раздельный,нет,1.0,5.0,2.7,нет,нет,1994,кирпичный,частично,3.527
27000000.0,65.6,раздельный,нет,6.0,9.0,2.7,нет,нет,2018,кирпичный,частично,1.327
13500000.0,46.0,совмещенный,нет,3.0,5.0,2.5,нет,нет,1980,панельный,частично,1.094
17000000.0,56.0,раздельный,нет,1.0,9.0,2.7,нет,нет,1997,панельный,частично,0.506
13400000.0,45.0,раздельный,нет,5.0,9.0,2.7,нет,нет,2022,кирпичный,частично,1.324
23000000.0,50.8,совмещенный,нет,3.0,5.0,2.7,нет,нет,2022,кирпичный,частично,3.296
9800000.0,39.7,раздельный,нет,3.0,5.0,2.7,нет,нет,2008,кирпичный,частично,2.475
11500000.0,39.4,совмещенный,нет,2.0,9.0,2.7,нет,нет,2014,кирпичный,полностью,4.276
11500000.0,44.0,раздельный,нет,5.0,5.0,2.7,нет,нет,2024,кирпичный,частично,0.711
13300000.0,42.18,раздельный,лоджия,8.0,9.0,2.7,нет,нет,1994,панельный,частично,3.237
26500000.0,68.0,раздельный,нет,4.0,5.0,2.8,нет,нет,2023,кирпичный,частично,1.122
15500000.0,51.0,раздельный,лоджия,7.0,9.0,2.7,нет,нет,2005,панельный,частично,1.845
9900000.0,30.0,совмещенный,нет,2.0,5.0,2.7,нет,нет,1987,панельный,частично,3.724
8990000.0,32.0,раздельный,нет,2.0,4.0,2.7,нет,нет,1968,кирпичный,частично,0.722
16100000.0,35.0,совмещенный,нет,4.0,9.0,2.7,нет,нет,2023,кирпичный,частично,0.462
14300000.0,51.5,раздельный,нет,1.0,9.0,2.7,нет,нет,1993,панельный,частично,1.977
9800000.0,58.0,раздельный,нет,1.0,5.0,2.7,нет,нет,1966,кирпичный,частично,2.466
12000000.0,39.0,раздельный,нет,6.0,9.0,2.7,нет,нет,2022,кирпичный,частично,1.407
17000000.0,56.94,раздельный,лоджия,1.0,9.0,2.7,нет,нет,1976,панельный,частично,0.506
9962500.0,39.85,совмещенный,нет,5.0,5.0,2.7,нет,нет,2025,кирпичный,частично,1.73
15500000.0,60.0,раздельный,нет,4.0,5.0,2.7,нет,нет,1971,кирпичный,частично,0.914
24000000.0,93.76,раздельный,лоджия,9.0,9.0,2.7,нет,нет,2023,кирпичный,частично,1.288
22000000.0,47.5,раздельный,нет,9.0,9.0,3.0,нет,нет,2023,кирпичный,частично,1.27
8927500.0,35.71,совмещенный,нет,5.0,5.0,2.7,нет,нет,2025,кирпичный,без мебели,1.73
17200000.0,63.0,раздельный,нет,5.0,5.0,2.7,нет,В залоге,1976,кирпичный,полностью,1.568
17500000.0,41.0,раздельный,нет,2.0,10.0,2.7,нет,нет,2023,кирпичный,частично,1.58
15000000.0,50.0,совмещенный,нет,3.0,5.0,2.7,нет,нет,2019,кирпичный,частично,4.469
18500000.0,77.0,совмещенный,нет,5.0,5.0,3.0,нет,нет,2018,кирпичный,частично,0.884
13500000.0,46.0,совмещенный,нет,5.0,5.0,2.7,нет,нет,1975,кирпичный,частично,1.387
9500000.0,36.0,совмещенный,нет,1.0,5.0,2.7,нет,нет,1985,панельный,частично,3.687
20400000.0,76.0,раздельный,нет,3.0,9.0,2.7,нет,нет,1993,кирпичный,частично,3.305
11500000.0,37.0,раздельный,нет,7.0,9.0,2.7,нет,нет,2019,панельный,частично,4.01
11000000.0,50.0,раздельный,нет,2.0,6.0,2.0,да,нет,1990,панельный,частично,1.453
13000000.0,44.0,совмещенный,нет,1.0,9.0,2.7,нет,нет,2023,кирпичный,без мебели,4.193
11200000.0,37.0,раздельный,нет,5.0,5.0,2.7,нет,нет,1990,иной,частично,3.527
19000000.0,65.0,раздельный,нет,3.0,5.0,2.7,нет,нет,1994,панельный,частично,2.362
4500000.0,18.0,раздельный,нет,2.0,5.0,2.5,да,нет,1980,кирпичный,частично,1.84
17500000.0,57.0,раздельный,нет,5.0,5.0,2.7,нет,нет,1972,кирпичный,частично,1.72
28500000.0,67.0,совмещенный,нет,3.0,5.0,2.8,нет,нет,2021,кирпичный,частично,1.851
17000000.0,63.0,раздельный,нет,5.0,5.0,2.7,нет,нет,1992,кирпичный,частично,2.874
6500000.0,30.0,совмещенный,нет,3.0,4.0,2.7,нет,нет,1962,кирпичный,частично,2.041
14000000.0,60.0,совмещенный,нет,1.0,9.0,2.7,нет,нет,2015,кирпичный,частично,2.807
12000000.0,58.0,раздельный,нет,1.0,5.0,2.7,нет,нет,1994,кирпичный,частично,2.431
15400000.0,70.0,раздельный,нет,9.0,9.0,2.7,нет,нет,1993,панельный,частично,1.977
16400000.0,58.0,раздельный,нет,8.0,9.0,2.7,нет,В залоге,2014,кирпичный,частично,2.195
16700000.0,68.0,раздельный,нет,9.0,9.0,2.7,нет,нет,1986,панельный,полностью,3.381
9500000.0,34.0,совмещенный,нет,3.0,5.0,2.7,нет,нет,1980,кирпичный,частично,3.437
15000000.0,46.0,совмещенный,нет,3.0,7.0,2.8,нет,В залоге,2015,кирпичный,частично,4.034
15000000.0,59.0,совмещенный,нет,5.0,5.0,2.5,нет,В залоге,1973,панельный,частично,0.538
17000000.0,67.0,раздельный,нет,4.0,9.0,2.7,нет,нет,1984,панельный,частично,3.037
14500000.0,41.0,совмещенный,нет,1.0,5.0,2.7,нет,нет,2022,кирпичный,частично,3.296
16500000.0,61.0,совмещенный,нет,3.0,5.0,2.7,нет,нет,1978,кирпичный,частично,1.284
15000000.0,69.0,совмещенный,нет,5.0,5.0,2.7,нет,нет,1987,панельный,частично,2.559
13500000.0,50.0,раздельный,нет,1.0,9.0,2.7,нет,нет,1991,панельный,частично,3.298
13000000.0,45.0,раздельный,нет,1.0,5.0,2.0,нет,нет,1984,панельный,частично,3.351
6000000.0,25.0,совмещенный,нет,3.0,5.0,2.5,да,нет,1987,кирпичный,частично,1.247
15000000.0,63.0,совмещенный,нет,4.0,5.0,2.7,нет,нет,1975,кирпичный,частично,1.387
17500000.0,68.8,раздельный,нет,6.0,6.0,2.7,нет,нет,1989,панельный,частично,1.783
14500000.0,40.0,совмещенный,нет,2.0,9.0,2.7,нет,нет,2015,кирпичный,частично,4.276
15000000.0,58.0,раздельный,нет,1.0,5.0,3.0,нет,нет,1982,монолитный,частично,1.483
11000000.0,41.0,совмещенный,нет,3.0,4.0,2.7,нет,нет,1968,кирпичный,частично,2.234
11000000.0,40.0,совмещенный,нет,1.0,5.0,2.7,да,нет,1985,кирпичный,частично,1.447
28000000.0,98.0,раздельный,нет,1.0,5.0,2.7,нет,нет,2023,панельный,частично,4.193
22000000.0,90.0,раздельный,нет,5.0,6.0,2.7,нет,нет,1989,панельный,частично,2.228
14500000.0,60.0,раздельный,нет,4.0,5.0,2.0,нет,нет,1979,панельный,частично,3.613
11000000.0,45.0,совмещенный,нет,1.0,5.0,2.7,нет,нет,1970,панельный,частично,0.903
19500000.0,75.0,раздельный,нет,4.0,5.0,2.7,нет,нет,2025,кирпичный,без мебели,1.73
15500000.0,58.0,совмещенный,нет,5.0,5.0,2.7,нет,нет,1969,панельный,частично,1.521
12500000.0,37.0,раздельный,нет,3.0,6.0,2.7,нет,нет,1990,кирпичный,частично,2.84
23000000.0,64.0,раздельный,нет,3.0,12.0,2.35,нет,нет,1984,монолитный,частично,2.714
20000000.0,60.1,раздельный,нет,3.0,5.0,2.8,нет,нет,2012,кирпичный,частично,1.974
9500000.0,35.0,раздельный,нет,9.0,9.0,2.7,нет,нет,1990,кирпичный,частично,2.688
13000000.0,36.0,раздельный,нет,5.0,6.0,2.7,нет,нет,1988,кирпичный,частично,0.371
14800000.0,40.0,раздельный,нет,5.0,10.0,2.7,нет,нет,2025,кирпичный,частично,1.096
13494000.0,51.9,совмещенный,нет,4.0,5.0,2.7,нет,нет,2025,кирпичный,без мебели,1.73
11000000.0,36.7,раздельный,нет,1.0,5.0,2.7,нет,нет,1990,панельный,частично,2.677
29653500.0,111.9,раздельный,нет,3.0,5.0,2.7,нет,нет,2023,панельный,частично,4.193
23000000.0,79.5,раздельный,нет,4.0,6.0,2.7,нет,нет,1991,панельный,частично,3.318
25500000.0,66.5,совмещенный,нет,4.0,5.0,2.7,нет,нет,2024,кирпичный,частично,1.73
16536000.0,63.6,совмещенный,нет,4.0,5.0,2.7,нет,нет,2025,кирпичный,без мебели,1.73
18000000.0,63.2,раздельный,нет,1.0,6.0,2.7,нет,нет,1992,иной,частично,1.484
12040000.0,43.0,совмещенный,нет,3.0,5.0,2.8,нет,нет,2024,кирпичный,частично,1.427
20602000.0,73.58,совмещенный,нет,4.0,5.0,2.8,нет,нет,2024,кирпичный,частично,1.427
8100000.0,35.2,раздельный,нет,1.0,3.0,2.7,нет,нет,1989,кирпичный,частично,2.688
7300000.0,31.0,раздельный,нет,5.0,5.0,2.7,нет,нет,1966,кирпичный,частично,2.204
13600000.0,45.5,раздельный,нет,5.0,5.0,2.7,нет,нет,2015,кирпичный,частично,2.715
18000000.0,71.8,раздельный,лоджия,5.0,5.0,2.7,нет,нет,1976,кирпичный,частично,3.85
16000000.0,40.4,раздельный,нет,8.0,9.0,2.7,нет,нет,2020,кирпичный,частично,3.296
15300000.0,55.0,раздельный,нет,3.0,5.0,2.7,нет,нет,1990,кирпичный,частично,3.496
18000000.0,53.7,совмещенный,балкон,2.0,4.0,2.5,нет,В залоге,1965,кирпичный,частично,1.103
37500000.0,96.0,совмещенный,нет,5.0,5.0,2.7,нет,нет,2018,кирпичный,полностью,1.569
17500000.0,55.6,раздельный,лоджия,5.0,5.0,2.7,нет,нет,1988,кирпичный,полностью,2.714
9300000.0,32.0,раздельный,нет,5.0,5.0,2.7,нет,нет,1969,кирпичный,частично,0.861
22500000.0,67.0,раздельный,нет,4.0,9.0,2.7,нет,нет,2006,панельный,без мебели,1.955
16500000.0,76.2,раздельный,нет,3.0,3.0,2.8,нет,нет,1962,кирпичный,полностью,1.557
10300000.0,55.0,совмещенный,нет,1.0,5.0,2.7,нет,нет,1979,панельный,частично,3.361
12500000.0,44.1,совмещенный,нет,3.0,4.0,2.7,нет,В залоге,1964,кирпичный,частично,2.224
10000000.0,51.1,раздельный,нет,1.0,2.0,2.7,нет,нет,1969,кирпичный,частично,4.114
12000000.0,55.0,совмещенный,нет,4.0,4.0,2.7,нет,нет,1963,кирпичный,частично,2.284
6000000.0,18.0,совмещенный,нет,5.0,5.0,2.7,нет,нет,1986,кирпичный,частично,1.48
19264000.0,68.8,совмещенный,нет,3.0,5.0,2.8,нет,нет,2024,кирпичный,частично,1.675
18000000.0,67.0,раздельный,нет,1.0,6.0,2.7,нет,нет,1998,панельный,частично,3.318
10500000.0,30.7,совмещенный,нет,3.0,5.0,2.7,нет,В залоге,1966,кирпичный,частично,2.204
29800000.0,88.0,раздельный,нет,2.0,5.0,2.7,нет,нет,2015,кирпичный,полностью,2.807
25000000.0,67.0,раздельный,лоджия,7.0,9.0,2.7,нет,нет,1988,панельный,частично,2.617
10000000.0,45.0,раздельный,нет,5.0,5.0,2.7,нет,нет,1971,кирпичный,без мебели,1.024
12500000.0,40.0,раздельный,нет,4.0,4.0,2.7,нет,нет,1964,кирпичный,частично,2.034
26000000.0,57.9,раздельный,нет,2.0,5.0,2.7,нет,нет,2023,кирпичный,частично,1.651
9500000.0,42.0,совмещенный,лоджия,3.0,5.0,2.7,нет,нет,1983,панельный,частично,3.932
12700000.0,48.0,совмещенный,нет,4.0,9.0,2.6,нет,нет,2024,кирпичный,частично,4.193
12200000.0,54.0,совмещенный,нет,4.0,4.0,2.7,нет,нет,1962,кирпичный,частично,0.722
23560000.0,76.0,раздельный,несколько балконов или лоджий,5.0,9.0,2.7,нет,нет,2024,кирпичный,частично,0.947
17500000.0,40.5,совмещенный,лоджия,1.0,5.0,2.7,нет,нет,2024,кирпичный,частично,1.64
14000000.0,49.0,раздельный,лоджия,2.0,5.0,2.7,нет,нет,2024,кирпичный,частично,1.827
18500000.0,60.0,раздельный,лоджия,5.0,6.0,2.7,нет,нет,1992,кирпичный,частично,1.736
2600000.0,13.0,раздельный,нет,3.0,4.0,2.7,нет,нет,1963,кирпичный,частично,2.105
7560000.0,42.0,раздельный,нет,5.0,6.0,2.75,нет,нет,2024,кирпичный,частично,1.743
22500000.0,69.0,раздельный,нет,6.0,6.0,2.7,нет,нет,1993,панельный,полностью,3.454
18500000.0,43.0,раздельный,нет,3.0,9.0,2.7,нет,нет,2021,кирпичный,частично,3.877
16500000.0,52.0,раздельный,балкон,2.0,5.0,2.7,нет,нет,1984,панельный,без мебели,3.697
9500000.0,36.0,раздельный,балкон,1.0,9.0,2.7,нет,нет,1989,панельный,частично,1.964
12800000.0,52.0,раздельный,балкон,4.0,6.0,2.7,нет,нет,1990,панельный,частично,2.228
9800000.0,36.2,совмещенный,нет,4.0,5.0,2.7,да,нет,1979,панельный,частично,2.662
8500000.0,33.0,раздельный,нет,3.0,9.0,2.7,нет,нет,1986,кирпичный,частично,1.309
16000000.0,54.0,раздельный,лоджия,6.0,6.0,2.7,нет,нет,1993,панельный,частично,3.633
13000000.0,40.0,совмещенный,лоджия,3.0,5.0,2.7,нет,нет,2024,кирпичный,частично,1.73
10300000.0,40.0,раздельный,нет,5.0,5.0,2.7,нет,нет,1970,кирпичный,частично,1.808
15000000.0,58.9,раздельный,нет,4.0,5.0,2.7,нет,нет,1974,кирпичный,частично,3.401
33500000.0,98.0,раздельный,лоджия,3.0,9.0,2.8,нет,нет,2020,кирпичный,частично,3.796
18500000.0,50.0,совмещенный,лоджия,3.0,5.0,2.7,нет,нет,2024,кирпичный,частично,1.675
10500000.0,31.1,раздельный,нет,5.0,5.0,2.7,нет,нет,1971,кирпичный,частично,1.58
19500000.0,65.2,раздельный,нет,8.0,12.0,2.7,нет,нет,2019,монолитный,частично,4.321
15500000.0,55.0,совмещенный,лоджия,5.0,5.0,2.7,нет,нет,2024,кирпичный,частично,1.64
16000000.0,50.0,раздельный,нет,3.0,9.0,2.7,нет,нет,2017,кирпичный,частично,3.014
16500000.0,39.0,раздельный,нет,7.0,9.0,2.7,нет,нет,2018,кирпичный,частично,1.299
19000000.0,66.0,раздельный,нет,9.0,10.0,2.7,нет,нет,2023,кирпичный,частично,2.159
17500000.0,43.0,совмещенный,нет,9.0,9.0,2.78,нет,нет,2022,кирпичный,полностью,3.818
7500000.0,32.0,раздельный,нет,1.0,2.0,2.7,нет,нет,1965,кирпичный,частично,2.668
22999999.0,80.0,раздельный,балкон,4.0,5.0,2.6,нет,нет,1979,панельный,частично,3.361
22000000.0,65.0,совмещенный,нет,4.0,5.0,2.7,нет,нет,2015,кирпичный,частично,1.738
7300000.0,34.67,раздельный,нет,4.0,6.0,2.75,нет,нет,2024,кирпичный,частично,3.158
17000000.0,96.31,раздельный,нет,4.0,6.0,2.75,нет,нет,2024,кирпичный,частично,3.158
7600000.0,41.84,раздельный,нет,4.0,6.0,2.75,нет,нет,2024,кирпичный,частично,3.158
18500000.0,58.9,раздельный,балкон,3.0,5.0,2.7,нет,нет,1992,кирпичный,частично,2.095
16500000.0,57.7,раздельный,нет,3.0,5.0,2.7,нет,нет,1977,панельный,частично,3.919
12000000.0,30.0,раздельный,нет,5.0,5.0,2.7,нет,нет,1972,кирпичный,частично,0.959
3800000.0,18.0,раздельный,нет,2.0,5.0,2.7,да,нет,1987,кирпичный,частично,1.19
26200000.0,85.0,раздельный,балкон,2.0,5.0,2.8,нет,нет,2023,панельный,частично,4.193
15000000.0,51.3,раздельный,нет,8.0,10.0,3.0,нет,нет,2022,кирпичный,частично,2.159
26500000.0,76.1,раздельный,несколько балконов или лоджий,3.0,5.0,2.0,нет,В залоге,2012,кирпичный,полностью,3.751
18700000.0,63.25,раздельный,нет,2.0,9.0,2.7,нет,нет,2025,кирпичный,частично,0.781
15500000.0,59.0,раздельный,нет,4.0,5.0,2.7,нет,нет,1983,кирпичный,частично,3.571
8300000.0,49.2,раздельный,нет,3.0,9.0,2.7,да,нет,1986,кирпичный,частично,1.58
27000000.0,51.6,раздельный,нет,6.0,10.0,2.7,нет,нет,2023,кирпичный,частично,2.173
22500000.0,67.0,раздельный,нет,2.0,9.0,2.7,нет,нет,1989,панельный,частично,2.315
23600000.0,58.0,совмещенный,нет,4.0,9.0,3.0,нет,нет,2024,кирпичный,частично,1.95
15000000.0,41.0,совмещенный,балкон,2.0,9.0,2.7,нет,нет,2016,кирпичный,частично,4.042
14500000.0,43.8,совмещенный,нет,1.0,7.0,2.8,нет,нет,2015,кирпичный,без мебели,2.129
19000000.0,70.0,раздельный,нет,9.0,9.0,2.7,нет,нет,1991,панельный,частично,2.891
21500000.0,63.0,раздельный,лоджия,5.0,5.0,2.7,нет,нет,2017,кирпичный,полностью,0.773
39900000.0,78.8,раздельный,нет,6.0,9.0,2.7,нет,нет,2021,кирпичный,частично,0.478
28500000.0,62.0,раздельный,нет,2.0,10.0,2.7,нет,нет,2022,кирпичный,частично,0.853
24500000.0,69.0,раздельный,нет,7.0,9.0,2.7,нет,нет,2022,кирпичный,частично,0.781
18500000.0,42.8,совмещенный,нет,3.0,9.0,2.7,нет,нет,2021,кирпичный,полностью,3.877
17000000.0,57.5,совмещенный,нет,1.0,5.0,2.5,нет,нет,1979,кирпичный,без мебели,3.471
21000000.0,70.0,раздельный,нет,3.0,6.0,2.7,нет,нет,1996,панельный,частично,1.054
19000000.0,45.0,совмещенный,нет,1.0,5.0,2.8,нет,нет,2023,кирпичный,полностью,0.53
11000000.0,31.0,совмещенный,нет,5.0,5.0,2.7,нет,нет,1972,кирпичный,частично,1.103
16400000.0,63.0,совмещенный,нет,4.0,5.0,2.7,нет,нет,1973,кирпичный,частично,2.714
11500000.0,30.3,раздельный,нет,2.0,3.0,2.7,нет,нет,1963,кирпичный,частично,1.103
11900000.0,40.0,раздельный,нет,2.0,5.0,2.7,нет,нет,1970,кирпичный,частично,1.103
18000000.0,42.6,раздельный,нет,1.0,5.0,2.7,нет,нет,2017,кирпичный,частично,2.438
13000000.0,44.6,раздельный,нет,3.0,3.0,2.7,нет,нет,1987,панельный,частично,2.714
11500000.0,48.0,раздельный,нет,2.0,2.0,2.5,нет,нет,1989,кирпичный,полностью,3.955
18000000.0,55.0,раздельный,нет,3.0,5.0,2.7,нет,нет,2024,кирпичный,частично,2.322
13400000.0,49.4,раздельный,нет,5.0,5.0,2.45,нет,нет,1976,кирпичный,частично,3.915
9000000.0,30.0,совмещенный,нет,4.0,4.0,2.5,нет,нет,1970,кирпичный,частично,1.673
11500000.0,60.0,совмещенный,нет,2.0,2.0,2.7,нет,нет,1950,кирпичный,частично,0.797
21000000.0,63.7,раздельный,нет,3.0,4.0,2.7,нет,нет,1973,кирпичный,частично,1.103
15500000.0,63.8,раздельный,нет,5.0,5.0,2.7,нет,нет,1992,панельный,частично,2.726
27000000.0,54.5,раздельный,нет,7.0,10.0,2.7,нет,нет,2023,кирпичный,частично,1.58
11500000.0,52.5,раздельный,нет,5.0,5.0,2.7,нет,нет,1979,кирпичный,частично,3.471
11800000.0,41.5,раздельный,нет,5.0,5.0,2.7,нет,нет,2023,кирпичный,частично,3.491
19000000.0,65.9,раздельный,нет,2.0,2.0,2.8,нет,нет,1985,кирпичный,полностью,2.819
19100000.0,63.45,раздельный,нет,5.0,5.0,2.7,нет,нет,2024,кирпичный,частично,1.836
13500000.0,50.0,раздельный,лоджия,5.0,6.0,2.6,нет,нет,1990,панельный,частично,1.538
9600000.0,29.2,раздельный,нет,3.0,4.0,2.7,нет,нет,1964,кирпичный,частично,1.435
22500000.0,56.0,раздельный,нет,8.0,9.0,2.7,нет,нет,2020,кирпичный,частично,3.858
16200000.0,53.7,раздельный,нет,4.0,6.0,2.7,нет,нет,1993,панельный,частично,3.633
20000000.0,63.3,раздельный,нет,4.0,6.0,2.7,нет,нет,1992,панельный,частично,1.929
23900000.0,90.0,раздельный,нет,9.0,9.0,2.7,нет,нет,2024,кирпичный,частично,1.288
18000000.0,65.0,раздельный,балкон,9.0,9.0,2.7,нет,В залоге,1989,кирпичный,полностью,2.469
17500000.0,60.0,раздельный,нет,3.0,5.0,2.5,нет,нет,1991,кирпичный,частично,3.817
10000000.0,30.0,раздельный,нет,3.0,4.0,2.7,нет,нет,1968,кирпичный,частично,1.241
10000000.0,34.6,совмещенный,нет,2.0,5.0,2.7,нет,нет,1980,кирпичный,частично,3.437
15000000.0,57.1,совмещенный,балкон,4.0,4.0,2.5,нет,нет,1965,кирпичный,частично,1.743
17500000.0,64.0,раздельный,нет,4.0,5.0,2.7,нет,В залоге,1989,кирпичный,частично,0.908
36000000.0,80.0,раздельный,несколько балконов или лоджий,3.0,5.0,3.0,нет,нет,2017,кирпичный,полностью,0.34
15500000.0,57.9,раздельный,балкон,3.0,5.0,2.7,нет,нет,1974,панельный,частично,3.348
3800000.0,13.0,раздельный,нет,3.0,5.0,2.5,да,нет,1987,кирпичный,частично,1.19
21000000.0,75.3,раздельный,лоджия,3.0,6.0,2.7,нет,нет,1989,панельный,частично,1.783
22500000.0,66.5,совмещенный,лоджия,3.0,5.0,2.5,нет,нет,1990,кирпичный,полностью,0.577
12500000.0,45.0,раздельный,балкон,3.0,5.0,2.7,нет,нет,1973,кирпичный,частично,0.538
55000000.0,86.0,раздельный,нет,2.0,9.0,2.85,нет,нет,2022,кирпичный,частично,0.931
19964000.0,71.3,раздельный,нет,4.0,10.0,2.7,нет,нет,2023,кирпичный,частично,2.624
16500000.0,39.0,раздельный,нет,3.0,5.0,2.7,нет,нет,2022,кирпичный,частично,1.73
19000000.0,60.0,раздельный,балкон,4.0,5.0,2.7,нет,нет,1989,кирпичный,частично,1.73
16500000.0,48.0,совмещенный,лоджия,2.0,5.0,2.7,нет,нет,2019,кирпичный,частично,4.485
23000000.0,70.0,раздельный,нет,6.0,9.0,2.7,нет,нет,1990,панельный,частично,2.469
20000000.0,60.0,раздельный,нет,5.0,6.0,2.5,нет,нет,1993,кирпичный,частично,2.067
13500000.0,48.4,раздельный,нет,9.0,9.0,2.7,нет,нет,1986,кирпичный,частично,3.436
28500000.0,78.0,раздельный,несколько балконов или лоджий,3.0,5.0,2.7,нет,нет,2022,кирпичный,частично,0.835
27000000.0,84.0,раздельный,нет,7.0,9.0,2.7,нет,нет,2023,кирпичный,частично,4.193
17300000.0,71.0,совмещенный,балкон и лоджия,3.0,10.0,2.8,нет,нет,2023,кирпичный,без мебели,2.475
19500000.0,67.0,раздельный,нет,3.0,9.0,2.7,нет,нет,1993,панельный,частично,1.977
22500000.0,81.8,раздельный,лоджия,3.0,5.0,2.8,нет,нет,2021,кирпичный,частично,1.785
9500000.0,40.0,раздельный,нет,1.0,4.0,2.7,нет,нет,1964,кирпичный,частично,2.107
16500000.0,77.5,раздельный,нет,5.0,5.0,2.7,нет,нет,1996,кирпичный,полностью,3.552
15000000.0,44.0,раздельный,нет,5.0,5.0,2.7,нет,нет,1976,кирпичный,частично,1.469
13000000.0,46.8,раздельный,нет,5.0,5.0,2.7,нет,нет,1982,кирпичный,частично,3.818
17500000.0,60.0,раздельный,нет,2.0,5.0,2.7,нет,нет,1979,панельный,частично,3.963
8000000.0,29.0,совмещенный,нет,3.0,6.0,2.7,нет,нет,2024,кирпичный,частично,1.743
17500000.0,79.0,раздельный,балкон,5.0,5.0,2.7,нет,нет,1979,панельный,частично,3.613
15000000.0,46.0,раздельный,нет,4.0,5.0,2.7,нет,нет,2019,кирпичный,частично,4.415
8500000.0,39.0,раздельный,нет,1.0,5.0,2.7,нет,нет,1984,кирпичный,частично,3.681
17500000.0,57.0,раздельный,нет,3.0,5.0,2.7,нет,нет,1990,кирпичный,частично,3.527
9500000.0,32.0,совмещенный,балкон,2.0,5.0,2.7,нет,нет,1975,кирпичный,частично,1.473
17500000.0,56.8,раздельный,нет,3.0,5.0,2.7,нет,нет,1990,кирпичный,частично,3.527
30500000.0,78.0,раздельный,нет,3.0,5.0,2.7,нет,нет,2022,кирпичный,полностью,0.93
34000000.0,72.8,раздельный,лоджия,5.0,9.0,3.0,нет,нет,2021,кирпичный,частично,0.725
22500000.0,67.4,раздельный,лоджия,4.0,6.0,2.5,нет,нет,1992,панельный,полностью,2.109
16500000.0,63.0,раздельный,балкон,5.0,5.0,2.7,нет,нет,1994,кирпичный,частично,2.431
18500000.0,60.0,совмещенный,балкон,2.0,5.0,2.7,нет,нет,2019,кирпичный,частично,4.193
11600000.0,37.0,раздельный,нет,3.0,6.0,2.7,нет,нет,1990,панельный,частично,2.84
13900000.0,41.0,раздельный,нет,5.0,5.0,2.7,нет,нет,2018,кирпичный,частично,1.941
10500000.0,43.6,совмещенный,нет,2.0,2.0,2.7,нет,нет,1988,кирпичный,частично,3.479
8300000.0,31.0,раздельный,нет,2.0,3.0,2.7,нет,нет,1961,кирпичный,частично,1.99
15000000.0,49.0,раздельный,нет,4.0,5.0,2.7,нет,нет,1989,кирпичный,частично,1.73
12800000.0,43.0,раздельный,нет,4.0,5.0,2.7,нет,нет,2024,кирпичный,частично,2.949
17300000.0,41.1,совмещенный,нет,10.0,10.0,2.7,нет,нет,2023,кирпичный,полностью,1.58
8900000.0,30.0,совмещенный,нет,1.0,2.0,25.0,нет,нет,1969,кирпичный,частично,2.668
19000000.0,47.0,совмещенный,нет,5.0,9.0,2.7,нет,нет,2022,кирпичный,частично,1.324
15201000.0,56.3,раздельный,нет,5.0,5.0,2.7,нет,нет,2022,кирпичный,частично,1.667
15000000.0,51.0,совмещенный,нет,1.0,6.0,2.7,нет,нет,1995,кирпичный,частично,1.453
34000000.0,82.0,раздельный,лоджия,1.0,9.0,3.0,нет,В залоге,2022,кирпичный,частично,3.818
18000000.0,54.0,раздельный,несколько балконов или лоджий,5.0,5.0,2.7,нет,нет,1990,кирпичный,полностью,1.27
15000000.0,52.0,раздельный,нет,1.0,5.0,2.5,нет,нет,1985,панельный,частично,3.897
21053000.0,56.9,раздельный,нет,8.0,9.0,3.0,нет,нет,2024,кирпичный,без мебели,0.584
16659000.0,61.7,раздельный,нет,5.0,5.0,2.7,нет,нет,2022,кирпичный,частично,1.667
9000000.0,30.5,раздельный,нет,3.0,5.0,2.7,нет,нет,1967,кирпичный,частично,0.251
9500000.0,36.2,совмещенный,нет,4.0,5.0,2.7,да,нет,1981,панельный,частично,2.662
42000000.0,120.0,раздельный,нет,1.0,9.0,2.7,нет,нет,2016,кирпичный,полностью,0.587
11000000.0,30.5,совмещенный,балкон,3.0,5.0,2.5,нет,нет,1974,кирпичный,без мебели,1.143
11500000.0,45.0,раздельный,нет,5.0,5.0,2.7,нет,нет,1972,кирпичный,частично,0.54
25000000.0,49.0,раздельный,нет,8.0,9.0,2.8,нет,нет,2021,кирпичный,полностью,0.947
22500000.0,69.0,раздельный,несколько балконов или лоджий,3.0,9.0,2.7,нет,нет,1990,панельный,частично,2.469
22500000.0,67.0,раздельный,нет,4.0,6.0,2.7,нет,нет,1993,панельный,частично,2.109
26157600.0,93.42,раздельный,нет,8.0,9.0,2.7,нет,нет,2025,кирпичный,частично,0.951
12500000.0,35.0,раздельный,нет,3.0,5.0,2.7,нет,нет,2021,кирпичный,частично,4.666
20221700.0,69.73,раздельный,нет,6.0,9.0,2.7,нет,нет,2025,кирпичный,частично,0.951
16000000.0,52.0,раздельный,нет,2.0,5.0,2.7,нет,нет,1984,кирпичный,частично,3.697
8500000.0,48.9,раздельный,нет,2.0,4.0,2.7,да,нет,1962,кирпичный,частично,2.041
14500000.0,44.0,раздельный,нет,9.0,10.0,2.7,нет,нет,2024,кирпичный,частично,0.53
20500000.0,57.0,раздельный,нет,3.0,6.0,2.7,нет,нет,1986,кирпичный,частично,1.403
20570350.0,69.73,раздельный,нет,4.0,9.0,2.7,нет,нет,2025,кирпичный,частично,0.951
40000000.0,100.0,раздельный,нет,7.0,9.0,2.8,нет,нет,2023,кирпичный,частично,1.294
30500000.0,96.0,совмещенный,нет,5.0,5.0,2.7,нет,нет,2011,кирпичный,полностью,0.306
10500000.0,60.0,раздельный,нет,2.0,2.0,2.7,нет,нет,1960,иной,полностью,0.423
14200000.0,41.0,раздельный,нет,7.0,9.0,2.7,нет,нет,2020,кирпичный,частично,3.296
16500000.0,40.0,раздельный,нет,4.0,5.0,2.7,нет,нет,2024,кирпичный,частично,1.675
22000000.0,78.5,раздельный,балкон,4.0,5.0,2.7,нет,нет,1985,кирпичный,частично,3.607
20500000.0,60.0,раздельный,нет,4.0,5.0,2.7,нет,нет,1998,кирпичный,частично,2.677
11500000.0,39.0,раздельный,нет,2.0,9.0,2.7,нет,нет,2014,кирпичный,частично,4.276
18500000.0,51.3,раздельный,нет,2.0,6.0,2.7,нет,нет,1990,панельный,частично,2.379
25000000.0,60.0,раздельный,нет,2.0,5.0,2.7,нет,нет,1997,кирпичный,частично,3.55
11300000.0,35.0,раздельный,нет,6.0,9.0,2.7,нет,нет,1989,панельный,частично,2.315
20570350.0,69.73,раздельный,нет,3.0,9.0,2.7,нет,нет,2025,кирпичный,частично,0.951
24500000.0,85.5,раздельный,нет,5.0,6.0,2.7,нет,нет,1992,панельный,частично,3.244
16800000.0,64.0,раздельный,нет,1.0,6.0,2.7,нет,нет,1992,кирпичный,частично,2.677
12000000.0,52.0,раздельный,нет,1.0,5.0,2.7,нет,нет,1975,кирпичный,частично,4.183
15300000.0,40.5,раздельный,нет,4.0,5.0,2.7,нет,нет,2023,кирпичный,частично,0.53
15500000.0,47.0,совмещенный,нет,2.0,5.0,2.7,нет,нет,2019,кирпичный,частично,4.546
16500000.0,77.5,раздельный,нет,5.0,5.0,2.7,нет,нет,1997,кирпичный,частично,3.552
19500000.0,64.9,раздельный,нет,4.0,5.0,2.5,нет,нет,1981,кирпичный,без мебели,1.146
18163200.0,56.76,раздельный,лоджия,4.0,5.0,2.7,нет,нет,2024,кирпичный,частично,2.677
12000000.0,47.0,раздельный,нет,5.0,5.0,2.7,нет,нет,1974,кирпичный,частично,1.143
10000000.0,37.0,раздельный,нет,4.0,5.0,2.7,нет,нет,1977,панельный,частично,4.337
16500000.0,77.0,раздельный,нет,5.0,5.0,2.7,нет,нет,1996,кирпичный,частично,3.552
19500000.0,62.0,раздельный,нет,4.0,5.0,2.7,нет,нет,1990,кирпичный,полностью,3.63
19200000.0,69.0,раздельный,нет,8.0,9.0,2.7,нет,нет,2022,кирпичный,частично,1.324
25000000.0,68.0,раздельный,нет,4.0,5.0,2.7,нет,нет,2007,кирпичный,частично,2.677
19035000.0,63.45,раздельный,несколько балконов или лоджий,5.0,5.0,2.75,нет,нет,2024,кирпичный,частично,1.827
11000000.0,32.0,раздельный,нет,1.0,5.0,2.7,нет,нет,1984,панельный,частично,3.491
18650000.0,66.5,совмещенный,лоджия,5.0,5.0,2.7,нет,нет,2024,кирпичный,частично,1.73
23000000.0,70.0,раздельный,нет,6.0,9.0,2.7,нет,нет,1990,панельный,частично,2.469
35000000.0,96.0,раздельный,нет,9.0,10.0,2.7,нет,нет,2019,кирпичный,полностью,2.079
13900000.0,41.2,раздельный,нет,5.0,5.0,2.8,нет,нет,2018,кирпичный,полностью,1.941
9500000.0,45.0,раздельный,нет,1.0,5.0,2.5,нет,нет,1984,кирпичный,частично,3.401
20000000.0,77.5,совмещенный,нет,8.0,9.0,2.7,нет,нет,1993,кирпичный,частично,2.726
16500000.0,40.0,совмещенный,нет,7.0,10.0,2.7,нет,нет,2018,кирпичный,полностью,0.574
13000000.0,45.0,раздельный,нет,1.0,5.0,2.7,нет,нет,1990,кирпичный,полностью,0.633
19000000.0,62.0,раздельный,балкон,5.0,5.0,2.7,нет,нет,1988,кирпичный,полностью,1.597
27000000.0,84.0,раздельный,нет,7.0,9.0,2.7,нет,нет,2023,кирпичный,частично,4.193
33500000.0,98.0,раздельный,нет,3.0,9.0,2.7,нет,нет,2020,кирпичный,частично,3.796
14800000.0,53.0,раздельный,нет,3.0,5.0,2.7,нет,нет,1976,кирпичный,частично,1.887
26000000.0,60.0,раздельный,нет,5.0,5.0,2.7,нет,нет,2023,кирпичный,частично,1.651
10000000.0,30.0,раздельный,нет,3.0,5.0,2.7,нет,нет,1974,кирпичный,частично,3.798
17500000.0,56.8,раздельный,нет,3.0,5.0,2.5,нет,нет,1990,монолитный,частично,3.527
17500000.0,53.0,раздельный,нет,4.0,6.0,2.7,нет,нет,1993,панельный,частично,3.454
13500000.0,40.0,раздельный,нет,3.0,5.0,2.7,нет,нет,1970,кирпичный,частично,1.103
9000000.0,40.0,раздельный,нет,2.0,5.0,2.7,да,нет,1985,панельный,частично,3.716
19000000.0,77.0,раздельный,нет,1.0,5.0,2.7,нет,нет,1984,панельный,частично,3.919
20500000.0,57.4,раздельный,нет,3.0,5.0,2.7,нет,нет,1986,иной,частично,1.403
8700000.0,32.0,раздельный,нет,4.0,4.0,2.7,нет,нет,1966,кирпичный,частично,1.103
45700000.0,126.0,2 с/у и более,нет,4.0,5.0,2.7,нет,нет,2020,кирпичный,полностью,1.597
11000000.0,45.0,совмещенный,балкон,3.0,3.0,2.7,нет,нет,1974,панельный,частично,2.838
14000000.0,49.0,раздельный,лоджия,1.0,5.0,2.7,нет,нет,2024,кирпичный,частично,1.827
16296000.0,58.2,раздельный,нет,5.0,5.0,2.7,нет,нет,2024,кирпичный,частично,1.73
23115000.0,77.05,раздельный,балкон,4.0,5.0,2.75,нет,нет,2024,кирпичный,частично,1.827
19800000.0,69.0,раздельный,лоджия,2.0,9.0,2.8,нет,нет,1990,панельный,частично,2.624
9300000.0,31.0,совмещенный,нет,3.0,4.0,2.7,нет,нет,1965,кирпичный,частично,2.579
16762000.0,57.8,раздельный,нет,4.0,5.0,2.7,нет,нет,2024,кирпичный,частично,1.73
13800000.0,42.0,раздельный,нет,9.0,9.0,2.7,нет,нет,2019,кирпичный,частично,3.296
9000000.0,30.0,раздельный,нет,3.0,5.0,2.7,нет,нет,1967,панельный,частично,0.251
16500000.0,42.0,раздельный,лоджия,2.0,5.0,2.7,нет,нет,2021,кирпичный,полностью,3.296
21000000.0,47.2,раздельный,нет,5.0,10.0,2.7,нет,нет,2023,кирпичный,частично,1.241
17340000.0,57.8,раздельный,нет,2.0,5.0,2.7,нет,нет,2024,кирпичный,частично,1.73
17000000.0,45.0,раздельный,нет,5.0,5.0,2.7,нет,нет,1970,кирпичный,частично,0.626
16700000.0,60.0,раздельный,нет,6.0,9.0,2.7,нет,нет,1991,панельный,частично,2.228
15000000.0,46.4,раздельный,нет,4.0,5.0,2.7,нет,нет,2019,кирпичный,частично,4.415
12500000.0,52.0,раздельный,нет,4.0,6.0,2.7,нет,нет,1987,панельный,частично,2.228
13400000.0,40.0,раздельный,нет,2.0,9.0,2.7,нет,нет,2014,кирпичный,частично,2.195
11300000.0,45.0,раздельный,нет,5.0,5.0,2.7,нет,нет,2020,кирпичный,частично,4.193
24852000.0,87.2,раздельный,несколько балконов или лоджий,4.0,5.0,2.75,нет,нет,2024,кирпичный,частично,1.827
3300000.0,14.0,совмещенный,балкон,5.0,5.0,2.5,нет,нет,1987,кирпичный,полностью,1.19
10300000.0,30.0,раздельный,нет,3.0,5.0,2.7,нет,нет,1975,кирпичный,частично,3.984
11000000.0,30.0,раздельный,нет,3.0,5.0,2.7,нет,нет,1968,кирпичный,частично,1.58
16042000.0,49.36,раздельный,нет,2.0,9.0,2.8,нет,нет,2023,кирпичный,без мебели,1.294
13000000.0,46.8,совмещенный,нет,5.0,5.0,2.7,нет,нет,1982,панельный,частично,3.818
22500000.0,65.0,раздельный,балкон и лоджия,7.0,9.0,2.7,нет,нет,2023,кирпичный,частично,1.241
18000000.0,57.0,совмещенный,нет,5.0,5.0,2.7,нет,В залоге,2022,кирпичный,частично,4.193
13500000.0,40.0,раздельный,лоджия,3.0,5.0,2.7,нет,нет,2023,кирпичный,частично,1.651
23500750.0,72.31,раздельный,нет,2.0,9.0,2.8,нет,нет,2023,кирпичный,без мебели,1.294
15000000.0,59.0,раздельный,балкон,3.0,4.0,2.7,нет,нет,1973,кирпичный,частично,0.956
16500000.0,60.0,раздельный,лоджия,4.0,5.0,2.7,нет,нет,1976,кирпичный,частично,1.637
55000000.0,143.0,раздельный,нет,1.0,10.0,2.8,нет,нет,2023,кирпичный,частично,4.432
15500000.0,49.0,раздельный,нет,7.0,9.0,2.5,нет,нет,1983,кирпичный,частично,0.915
20000000.0,52.0,раздельный,нет,7.0,9.0,2.7,нет,нет,2005,панельный,частично,1.682
15800000.0,50.0,раздельный,лоджия,2.0,9.0,2.7,нет,нет,2023,кирпичный,частично,1.241
8500000.0,42.6,совмещенный,балкон,3.0,4.0,2.7,нет,нет,1965,кирпичный,полностью,2.3
20160000.0,72.0,раздельный,нет,5.0,9.0,2.7,нет,нет,2023,кирпичный,частично,2.582
15800000.0,50.0,раздельный,лоджия,1.0,9.0,2.7,нет,нет,2023,кирпичный,частично,1.241
7000000.0,31.0,совмещенный,нет,3.0,3.0,2.7,нет,нет,1963,кирпичный,частично,1.6
25000000.0,64.0,раздельный,нет,8.0,9.0,2.7,нет,нет,2020,кирпичный,частично,3.836
11000000.0,36.1,раздельный,нет,2.0,9.0,2.7,нет,нет,1983,панельный,частично,3.071
17700000.0,68.0,раздельный,нет,2.0,5.0,2.7,нет,нет,2024,кирпичный,частично,1.402
17000000.0,60.0,раздельный,нет,3.0,5.0,2.7,нет,нет,1984,кирпичный,частично,3.681
23040000.0,76.8,раздельный,нет,1.0,5.0,2.7,нет,нет,2024,кирпичный,частично,1.73
27000000.0,68.0,раздельный,нет,4.0,5.0,2.8,нет,нет,2023,кирпичный,частично,0.764
9300000.0,30.0,раздельный,нет,5.0,5.0,2.7,нет,нет,1968,кирпичный,частично,0.701
37000000.0,79.6,раздельный,нет,8.0,9.0,2.7,нет,нет,2021,кирпичный,частично,4.193
17500000.0,65.0,раздельный,нет,1.0,5.0,2.7,нет,нет,1989,панельный,частично,2.181
18468000.0,68.4,раздельный,нет,2.0,5.0,2.7,нет,нет,2025,кирпичный,без мебели,1.73
19000000.0,61.0,раздельный,нет,5.0,5.0,2.7,нет,нет,2017,кирпичный,частично,0.897
16000000.0,62.0,нет,нет,5.0,5.0,2.7,нет,нет,1984,панельный,частично,3.358
20000000.0,39.0,раздельный,нет,2.0,6.0,2.7,нет,нет,2024,кирпичный,частично,1.402
26000000.0,62.0,совмещенный,нет,3.0,5.0,2.7,нет,нет,2015,кирпичный,частично,3.527
17276000.0,61.7,совмещенный,нет,5.0,5.0,2.8,нет,нет,2023,кирпичный,без мебели,1.667
15000000.0,51.4,раздельный,нет,7.0,9.0,2.6,нет,нет,2005,панельный,частично,1.85
15000000.0,44.8,совмещенный,нет,4.0,5.0,2.7,нет,нет,1970,кирпичный,частично,1.808
17600000.0,38.0,раздельный,нет,7.0,9.0,2.7,нет,нет,2024,кирпичный,частично,2.726
25000000.0,85.0,раздельный,лоджия,5.0,5.0,2.7,нет,нет,2010,кирпичный,частично,3.454
29200000.0,84.0,раздельный,нет,9.0,10.0,2.7,нет,нет,2024,кирпичный,частично,0.53
19000000.0,77.0,раздельный,нет,1.0,5.0,2.7,нет,нет,1984,панельный,частично,3.358
3800000.0,19.0,2 с/у и более,нет,2.0,5.0,2.2,да,нет,1989,кирпичный,полностью,3.651
15500000.0,60.0,раздельный,нет,5.0,5.0,2.7,нет,нет,1970,кирпичный,частично,0.557
11500000.0,45.0,раздельный,нет,5.0,5.0,2.7,нет,нет,1970,кирпичный,частично,0.649
15764000.0,53.3,совмещенный,нет,5.0,5.0,2.7,нет,нет,2023,кирпичный,без мебели,1.667
19000000.0,70.0,раздельный,нет,6.0,6.0,2.7,нет,нет,1989,кирпичный,полностью,2.818
16500000.0,59.0,раздельный,нет,2.0,5.0,2.7,нет,нет,1978,панельный,частично,3.569
18900000.0,60.0,совмещенный,нет,5.0,5.0,2.7,нет,нет,1988,кирпичный,частично,1.63
27500000.0,80.0,раздельный,нет,9.0,10.0,2.7,нет,нет,2015,кирпичный,частично,0.483
17600000.0,53.0,раздельный,нет,8.0,9.0,2.7,нет,нет,2006,панельный,полностью,1.955
13500000.0,51.0,раздельный,нет,5.0,5.0,2.7,нет,нет,1969,кирпичный,частично,2.175
5000000.0,32.0,совмещенный,нет,4.0,4.0,2.7,да,нет,1976,кирпичный,частично,2.105
30000000.0,73.0,раздельный,нет,3.0,5.0,2.7,нет,нет,2021,кирпичный,частично,1.624
6000000.0,29.0,совмещенный,нет,2.0,4.0,2.7,да,нет,1967,кирпичный,частично,2.232
29540000.0,105.5,раздельный,нет,9.0,10.0,2.7,нет,нет,2023,кирпичный,без мебели,2.624
11300000.0,35.0,раздельный,нет,6.0,9.0,2.7,нет,нет,1990,панельный,частично,2.315
21900000.0,70.0,раздельный,нет,5.0,9.0,2.5,нет,нет,1984,кирпичный,полностью,0.997
27700000.0,87.4,раздельный,нет,4.0,5.0,2.7,нет,нет,2015,кирпичный,полностью,4.321
9700000.0,54.0,совмещенный,нет,2.0,2.0,3.0,нет,нет,1964,кирпичный,частично,1.103
14208000.0,44.4,раздельный,нет,2.0,5.0,2.7,нет,нет,2024,кирпичный,частично,2.677
16300000.0,51.9,раздельный,нет,9.0,9.0,2.7,нет,нет,1988,панельный,частично,2.677
13000000.0,34.0,совмещенный,балкон,3.0,5.0,2.4,нет,нет,1992,иной,частично,3.527
18500000.0,52.0,раздельный,нет,4.0,9.0,2.7,нет,нет,2008,панельный,полностью,2.677
11500000.0,43.7,раздельный,нет,4.0,4.0,2.7,нет,нет,1961,кирпичный,частично,2.714
12000000.0,45.8,раздельный,нет,4.0,5.0,2.7,нет,нет,1974,кирпичный,частично,3.711
18500000.0,62.0,раздельный,нет,6.0,9.0,2.7,нет,нет,1984,кирпичный,частично,1.165
9300000.0,38.8,раздельный,нет,4.0,4.0,2.7,нет,нет,1965,кирпичный,частично,2.714
16800000.0,58.0,раздельный,нет,4.0,5.0,2.7,нет,нет,1996,иной,частично,1.24
28000000.0,100.0,раздельный,балкон и лоджия,4.0,5.0,2.7,нет,нет,2008,кирпичный,частично,3.527
21000000.0,65.8,раздельный,нет,2.0,6.0,2.7,нет,нет,2005,панельный,частично,2.46
17000000.0,68.0,раздельный,нет,2.0,2.0,2.7,нет,нет,1980,кирпичный,частично,2.678
20000000.0,45.0,совмещенный,нет,8.0,9.0,2.8,нет,В залоге,2023,кирпичный,полностью,4.193
11000000.0,52.5,раздельный,нет,5.0,5.0,2.7,нет,нет,1979,кирпичный,частично,3.62
12500000.0,42.0,совмещенный,нет,1.0,5.0,2.7,нет,В залоге,1985,панельный,частично,3.642
15500000.0,51.9,раздельный,нет,7.0,9.0,2.7,нет,нет,2005,панельный,частично,1.845
7000000.0,28.0,совмещенный,нет,5.0,5.0,2.7,да,нет,1987,панельный,частично,1.519
8000000.0,38.0,совмещенный,нет,3.0,5.0,2.0,да,нет,1985,монолитный,частично,1.841
20000000.0,41.1,совмещенный,нет,9.0,10.0,2.7,нет,В залоге,2023,кирпичный,полностью,1.58
17500000.0,65.0,раздельный,нет,4.0,5.0,2.7,нет,нет,1978,кирпичный,частично,3.81
16000000.0,55.0,раздельный,нет,2.0,5.0,2.7,нет,нет,1987,панельный,частично,1.748
15800000.0,52.0,раздельный,нет,4.0,5.0,2.7,нет,нет,1977,панельный,частично,3.798
13000000.0,42.0,раздельный,нет,4.0,5.0,2.7,нет,нет,2023,кирпичный,частично,3.491
18500000.0,50.0,раздельный,нет,3.0,6.0,2.7,нет,нет,2011,кирпичный,частично,2.061
19000000.0,70.0,раздельный,нет,9.0,9.0,2.7,нет,нет,1991,панельный,частично,2.891
14700000.0,49.0,совмещенный,нет,2.0,5.0,2.5,нет,нет,1981,кирпичный,полностью,1.146
7000000.0,28.0,совмещенный,нет,5.0,5.0,2.7,да,нет,1987,панельный,частично,1.519
13500000.0,40.0,раздельный,нет,1.0,9.0,2.7,нет,В залоге,2017,панельный,частично,4.033
16275000.0,65.1,раздельный,нет,10.0,10.0,2.7,нет,нет,2022,кирпичный,частично,2.475
20000000.0,40.0,совмещенный,нет,8.0,9.0,2.8,нет,нет,2021,кирпичный,полностью,3.836
26000000.0,57.9,совмещенный,нет,5.0,5.0,2.8,нет,нет,2023,кирпичный,частично,1.651
23500000.0,52.0,раздельный,нет,2.0,10.0,2.85,нет,нет,2022,кирпичный,полностью,1.884
9500000.0,31.0,совмещенный,нет,3.0,3.0,2.7,нет,нет,1968,панельный,частично,3.396
26500000.0,75.0,раздельный,нет,1.0,5.0,2.7,нет,нет,2014,кирпичный,частично,2.714
15900000.0,52.0,раздельный,нет,5.0,6.0,2.7,нет,нет,1991,кирпичный,частично,0.371
18500000.0,60.0,совмещенный,нет,2.0,5.0,2.7,нет,В залоге,2021,кирпичный,частично,1.103
15500000.0,60.0,раздельный,нет,4.0,5.0,2.7,нет,нет,1984,кирпичный,полностью,3.429
9500000.0,43.0,совмещенный,нет,2.0,3.0,2.7,нет,нет,1962,кирпичный,полностью,2.336
13800000.0,46.0,раздельный,нет,5.0,5.0,2.7,нет,В залоге,2021,кирпичный,частично,4.415
13400000.0,39.9,совмещенный,балкон,3.0,5.0,2.7,нет,нет,2023,кирпичный,частично,1.651
14500000.0,40.0,совмещенный,нет,1.0,9.0,2.7,нет,нет,2021,кирпичный,частично,3.296
15000000.0,59.0,раздельный,нет,4.0,5.0,3.0,нет,нет,1983,панельный,частично,3.436
24500000.0,63.0,раздельный,нет,5.0,5.0,2.7,нет,В залоге,2023,кирпичный,частично,1.036
13000000.0,38.6,раздельный,нет,4.0,5.0,2.7,нет,нет,2024,кирпичный,частично,1.827
16500000.0,49.7,раздельный,нет,2.0,5.0,2.6,нет,нет,1984,панельный,частично,4.263
11000000.0,46.0,раздельный,нет,4.0,5.0,2.7,нет,нет,1980,кирпичный,частично,1.094
15000000.0,60.0,раздельный,нет,4.0,5.0,2.7,нет,нет,1992,кирпичный,частично,3.491
19500000.0,80.5,раздельный,нет,6.0,6.0,2.7,нет,нет,1989,панельный,частично,2.228
18500000.0,59.0,раздельный,балкон,3.0,5.0,2.7,нет,нет,1976,кирпичный,частично,1.387
22500000.0,56.7,совмещенный,нет,8.0,9.0,2.7,нет,нет,2020,кирпичный,частично,3.858
20500000.0,57.4,раздельный,нет,3.0,6.0,2.5,нет,нет,1986,кирпичный,частично,1.403
8500000.0,35.0,совмещенный,нет,1.0,2.0,3.0,нет,нет,1963,кирпичный,частично,1.913
19500000.0,70.2,раздельный,нет,6.0,6.0,2.5,нет,нет,1993,панельный,полностью,3.527
14500000.0,51.0,раздельный,нет,5.0,5.0,2.5,нет,нет,1987,панельный,частично,3.724
8300000.0,49.2,совмещенный,нет,3.0,9.0,2.7,да,нет,1986,кирпичный,частично,1.58
17200000.0,51.0,раздельный,нет,4.0,5.0,2.5,нет,В залоге,1989,кирпичный,полностью,3.491
10000000.0,42.0,совмещенный,нет,3.0,5.0,2.7,нет,нет,1982,кирпичный,частично,1.247
19000000.0,63.0,раздельный,нет,1.0,5.0,2.7,нет,нет,2015,кирпичный,частично,4.375
15500000.0,55.0,раздельный,нет,3.0,5.0,2.5,нет,нет,1977,панельный,частично,3.928
50000000.0,89.7,раздельный,нет,2.0,5.0,3.0,нет,нет,2014,кирпичный,частично,0.778
63500000.0,112.0,2 с/у и более,нет,1.0,9.0,2.7,нет,нет,2020,кирпичный,полностью,0.753
57000000.0,110.0,раздельный,нет,4.0,9.0,2.8,нет,нет,2019,кирпичный,полностью,0.524
26000000.0,67.0,раздельный,балкон,4.0,5.0,2.8,нет,нет,2020,кирпичный,полностью,0.319
16000000.0,44.0,совмещенный,нет,9.0,9.0,2.7,нет,нет,2020,кирпичный,полностью,0.47
35000000.0,106.0,совмещенный,нет,4.0,9.0,2.7,нет,нет,2009,кирпичный,частично,0.378
9200000.0,60.0,раздельный,нет,1.0,4.0,2.7,нет,нет,1967,панельный,частично,2.466
14100000.0,50.0,раздельный,нет,1.0,6.0,2.7,нет,нет,1989,панельный,частично,2.228
17800000.0,62.0,раздельный,нет,2.0,5.0,2.7,нет,нет,2009,кирпичный,частично,2.969
14500000.0,52.8,раздельный,нет,3.0,5.0,2.5,нет,В залоге,1984,панельный,частично,3.351
24500000.0,60.0,совмещенный,нет,2.0,5.0,2.8,нет,нет,2023,кирпичный,частично,1.705
48000000.0,100.0,2 с/у и более,лоджия,1.0,9.0,3.0,нет,нет,2022,кирпичный,частично,1.588
14000000.0,55.0,раздельный,нет,9.0,9.0,2.9,нет,нет,1991,панельный,полностью,3.292
27000000.0,82.0,раздельный,несколько балконов или лоджий,4.0,5.0,2.7,нет,нет,2010,кирпичный,частично,3.527
8900000.0,30.0,совмещенный,нет,4.0,5.0,2.7,нет,нет,1973,кирпичный,частично,1.103
19500000.0,64.0,раздельный,нет,4.0,4.0,2.7,нет,нет,2019,кирпичный,полностью,2.764
16500000.0,40.0,совмещенный,нет,4.0,5.0,2.8,нет,В залоге,2024,кирпичный,частично,1.568
12000000.0,40.0,раздельный,нет,4.0,10.0,2.7,нет,нет,2024,кирпичный,частично,4.193
10500000.0,37.0,раздельный,балкон,5.0,5.0,2.7,нет,нет,1975,панельный,частично,3.348
12000000.0,42.0,раздельный,нет,3.0,5.0,2.55,нет,нет,1976,кирпичный,полностью,3.711
37500000.0,90.0,совмещенный,нет,4.0,5.0,2.8,нет,нет,2019,кирпичный,частично,1.329
8500000.0,45.0,раздельный,нет,1.0,3.0,2.7,нет,нет,1974,панельный,частично,2.791
8950000.0,49.0,раздельный,нет,3.0,5.0,2.7,нет,нет,1981,кирпичный,частично,2.314
46000000.0,106.1,2 с/у и более,несколько балконов или лоджий,6.0,9.0,2.7,нет,нет,2023,кирпичный,частично,2.159
16500000.0,39.0,раздельный,нет,5.0,5.0,2.7,нет,нет,2024,кирпичный,частично,1.827
29999999.0,75.0,раздельный,нет,1.0,5.0,2.7,нет,нет,1987,панельный,частично,1.748
75000000.0,130.0,раздельный,нет,9.0,9.0,2.7,нет,нет,2020,кирпичный,частично,0.641
30500000.0,63.0,совмещенный,нет,3.0,9.0,2.75,нет,нет,2018,кирпичный,полностью,0.615
52000000.0,106.5,раздельный,нет,2.0,10.0,2.7,нет,нет,2024,кирпичный,частично,0.584
40000000.0,85.0,совмещенный,нет,9.0,9.0,2.85,нет,нет,2022,кирпичный,частично,1.884
9900000.0,30.0,совмещенный,балкон,2.0,5.0,2.7,нет,нет,1987,кирпичный,частично,3.724
28200000.0,91.0,раздельный,нет,5.0,5.0,2.8,нет,нет,2024,кирпичный,частично,2.949
9700000.0,40.1,раздельный,нет,4.0,4.0,2.7,нет,нет,1978,кирпичный,частично,0.766
17500000.0,67.0,раздельный,нет,8.0,9.0,2.7,нет,нет,2024,кирпичный,частично,1.288
21000000.0,46.0,совмещенный,лоджия,5.0,10.0,2.7,нет,нет,2019,кирпичный,без мебели,0.615
14000000.0,42.4,раздельный,лоджия,3.0,5.0,2.7,нет,нет,2023,кирпичный,частично,2.35
21000000.0,64.0,раздельный,нет,4.0,5.0,2.7,нет,нет,1975,кирпичный,полностью,1.414
7500000.0,20.0,совмещенный,нет,3.0,5.0,2.7,нет,нет,1986,кирпичный,частично,1.48
25500000.0,80.0,раздельный,нет,9.0,10.0,2.7,нет,нет,2023,кирпичный,частично,1.58
16500000.0,52.0,раздельный,нет,4.0,5.0,2.7,нет,нет,1981,кирпичный,частично,3.464
19500000.0,60.0,раздельный,балкон,2.0,9.0,2.7,нет,нет,2016,кирпичный,частично,4.193
21500000.0,80.0,раздельный,нет,3.0,6.0,2.7,нет,нет,1990,панельный,частично,2.228
14500000.0,42.4,раздельный,нет,3.0,5.0,2.7,нет,нет,2023,кирпичный,частично,2.35
17000000.0,58.0,совмещенный,лоджия,2.0,5.0,3.0,нет,нет,2024,кирпичный,без мебели,1.73
21000000.0,52.0,раздельный,нет,3.0,5.0,2.7,нет,нет,2021,кирпичный,частично,1.745
32000000.0,68.0,раздельный,нет,3.0,9.0,3.0,нет,нет,2020,кирпичный,полностью,0.914
4200000.0,19.9,совмещенный,нет,2.0,5.0,2.7,нет,нет,1988,панельный,частично,1.272
9000000.0,35.8,совмещенный,нет,4.0,5.0,2.6,нет,нет,1985,кирпичный,частично,3.716
16000000.0,46.0,раздельный,нет,2.0,5.0,2.7,нет,нет,2021,кирпичный,полностью,4.442
19000000.0,77.0,раздельный,нет,1.0,5.0,2.7,нет,нет,1984,панельный,частично,3.358
22500000.0,56.7,совмещенный,нет,8.0,9.0,2.7,нет,нет,2020,кирпичный,частично,3.858
14500000.0,51.0,раздельный,нет,5.0,5.0,2.7,нет,нет,1987,панельный,частично,3.724
13000000.0,42.0,раздельный,нет,3.0,5.0,2.7,нет,нет,1974,кирпичный,частично,1.414
19500000.0,62.0,раздельный,нет,5.0,6.0,2.7,нет,нет,1986,кирпичный,частично,1.463
19000000.0,54.0,раздельный,нет,3.0,9.0,2.7,нет,нет,2005,панельный,полностью,1.58
21000000.0,80.0,раздельный,нет,4.0,5.0,2.7,нет,нет,1984,панельный,полностью,3.351
15500000.0,45.0,раздельный,нет,5.0,5.0,2.8,нет,нет,1972,кирпичный,частично,0.887
50000000.0,112.0,2 с/у и более,нет,6.0,9.0,2.7,нет,В залоге,2020,кирпичный,частично,0.753
14000000.0,38.0,совмещенный,нет,3.0,9.0,2.7,нет,В залоге,2019,кирпичный,полностью,4.423
6000000.0,44.0,раздельный,нет,1.0,2.0,2.7,нет,нет,1968,кирпичный,частично,1.166
14000000.0,50.0,раздельный,нет,5.0,6.0,2.7,нет,нет,1990,панельный,частично,1.538
25500000.0,71.0,совмещенный,нет,2.0,6.0,2.7,нет,нет,2011,кирпичный,частично,2.061
10800000.0,39.0,совмещенный,нет,8.0,9.0,2.7,нет,нет,2024,кирпичный,частично,1.407
10500000.0,33.0,раздельный,нет,3.0,5.0,3.0,нет,нет,1988,панельный,полностью,1.272
19300000.0,70.0,раздельный,нет,8.0,9.0,2.7,нет,нет,1987,кирпичный,частично,1.093
18000000.0,60.8,раздельный,нет,6.0,6.0,2.7,нет,нет,1991,кирпичный,частично,1.669
23000000.0,80.0,раздельный,нет,4.0,5.0,2.7,нет,нет,1985,панельный,частично,3.436
52000000.0,133.0,совмещенный,нет,5.0,5.0,3.0,нет,нет,2014,кирпичный,частично,2.714
12000000.0,47.7,раздельный,нет,5.0,5.0,2.7,нет,нет,1974,кирпичный,частично,1.143
6500000.0,19.1,раздельный,нет,5.0,5.0,2.5,да,нет,1978,кирпичный,частично,3.822
21900000.0,75.9,раздельный,нет,4.0,5.0,2.7,нет,нет,2012,кирпичный,полностью,3.733
23000000.0,79.0,раздельный,балкон,4.0,5.0,2.7,нет,нет,1978,панельный,полностью,3.62
17500000.0,58.0,раздельный,нет,5.0,5.0,2.7,нет,нет,1982,панельный,частично,0.182
3900000.0,14.0,совмещенный,нет,2.0,5.0,2.6,нет,нет,1988,панельный,частично,1.272
24000000.0,85.0,раздельный,нет,4.0,5.0,2.7,нет,нет,2010,кирпичный,частично,2.505
22500000.0,66.0,раздельный,нет,2.0,6.0,2.7,нет,нет,2006,панельный,частично,2.46
38000000.0,67.0,раздельный,нет,5.0,10.0,2.7,нет,В залоге,2022,кирпичный,полностью,0.756
25000000.0,81.2,раздельный,нет,5.0,6.0,2.6,нет,нет,1989,панельный,частично,2.296
20000000.0,63.0,раздельный,нет,7.0,9.0,2.7,нет,нет,2019,кирпичный,частично,4.423
4800000.0,30.0,совмещенный,нет,1.0,2.0,2.7,нет,нет,1960,кирпичный,частично,1.445
14700000.0,52.0,раздельный,нет,3.0,5.0,2.4,нет,нет,1976,кирпичный,частично,1.103
54000000.0,109.0,2 с/у и более,несколько балконов или лоджий,6.0,9.0,3.0,нет,нет,2022,кирпичный,полностью,1.064
27500000.0,63.0,совмещенный,лоджия,6.0,9.0,2.7,нет,нет,2023,кирпичный,частично,1.407
22000000.0,60.0,совмещенный,нет,9.0,9.0,2.7,нет,нет,2021,кирпичный,частично,1.067
21000000.0,55.5,раздельный,нет,2.0,3.0,3.0,нет,нет,2023,кирпичный,частично,3.479
8200000.0,40.0,раздельный,нет,3.0,5.0,2.5,нет,нет,1980,кирпичный,частично,1.84
18500000.0,58.9,раздельный,нет,3.0,5.0,2.7,нет,нет,1992,кирпичный,частично,2.095
16100800.0,43.0,совмещенный,нет,2.0,10.0,2.8,нет,нет,2023,кирпичный,частично,0.982
12000000.0,51.9,раздельный,нет,5.0,5.0,2.7,нет,нет,1978,панельный,частично,3.901
30000000.0,93.0,раздельный,несколько балконов или лоджий,4.0,8.0,2.7,нет,нет,1989,кирпичный,полностью,1.463
18000000.0,42.6,совмещенный,нет,1.0,5.0,2.5,нет,нет,2018,кирпичный,частично,1.649
15000000.0,43.0,совмещенный,нет,5.0,5.0,2.7,нет,нет,1970,кирпичный,частично,0.626
4500000.0,22.0,раздельный,нет,3.0,5.0,2.7,нет,нет,1988,кирпичный,частично,1.195
15200000.0,54.0,раздельный,нет,4.0,4.0,2.7,нет,нет,1964,кирпичный,частично,2.054
19000000.0,59.0,совмещенный,нет,4.0,5.0,2.7,нет,нет,1969,кирпичный,частично,1.295
9500000.0,39.0,совмещенный,лоджия,4.0,5.0,2.7,нет,нет,1979,кирпичный,частично,3.712
15500000.0,57.0,раздельный,нет,4.0,5.0,2.7,нет,нет,1969,панельный,частично,1.521
10900000.0,42.2,раздельный,нет,3.0,3.0,2.7,нет,В залоге,1959,кирпичный,частично,2.791
11900000.0,42.1,раздельный,нет,3.0,3.0,2.7,нет,нет,1959,кирпичный,частично,2.791
11500000.0,32.0,совмещенный,нет,5.0,5.0,2.7,нет,нет,1973,кирпичный,полностью,0.914
18000000.0,67.4,раздельный,нет,6.0,9.0,2.7,нет,нет,1993,панельный,частично,3.301
28000000.0,89.0,2 с/у и более,нет,7.0,12.0,2.7,нет,нет,2019,монолитный,полностью,4.321
16500000.0,55.6,совмещенный,нет,2.0,4.0,2.5,нет,нет,1972,панельный,полностью,0.803
38000000.0,90.0,раздельный,нет,7.0,9.0,2.7,нет,В залоге,2020,кирпичный,частично,3.33
29500000.0,73.4,совмещенный,нет,1.0,5.0,2.8,нет,нет,2021,кирпичный,полностью,1.624
16500000.0,42.0,раздельный,нет,4.0,4.0,2.7,нет,нет,1963,кирпичный,частично,2.045
22800000.0,60.0,раздельный,нет,4.0,5.0,2.7,нет,нет,1987,кирпичный,частично,0.501
15500000.0,47.82,раздельный,нет,3.0,5.0,3.0,нет,нет,2023,кирпичный,частично,3.491
29000000.0,80.0,2 с/у и более,нет,6.0,9.0,3.0,нет,нет,2022,кирпичный,полностью,2.159
15500000.0,52.0,раздельный,нет,5.0,9.0,2.7,нет,нет,1990,панельный,полностью,2.834
14000000.0,51.0,раздельный,нет,7.0,9.0,2.7,нет,нет,1996,панельный,частично,3.648
15000000.0,52.0,раздельный,нет,9.0,9.0,2.7,нет,В залоге,1989,панельный,частично,2.677
34000000.0,85.0,раздельный,нет,8.0,9.0,2.7,нет,нет,2022,кирпичный,частично,1.324
12000000.0,45.6,совмещенный,нет,10.0,10.0,2.7,нет,нет,2024,кирпичный,частично,1.132
51000000.0,99.0,раздельный,нет,6.0,9.0,2.7,нет,нет,2021,кирпичный,частично,1.884
27000000.0,60.0,раздельный,нет,4.0,9.0,2.7,нет,нет,2023,кирпичный,полностью,1.27
24500000.0,79.0,раздельный,балкон,2.0,5.0,2.7,нет,В залоге,1984,кирпичный,частично,3.286
13000000.0,30.0,совмещенный,нет,9.0,9.0,2.7,нет,нет,2023,кирпичный,частично,2.082
26000000.0,63.0,совмещенный,нет,1.0,6.0,2.7,нет,нет,1992,иной,частично,2.677
14700000.0,38.4,раздельный,нет,7.0,9.0,2.7,нет,нет,2017,кирпичный,частично,3.454
42000000.0,106.0,2 с/у и более,нет,2.0,5.0,2.8,нет,нет,1993,кирпичный,частично,0.815
18000000.0,34.7,раздельный,нет,1.0,5.0,2.7,нет,нет,1985,панельный,частично,1.559
20000000.0,41.5,раздельный,нет,5.0,9.0,2.7,нет,нет,2021,кирпичный,частично,0.47
12000000.0,42.0,раздельный,нет,3.0,5.0,2.7,нет,нет,1974,кирпичный,частично,3.711
15000000.0,51.5,раздельный,лоджия,3.0,5.0,2.7,нет,нет,1988,панельный,частично,3.662
34885000.0,91.83,раздельный,нет,5.0,9.0,2.7,нет,нет,2025,кирпичный,частично,1.58
8500000.0,48.9,раздельный,нет,2.0,4.0,2.7,да,нет,1962,кирпичный,частично,2.041
41000000.0,108.0,совмещенный,нет,9.0,9.0,3.0,нет,нет,2017,кирпичный,полностью,1.103
10500000.0,38.0,совмещенный,балкон и лоджия,4.0,5.0,3.0,нет,В залоге,1985,кирпичный,полностью,3.657
21000000.0,55.7,раздельный,нет,5.0,5.0,2.7,нет,нет,1975,кирпичный,частично,1.502
16300000.0,60.0,раздельный,нет,5.0,5.0,2.7,нет,нет,1989,кирпичный,полностью,3.437
100000000.0,151.0,раздельный,нет,3.0,9.0,3.0,нет,нет,2023,кирпичный,частично,1.599
27500000.0,83.5,раздельный,нет,6.0,9.0,2.7,нет,нет,2017,панельный,полностью,4.033
20000000.0,75.6,раздельный,нет,6.0,6.0,2.7,нет,нет,1992,иной,частично,1.929
26000000.0,57.9,совмещенный,нет,5.0,5.0,2.7,нет,нет,2023,кирпичный,полностью,1.651
8500000.0,30.0,совмещенный,балкон,3.0,4.0,2.7,нет,нет,1966,кирпичный,частично,2.714
20000000.0,60.0,совмещенный,нет,2.0,5.0,2.7,нет,нет,1977,панельный,частично,3.703
36500000.0,85.0,2 с/у и более,несколько балконов или лоджий,9.0,9.0,2.7,нет,нет,2022,кирпичный,полностью,1.407
20000000.0,41.0,совмещенный,нет,9.0,10.0,2.8,нет,нет,2022,кирпичный,полностью,1.58
25500000.0,64.0,раздельный,нет,2.0,5.0,2.7,нет,нет,1990,кирпичный,частично,1.656
16000000.0,48.7,раздельный,нет,4.0,5.0,2.7,нет,нет,2018,кирпичный,частично,1.649
16500000.0,56.0,раздельный,лоджия,5.0,5.0,2.7,нет,нет,1988,панельный,частично,1.34
18500000.0,62.6,раздельный,нет,1.0,5.0,2.7,нет,нет,1992,кирпичный,частично,2.874
11500000.0,43.7,раздельный,нет,5.0,5.0,2.7,нет,нет,1968,кирпичный,частично,0.365
10000000.0,28.8,совмещенный,нет,1.0,5.0,2.7,нет,нет,1972,кирпичный,полностью,1.612
18500000.0,81.0,раздельный,балкон,5.0,5.0,2.7,нет,нет,1985,панельный,полностью,3.471
9000000.0,35.8,совмещенный,нет,4.0,5.0,2.6,нет,нет,1985,панельный,частично,3.716
7805000.0,35.0,раздельный,нет,4.0,6.0,2.75,нет,нет,2024,кирпичный,частично,3.158
24500000.0,66.8,совмещенный,нет,5.0,5.0,2.7,нет,нет,2018,кирпичный,частично,1.569
18500000.0,42.8,совмещенный,лоджия,3.0,9.0,2.7,нет,нет,2021,кирпичный,частично,3.877
6502000.0,29.0,раздельный,нет,5.0,6.0,2.75,нет,нет,2024,кирпичный,частично,3.158
12500000.0,58.0,раздельный,нет,5.0,5.0,2.7,нет,нет,1974,панельный,частично,3.348
37900000.0,89.0,раздельный,нет,3.0,10.0,2.7,нет,нет,2021,монолитный,полностью,0.58
9500000.0,32.1,совмещенный,нет,1.0,5.0,2.7,нет,нет,1980,кирпичный,частично,1.972
15500000.0,60.0,раздельный,нет,4.0,5.0,2.7,нет,нет,1982,панельный,частично,3.818
12500000.0,52.0,раздельный,нет,8.0,9.0,2.7,нет,нет,1990,панельный,частично,3.298
28000000.0,88.0,раздельный,нет,6.0,9.0,2.7,нет,нет,2017,кирпичный,частично,3.527
16000000.0,58.2,раздельный,балкон,1.0,5.0,2.7,нет,нет,1980,кирпичный,полностью,3.86
35500000.0,92.0,раздельный,нет,6.0,9.0,2.7,нет,нет,2018,кирпичный,частично,1.249
16000000.0,40.0,раздельный,нет,2.0,6.0,2.7,нет,нет,1988,панельный,частично,1.873
14500000.0,40.3,совмещенный,лоджия,4.0,9.0,2.7,нет,нет,2014,иной,полностью,4.216
21500000.0,64.0,раздельный,нет,2.0,5.0,2.7,нет,нет,1983,кирпичный,частично,0.167
15500000.0,58.0,совмещенный,нет,2.0,5.0,2.5,нет,нет,1987,иной,частично,1.748
18000000.0,40.0,раздельный,лоджия,5.0,6.0,2.7,нет,нет,2011,кирпичный,полностью,2.061
9000000.0,35.8,совмещенный,нет,4.0,5.0,2.6,да,нет,1985,панельный,частично,3.716
13500000.0,40.0,совмещенный,нет,3.0,5.0,2.7,нет,нет,1969,кирпичный,частично,1.103
18000000.0,67.0,раздельный,нет,1.0,9.0,2.7,нет,нет,2004,кирпичный,частично,2.006
13000000.0,46.0,раздельный,нет,1.0,5.0,2.7,нет,нет,2016,кирпичный,полностью,1.58
39500000.0,93.5,2 с/у и более,нет,4.0,5.0,2.8,нет,В залоге,2022,кирпичный,частично,3.296
11500000.0,43.7,раздельный,нет,5.0,5.0,2.7,нет,нет,1968,панельный,частично,0.365
26500000.0,68.0,раздельный,нет,4.0,5.0,2.7,нет,нет,2023,кирпичный,частично,1.072
18500000.0,60.0,раздельный,нет,2.0,5.0,2.7,нет,нет,2018,кирпичный,частично,4.447
33000000.0,71.0,раздельный,нет,7.0,9.0,2.75,нет,нет,2018,кирпичный,полностью,1.249
21500000.0,68.5,раздельный,нет,8.0,10.0,2.7,нет,нет,2024,кирпичный,частично,0.756
24000000.0,88.0,раздельный,нет,2.0,5.0,2.7,нет,нет,2021,кирпичный,частично,4.415
15500000.0,50.0,раздельный,лоджия,7.0,9.0,2.7,нет,нет,2005,кирпичный,частично,1.845
27000000.0,84.0,раздельный,нет,9.0,9.0,2.7,нет,нет,2020,монолитный,частично,3.265
13500000.0,39.2,раздельный,нет,1.0,8.0,2.7,нет,нет,2017,кирпичный,частично,1.407
16500000.0,80.1,раздельный,нет,5.0,5.0,2.7,нет,нет,1987,панельный,частично,1.748
27000000.0,62.0,раздельный,нет,6.0,9.0,2.8,нет,нет,2021,кирпичный,частично,3.296
17500000.0,42.0,раздельный,нет,1.0,5.0,2.7,нет,нет,2016,кирпичный,частично,4.193
8900000.0,40.0,совмещенный,балкон,3.0,4.0,2.5,нет,нет,1963,кирпичный,полностью,1.798
15500000.0,50.0,раздельный,нет,7.0,9.0,2.7,нет,нет,2005,панельный,частично,1.845
18500000.0,76.0,раздельный,нет,5.0,5.0,2.7,нет,нет,2012,кирпичный,частично,3.751
14000000.0,54.0,совмещенный,нет,5.0,5.0,2.7,нет,нет,1999,панельный,частично,1.575
18500000.0,66.4,раздельный,нет,9.0,9.0,2.7,нет,нет,1983,панельный,частично,3.071
13500000.0,52.0,совмещенный,нет,3.0,9.0,2.7,нет,нет,1984,панельный,частично,2.714
8000000.0,31.0,совмещенный,нет,3.0,4.0,2.7,нет,нет,1965,кирпичный,частично,2.314
21900000.0,63.6,раздельный,несколько балконов или лоджий,1.0,5.0,2.7,нет,нет,2022,кирпичный,частично,3.296
33500000.0,76.5,раздельный,нет,9.0,9.0,2.7,нет,нет,2022,кирпичный,частично,1.599
16500000.0,57.2,раздельный,нет,3.0,5.0,2.7,нет,нет,1977,кирпичный,частично,3.919
22100000.0,72.6,раздельный,нет,5.0,9.0,2.7,нет,нет,2024,кирпичный,частично,0.711
23500000.0,66.0,раздельный,лоджия,7.0,9.0,2.7,нет,нет,2004,панельный,частично,2.006
17500000.0,65.0,раздельный,нет,4.0,5.0,2.7,нет,нет,1978,кирпичный,частично,3.81
14900000.0,41.0,раздельный,нет,9.0,9.0,2.7,нет,нет,2023,кирпичный,частично,4.193
53000000.0,135.0,раздельный,нет,3.0,8.0,2.7,нет,нет,2019,кирпичный,частично,2.899
20000000.0,50.0,раздельный,нет,6.0,9.0,2.7,нет,нет,2023,кирпичный,полностью,1.58
12000000.0,39.4,раздельный,нет,2.0,9.0,2.7,нет,нет,2015,кирпичный,частично,4.276
16500000.0,42.0,раздельный,нет,4.0,5.0,2.7,нет,нет,2023,кирпичный,частично,1.122
33500000.0,90.1,раздельный,нет,5.0,5.0,2.8,нет,нет,2014,кирпичный,частично,0.778
22521400.0,77.66,раздельный,несколько балконов или лоджий,4.0,5.0,2.75,нет,нет,2025,кирпичный,частично,2.322
16200000.0,39.0,совмещенный,нет,8.0,10.0,2.7,нет,нет,2018,кирпичный,частично,0.947
19000000.0,51.5,совмещенный,нет,1.0,9.0,2.7,нет,нет,1993,панельный,полностью,2.408
17500000.0,62.0,раздельный,нет,3.0,5.0,2.7,нет,нет,1994,панельный,частично,2.238
16200000.0,45.5,раздельный,нет,1.0,5.0,2.7,нет,нет,1975,кирпичный,полностью,1.387
26000000.0,68.3,совмещенный,нет,3.0,5.0,2.7,нет,нет,2023,кирпичный,частично,3.491
23500000.0,52.5,совмещенный,лоджия,2.0,9.0,2.85,нет,нет,2022,кирпичный,полностью,1.294
12300000.0,41.0,совмещенный,нет,2.0,5.0,2.7,нет,нет,2025,кирпичный,без мебели,4.193
18000000.0,67.0,раздельный,нет,1.0,6.0,2.7,нет,нет,1992,кирпичный,частично,1.213
8300000.0,30.4,раздельный,нет,1.0,5.0,2.7,нет,нет,1976,панельный,частично,3.798
15450000.0,51.5,совмещенный,нет,3.0,5.0,2.7,нет,нет,2025,кирпичный,без мебели,4.193
14000000.0,50.0,раздельный,нет,1.0,5.0,2.7,нет,нет,2005,панельный,частично,2.46
14900000.0,45.0,раздельный,лоджия,1.0,5.0,2.7,нет,нет,2023,кирпичный,частично,2.677
16500000.0,61.7,раздельный,нет,5.0,5.0,2.7,нет,нет,2010,кирпичный,частично,3.454
11000000.0,40.0,совмещенный,нет,2.0,3.0,2.5,нет,нет,1965,панельный,без мебели,3.437
22800000.0,76.0,раздельный,нет,2.0,5.0,2.7,нет,нет,2025,кирпичный,без мебели,4.193
13900000.0,41.7,совмещенный,нет,2.0,9.0,2.8,нет,нет,2020,кирпичный,без мебели,0.494
22500000.0,64.0,раздельный,нет,3.0,5.0,2.7,нет,нет,2010,кирпичный,частично,3.454
12000000.0,54.0,раздельный,нет,2.0,2.0,2.7,нет,нет,1971,кирпичный,частично,2.687
23500000.0,79.0,раздельный,нет,4.0,5.0,2.7,нет,нет,1984,панельный,частично,3.286
20000000.0,39.0,раздельный,нет,2.0,6.0,2.7,нет,нет,2024,кирпичный,частично,1.568
11800000.0,33.1,раздельный,нет,3.0,5.0,2.7,нет,нет,1992,панельный,частично,3.454
22000000.0,67.5,раздельный,нет,1.0,9.0,2.7,нет,нет,2005,панельный,частично,1.682
14500000.0,51.0,раздельный,нет,5.0,5.0,2.7,нет,нет,1987,панельный,частично,3.724
12000000.0,38.9,совмещенный,нет,5.0,5.0,2.7,нет,нет,2024,кирпичный,без мебели,1.675
15500000.0,56.2,раздельный,нет,1.0,5.0,2.7,нет,нет,1969,кирпичный,частично,0.625
23500000.0,72.0,раздельный,нет,3.0,6.0,2.7,нет,нет,1993,панельный,частично,1.785
17350000.0,57.8,раздельный,лоджия,2.0,5.0,2.7,нет,нет,2024,кирпичный,частично,1.73
21500000.0,52.0,совмещенный,нет,1.0,9.0,2.7,нет,нет,2021,кирпичный,частично,3.877
8200000.0,32.0,раздельный,нет,5.0,5.0,2.7,нет,нет,1979,кирпичный,частично,1.874
10300000.0,40.0,раздельный,нет,5.0,5.0,2.7,нет,нет,1970,кирпичный,частично,1.103
37000000.0,86.0,раздельный,нет,5.0,5.0,2.7,нет,нет,2022,кирпичный,полностью,2.677
12000000.0,42.4,раздельный,нет,3.0,4.0,2.7,нет,нет,1968,кирпичный,частично,2.369
10000000.0,40.0,совмещенный,нет,5.0,5.0,2.8,нет,нет,2024,кирпичный,частично,1.427
23000000.0,62.4,раздельный,нет,4.0,5.0,2.7,нет,нет,2010,кирпичный,частично,3.527
14990000.0,43.3,совмещенный,лоджия,8.0,10.0,2.8,нет,нет,2022,кирпичный,без мебели,1.294
16500000.0,48.0,раздельный,нет,2.0,5.0,2.7,нет,нет,2019,кирпичный,частично,4.485
28500000.0,61.0,раздельный,лоджия,7.0,9.0,2.7,нет,В залоге,2021,кирпичный,частично,3.598
13426000.0,47.95,раздельный,нет,8.0,9.0,2.7,нет,нет,2025,кирпичный,частично,0.951
19516000.0,69.7,раздельный,нет,8.0,9.0,2.7,нет,нет,2025,кирпичный,частично,0.951
26152000.0,93.4,раздельный,нет,8.0,9.0,2.7,нет,нет,2025,кирпичный,частично,0.951
10700000.0,44.4,раздельный,нет,1.0,5.0,2.7,нет,нет,1988,панельный,частично,2.367
23500000.0,52.5,совмещенный,нет,2.0,9.0,2.85,нет,В залоге,2022,кирпичный,частично,1.296
27500000.0,83.5,раздельный,нет,6.0,9.0,2.7,нет,нет,2017,панельный,частично,4.033
22000000.0,46.7,раздельный,нет,3.0,9.0,2.7,нет,нет,2023,кирпичный,частично,1.122
7000000.0,28.0,совмещенный,нет,5.0,5.0,2.7,да,нет,1987,панельный,частично,1.519
24500000.0,62.0,раздельный,нет,4.0,5.0,2.7,нет,нет,1988,панельный,полностью,1.095
12500000.0,41.0,раздельный,нет,4.0,5.0,2.7,нет,нет,2024,кирпичный,частично,1.73
20000000.0,61.0,раздельный,нет,2.0,2.0,3.1,нет,нет,1960,кирпичный,полностью,0.811
17500000.0,60.0,раздельный,нет,4.0,5.0,2.7,нет,нет,1976,кирпичный,частично,2.245
7700000.0,30.0,раздельный,нет,4.0,4.0,2.7,нет,нет,1964,кирпичный,частично,2.714
12500000.0,38.0,раздельный,лоджия,5.0,5.0,2.7,нет,нет,2024,кирпичный,частично,1.73
15000000.0,52.8,раздельный,нет,9.0,10.0,2.7,нет,нет,2021,кирпичный,частично,0.494
10500000.0,36.8,раздельный,балкон,4.0,6.0,2.6,нет,нет,1989,панельный,частично,1.961
10200000.0,35.0,совмещенный,нет,5.0,5.0,2.7,нет,нет,1974,кирпичный,полностью,1.858
17800000.0,58.0,раздельный,нет,1.0,5.0,2.7,нет,В залоге,1998,кирпичный,частично,2.726
29653500.0,111.9,раздельный,нет,3.0,5.0,2.7,нет,нет,2023,панельный,без мебели,4.193
9500000.0,39.0,раздельный,нет,4.0,5.0,2.7,нет,нет,1979,кирпичный,частично,3.712
17500000.0,68.0,раздельный,нет,5.0,6.0,2.7,нет,нет,1993,панельный,полностью,3.527
11500000.0,42.0,совмещенный,нет,2.0,4.0,2.7,нет,нет,1965,кирпичный,частично,2.714
22000000.0,67.5,раздельный,нет,1.0,9.0,2.7,нет,нет,2005,панельный,частично,1.682
16500000.0,59.4,раздельный,нет,1.0,6.0,2.7,нет,нет,1990,иной,частично,1.374
9390000.0,44.0,раздельный,нет,4.0,4.0,2.7,нет,нет,1965,панельный,частично,2.499
17500000.0,39.0,раздельный,лоджия,3.0,5.0,2.7,нет,нет,2022,кирпичный,частично,1.796
10000000.0,24.0,нет,нет,4.0,5.0,2.8,да,нет,1989,кирпичный,полностью,1.58
18000000.0,71.8,раздельный,нет,5.0,5.0,2.7,да,нет,2008,кирпичный,частично,3.85
22000000.0,80.0,раздельный,нет,2.0,5.0,2.7,нет,нет,1994,кирпичный,частично,2.431
7700000.0,28.0,совмещенный,нет,4.0,4.0,2.7,нет,нет,1964,кирпичный,частично,2.341
8300000.0,31.4,совмещенный,нет,2.0,3.0,2.7,нет,нет,1960,кирпичный,частично,1.99
22500000.0,65.0,раздельный,нет,5.0,5.0,3.0,нет,нет,2013,кирпичный,полностью,1.408
19873000.0,69.73,раздельный,лоджия,6.0,9.0,2.7,нет,нет,2025,кирпичный,частично,0.781
20000000.0,46.2,раздельный,нет,4.0,5.0,2.7,нет,В залоге,2020,кирпичный,частично,1.615
24800000.0,68.0,раздельный,нет,4.0,9.0,2.7,нет,нет,2005,панельный,частично,2.006
17500000.0,68.0,раздельный,нет,5.0,6.0,2.7,нет,нет,1993,панельный,частично,3.454
11800000.0,36.9,раздельный,нет,3.0,6.0,2.7,нет,нет,1990,панельный,частично,2.726
13200000.0,54.0,совмещенный,нет,5.0,5.0,2.7,нет,нет,1999,панельный,полностью,1.575
14310000.0,53.0,раздельный,лоджия,2.0,6.0,2.7,нет,нет,2024,кирпичный,частично,1.521
19525000.0,69.73,раздельный,лоджия,8.0,9.0,2.7,нет,нет,2025,кирпичный,частично,0.781
9000000.0,44.0,совмещенный,нет,4.0,4.0,2.7,нет,нет,1965,кирпичный,частично,2.245
13500000.0,38.0,совмещенный,нет,2.0,6.0,2.7,нет,нет,1989,панельный,полностью,2.754
20000000.0,46.2,раздельный,нет,5.0,5.0,2.7,нет,В залоге,2020,кирпичный,частично,1.615
16500000.0,57.7,раздельный,балкон,3.0,5.0,2.7,нет,нет,1977,панельный,частично,3.919
24500000.0,79.7,раздельный,нет,3.0,6.0,2.7,нет,нет,1990,панельный,полностью,2.379
16500000.0,49.6,раздельный,нет,2.0,9.0,2.7,нет,нет,1984,кирпичный,частично,0.853
11000000.0,39.0,совмещенный,нет,2.0,4.0,2.7,нет,нет,1962,кирпичный,частично,2.047
17500000.0,40.0,раздельный,нет,3.0,5.0,2.7,нет,нет,2024,кирпичный,частично,1.675
16000000.0,60.0,раздельный,балкон,5.0,5.0,2.7,нет,нет,1972,панельный,частично,2.903
27000000.0,56.4,раздельный,нет,5.0,9.0,2.7,нет,нет,2023,кирпичный,частично,1.95
3000000.0,18.0,раздельный,нет,4.0,5.0,2.7,нет,нет,1986,кирпичный,частично,3.651
20570000.0,69.73,раздельный,лоджия,3.0,9.0,2.7,нет,нет,2025,кирпичный,частично,0.781
16500000.0,40.0,раздельный,нет,4.0,5.0,2.7,нет,нет,2024,кирпичный,частично,2.322
11000000.0,45.1,раздельный,нет,3.0,3.0,2.7,нет,нет,1974,панельный,частично,2.838
18658000.0,63.25,раздельный,лоджия,2.0,9.0,2.7,нет,нет,2025,кирпичный,частично,0.781
26500000.0,86.2,раздельный,лоджия,7.0,12.0,2.7,нет,нет,2019,монолитный,частично,4.321
7700000.0,28.0,совмещенный,нет,4.0,4.0,2.7,нет,нет,1964,кирпичный,частично,2.341
9300000.0,32.9,раздельный,нет,2.0,4.0,2.7,нет,нет,1965,панельный,частично,2.275
8500000.0,32.0,раздельный,нет,5.0,5.0,2.7,нет,нет,1986,кирпичный,частично,1.48
27500000.0,76.5,раздельный,нет,9.0,9.0,2.7,нет,нет,2015,кирпичный,частично,0.483
15500000.0,44.7,раздельный,нет,4.0,5.0,2.7,нет,нет,1969,панельный,частично,1.521
15000000.0,54.0,совмещенный,нет,2.0,5.0,2.75,нет,нет,1973,кирпичный,частично,0.914
24500000.0,88.0,раздельный,нет,2.0,5.0,2.7,нет,нет,2015,кирпичный,частично,4.415
28000000.0,62.6,раздельный,нет,4.0,5.0,2.7,нет,нет,1981,кирпичный,полностью,0.853
17000000.0,60.0,раздельный,нет,5.0,5.0,2.7,нет,нет,1976,кирпичный,без мебели,1.414
27600000.0,90.0,раздельный,нет,9.0,10.0,2.7,нет,нет,2022,кирпичный,частично,1.407
13000000.0,45.0,раздельный,нет,4.0,5.0,2.7,нет,нет,2023,кирпичный,частично,2.949
19000000.0,62.0,раздельный,лоджия,2.0,5.0,2.7,нет,нет,1985,панельный,частично,3.282
19000000.0,70.0,раздельный,нет,5.0,6.0,2.7,нет,нет,1993,панельный,частично,3.527
15500000.0,52.5,раздельный,нет,3.0,3.0,2.7,нет,нет,1990,панельный,частично,3.479
16500000.0,63.0,раздельный,нет,6.0,6.0,2.7,нет,нет,1994,иной,частично,0.703
18500000.0,70.0,раздельный,нет,5.0,9.0,2.7,нет,нет,1984,кирпичный,частично,0.997
15000000.0,42.0,совмещенный,нет,9.0,10.0,2.8,нет,нет,2023,кирпичный,без мебели,1.014
11000000.0,30.0,совмещенный,нет,3.0,5.0,2.5,нет,нет,1968,кирпичный,частично,0.9
14500000.0,40.0,раздельный,нет,2.0,6.0,2.7,нет,нет,1987,кирпичный,частично,1.873
55500000.0,130.0,раздельный,нет,4.0,9.0,2.7,нет,нет,2015,кирпичный,полностью,1.188
26500000.0,84.0,раздельный,нет,8.0,9.0,2.8,нет,нет,2017,монолитный,частично,4.049
16000000.0,44.8,совмещенный,нет,10.0,10.0,2.7,нет,нет,2022,монолитный,полностью,0.58
29200000.0,81.9,раздельный,нет,4.0,5.0,2.8,нет,нет,1972,кирпичный,полностью,0.442
13800000.0,50.2,раздельный,нет,5.0,5.0,2.7,нет,нет,1975,кирпичный,частично,1.103
20500000.0,56.7,раздельный,нет,2.0,9.0,2.7,нет,нет,2022,кирпичный,частично,1.103
19000000.0,60.0,раздельный,нет,4.0,5.0,2.8,нет,нет,1979,кирпичный,частично,3.471
8200000.0,30.0,раздельный,нет,5.0,5.0,2.7,нет,нет,1974,панельный,частично,3.348
15000000.0,62.0,раздельный,нет,2.0,5.0,2.8,нет,нет,1977,панельный,частично,3.484
15000000.0,41.0,совмещенный,нет,9.0,9.0,2.8,нет,нет,2020,кирпичный,полностью,3.296
14500000.0,42.4,раздельный,нет,7.0,9.0,2.8,нет,нет,2018,кирпичный,полностью,3.527
13800000.0,50.0,раздельный,нет,3.0,9.0,2.7,нет,нет,1984,панельный,частично,3.071
21000000.0,60.0,раздельный,лоджия,5.0,6.0,2.7,нет,нет,1990,кирпичный,частично,0.132
15400000.0,68.0,раздельный,нет,6.0,6.0,2.7,нет,нет,1987,панельный,частично,2.726
19200000.0,69.0,раздельный,балкон и лоджия,8.0,9.0,2.7,нет,нет,1987,панельный,частично,3.071
12500000.0,62.0,раздельный,нет,2.0,2.0,2.7,нет,нет,1971,монолитный,частично,2.687
14900000.0,44.0,раздельный,нет,2.0,5.0,2.7,нет,нет,1969,кирпичный,частично,1.103
26500000.0,78.0,раздельный,нет,1.0,5.0,2.7,нет,нет,2011,кирпичный,частично,3.527
40000000.0,75.0,совмещенный,нет,8.0,9.0,3.0,нет,нет,2023,кирпичный,полностью,2.43
18500000.0,58.9,раздельный,балкон,3.0,5.0,2.7,нет,нет,1992,кирпичный,частично,2.095
29500000.0,73.0,раздельный,нет,4.0,9.0,2.75,нет,нет,2022,кирпичный,частично,1.324
15500000.0,58.9,раздельный,нет,1.0,5.0,2.7,нет,нет,1970,панельный,частично,3.72
10000000.0,32.3,совмещенный,лоджия,4.0,5.0,2.7,нет,нет,1974,кирпичный,частично,2.3
12500000.0,44.0,совмещенный,нет,2.0,5.0,2.7,нет,нет,1979,панельный,частично,0.448
15500000.0,56.3,раздельный,нет,5.0,5.0,2.7,нет,нет,1970,кирпичный,полностью,0.557
8000000.0,30.4,совмещенный,балкон,3.0,5.0,2.7,нет,нет,1976,иной,частично,3.792
22000000.0,77.5,раздельный,нет,5.0,5.0,2.7,нет,нет,2024,кирпичный,частично,1.827
15500000.0,50.0,раздельный,нет,3.0,9.0,2.7,нет,нет,1990,панельный,частично,3.579
20864000.0,52.16,раздельный,лоджия,5.0,9.0,3.0,нет,нет,2025,кирпичный,частично,1.096
19000000.0,70.0,раздельный,нет,9.0,9.0,2.7,нет,нет,1991,панельный,частично,2.891
14500000.0,41.2,раздельный,балкон,1.0,5.0,2.8,нет,нет,2018,кирпичный,частично,1.941
17500000.0,60.0,раздельный,нет,2.0,5.0,2.7,нет,нет,1979,панельный,частично,3.963
12500000.0,44.0,раздельный,нет,5.0,5.0,2.7,нет,нет,1968,панельный,частично,0.365
9800000.0,30.0,совмещенный,балкон,5.0,5.0,2.7,нет,нет,1971,кирпичный,частично,0.66
20500000.0,44.0,раздельный,нет,4.0,9.0,2.8,нет,В залоге,2019,кирпичный,частично,0.524
17000000.0,42.0,совмещенный,балкон,2.0,9.0,2.7,нет,нет,2020,кирпичный,частично,3.858
28000000.0,61.0,раздельный,нет,2.0,9.0,2.7,нет,нет,2020,кирпичный,полностью,3.296
11500000.0,44.1,совмещенный,балкон,5.0,5.0,2.7,нет,нет,1970,кирпичный,частично,0.649
9000000.0,30.0,совмещенный,балкон,5.0,5.0,2.7,нет,нет,1972,кирпичный,частично,0.402
10250000.0,36.0,совмещенный,нет,4.0,5.0,2.7,нет,нет,1985,панельный,частично,3.491
11000000.0,45.1,совмещенный,балкон,3.0,3.0,2.6,нет,нет,1974,кирпичный,частично,2.838
13900000.0,41.2,раздельный,нет,5.0,5.0,2.7,нет,нет,2018,кирпичный,частично,1.941
7600000.0,31.0,раздельный,нет,5.0,5.0,2.7,нет,нет,2007,кирпичный,частично,2.475
14500000.0,42.4,раздельный,нет,7.0,9.0,2.7,нет,нет,2018,кирпичный,полностью,3.527
18000000.0,51.0,совмещенный,нет,1.0,6.0,2.1,да,нет,1995,кирпичный,частично,1.58
15500000.0,53.1,раздельный,нет,6.0,9.0,2.7,нет,нет,1992,панельный,частично,3.515
10500000.0,43.0,совмещенный,балкон,2.0,3.0,2.7,нет,нет,1963,кирпичный,частично,1.6
14800000.0,47.6,раздельный,нет,4.0,5.0,2.7,нет,нет,2024,кирпичный,частично,1.827
27500000.0,76.5,раздельный,нет,9.0,9.0,2.7,нет,нет,2015,кирпичный,частично,0.483
12500000.0,40.0,совмещенный,балкон,2.0,3.0,2.7,нет,нет,1974,кирпичный,полностью,2.838
16500000.0,61.1,раздельный,нет,7.0,9.0,2.7,нет,нет,2014,кирпичный,частично,2.807
26158000.0,93.42,раздельный,нет,9.0,9.0,2.7,нет,нет,2025,кирпичный,частично,0.781
25000000.0,87.2,раздельный,нет,4.0,5.0,2.7,нет,нет,2024,кирпичный,частично,1.827
11500000.0,38.0,раздельный,нет,5.0,9.0,2.7,нет,нет,2005,панельный,частично,2.303
7800000.0,22.4,совмещенный,нет,5.0,5.0,2.5,нет,нет,1972,кирпичный,частично,4.122
13500000.0,45.0,раздельный,нет,3.0,5.0,2.7,нет,нет,1971,кирпичный,частично,1.066
18000000.0,61.3,раздельный,нет,5.0,9.0,2.7,нет,нет,2021,монолитный,частично,0.58
8000000.0,28.0,совмещенный,нет,4.0,4.0,2.5,нет,нет,1964,кирпичный,частично,2.341
29812500.0,112.5,раздельный,нет,4.0,5.0,2.7,нет,нет,2024,панельный,без мебели,4.193
19843000.0,122.3,раздельный,нет,1.0,5.0,2.7,нет,нет,2023,панельный,без мебели,4.193
7980000.0,34.7,совмещенный,нет,4.0,5.0,2.7,нет,нет,2024,кирпичный,частично,2.911
17800000.0,48.0,совмещенный,несколько балконов или лоджий,1.0,9.0,2.7,нет,В залоге,2023,кирпичный,частично,2.245
11000000.0,36.0,раздельный,нет,4.0,5.0,2.7,нет,нет,1988,панельный,частично,0.989
19000000.0,50.0,раздельный,нет,7.0,10.0,2.9,нет,нет,2022,кирпичный,частично,0.478
15900000.0,58.0,раздельный,нет,2.0,5.0,2.7,нет,нет,1974,кирпичный,частично,3.925
12000000.0,36.0,раздельный,нет,4.0,5.0,2.7,нет,нет,1988,панельный,частично,0.989
13000000.0,60.0,совмещенный,нет,5.0,5.0,2.5,нет,нет,1972,панельный,частично,3.928
16000000.0,60.0,раздельный,нет,5.0,5.0,2.7,нет,нет,1988,кирпичный,частично,1.904
13500000.0,58.0,совмещенный,нет,2.0,4.0,2.6,нет,нет,1967,панельный,частично,2.466
15500000.0,60.0,раздельный,балкон,2.0,5.0,2.7,нет,нет,1972,кирпичный,частично,1.612
19000000.0,61.0,раздельный,нет,8.0,9.0,2.7,нет,нет,2007,кирпичный,частично,2.677
12500000.0,46.0,раздельный,нет,1.0,5.0,2.7,нет,нет,2015,кирпичный,частично,4.283
18000000.0,70.0,раздельный,нет,4.0,9.0,2.8,нет,нет,1990,панельный,частично,2.624
15500000.0,60.0,раздельный,нет,2.0,5.0,2.7,нет,нет,1985,панельный,частично,3.749
16500000.0,62.0,совмещенный,нет,5.0,5.0,2.7,нет,нет,2020,кирпичный,частично,3.996
14500000.0,46.0,раздельный,нет,5.0,5.0,2.6,нет,нет,2014,кирпичный,частично,4.283
22500000.0,65.0,раздельный,нет,3.0,5.0,2.7,нет,нет,1991,кирпичный,частично,3.527
20000000.0,74.0,раздельный,нет,6.0,9.0,2.0,нет,нет,2014,кирпичный,частично,2.295
14500000.0,52.0,раздельный,нет,9.0,9.0,2.8,нет,нет,2006,панельный,частично,1.682
19000000.0,50.0,раздельный,нет,8.0,9.0,2.9,нет,нет,2020,кирпичный,частично,0.494
16000000.0,61.0,раздельный,нет,3.0,5.0,2.7,нет,нет,1990,кирпичный,частично,3.351
10000000.0,35.0,совмещенный,нет,8.0,9.0,2.7,нет,нет,1984,панельный,частично,3.037
11400000.0,43.0,совмещенный,нет,5.0,5.0,2.7,нет,В залоге,1982,панельный,частично,3.471
16000000.0,66.0,раздельный,нет,7.0,9.0,2.7,нет,нет,1988,панельный,частично,2.677
8600000.0,30.4,раздельный,нет,1.0,5.0,2.7,нет,нет,1976,панельный,частично,3.609
12000000.0,45.0,совмещенный,балкон,2.0,5.0,2.7,нет,нет,1979,кирпичный,частично,0.448
9100000.0,34.0,совмещенный,нет,5.0,5.0,2.7,нет,нет,1976,кирпичный,частично,1.469
7700000.0,30.0,совмещенный,нет,4.0,4.0,2.5,нет,нет,1964,кирпичный,частично,2.341
21000000.0,60.0,раздельный,нет,4.0,5.0,2.5,нет,нет,1986,кирпичный,частично,1.167
17500000.0,60.0,раздельный,нет,3.0,6.0,2.7,нет,нет,1996,панельный,частично,1.889
17000000.0,60.0,раздельный,нет,3.0,5.0,2.7,нет,нет,1978,панельный,частично,3.963
24500000.0,70.0,раздельный,нет,6.0,9.0,2.7,нет,нет,2006,панельный,частично,1.955
14000000.0,46.0,раздельный,нет,1.0,5.0,2.7,нет,нет,2013,кирпичный,частично,1.462
21500000.0,60.0,раздельный,нет,5.0,9.0,2.7,нет,нет,1990,панельный,частично,3.251
17500000.0,58.0,раздельный,нет,5.0,5.0,2.7,нет,нет,1972,кирпичный,частично,1.72
15500000.0,60.0,раздельный,нет,3.0,5.0,2.7,нет,нет,1978,кирпичный,частично,3.81
19500000.0,82.0,раздельный,нет,8.0,10.0,2.7,нет,нет,1984,кирпичный,частично,1.165
17900000.0,60.0,раздельный,нет,2.0,5.0,2.6,нет,нет,1991,кирпичный,полностью,3.817
15500000.0,80.0,раздельный,нет,6.0,6.0,2.8,нет,нет,1990,панельный,частично,2.784
12500000.0,50.0,совмещенный,нет,1.0,5.0,2.0,нет,нет,1967,кирпичный,частично,2.383
12700000.0,50.0,раздельный,нет,2.0,5.0,2.7,нет,нет,1979,кирпичный,частично,3.471
14000000.0,46.0,раздельный,нет,4.0,5.0,2.7,нет,нет,1975,кирпичный,полностью,1.387
11500000.0,40.0,совмещенный,нет,4.0,5.0,2.0,нет,нет,1974,кирпичный,частично,0.707
24000000.0,75.0,совмещенный,нет,6.0,9.0,2.7,нет,нет,1990,кирпичный,частично,2.688
13500000.0,51.0,совмещенный,нет,9.0,9.0,2.8,нет,нет,1990,панельный,частично,2.624
11000000.0,34.0,совмещенный,нет,3.0,5.0,3.0,нет,нет,1983,кирпичный,частично,1.264
9900000.0,30.0,совмещенный,балкон,2.0,5.0,2.7,нет,нет,1987,панельный,частично,3.724
16500000.0,38.9,раздельный,лоджия,7.0,9.0,2.7,нет,нет,2018,кирпичный,частично,0.595
7000000.0,27.0,совмещенный,нет,2.0,6.0,2.7,нет,нет,2024,кирпичный,частично,3.158
12300000.0,42.4,раздельный,нет,5.0,9.0,2.7,нет,нет,2021,монолитный,без мебели,0.58
10500000.0,55.0,совмещенный,лоджия,1.0,5.0,2.8,нет,нет,1980,панельный,частично,3.361
19500000.0,60.0,раздельный,нет,2.0,9.0,2.7,нет,нет,2022,кирпичный,частично,1.477
10700000.0,33.0,совмещенный,балкон,1.0,5.0,2.7,нет,нет,1986,кирпичный,частично,3.751
9000000.0,36.0,раздельный,нет,9.0,9.0,2.7,нет,нет,1988,панельный,частично,2.617
43000000.0,107.8,раздельный,нет,9.0,9.0,2.7,нет,нет,2017,кирпичный,частично,0.564
10000000.0,36.6,раздельный,нет,3.0,9.0,2.7,нет,нет,1988,кирпичный,частично,1.596
3700000.0,18.6,раздельный,нет,4.0,5.0,2.8,нет,нет,1982,кирпичный,частично,1.247
26000000.0,70.0,раздельный,нет,3.0,5.0,2.7,нет,нет,2023,кирпичный,частично,3.491
16000000.0,58.6,раздельный,нет,2.0,5.0,2.7,нет,нет,1978,панельный,частично,3.401
15500000.0,50.0,раздельный,лоджия,7.0,9.0,2.6,нет,нет,2005,панельный,частично,1.845
15000000.0,40.0,раздельный,лоджия,1.0,9.0,2.7,нет,нет,2022,кирпичный,частично,3.296
32000000.0,63.8,совмещенный,нет,3.0,9.0,3.0,нет,В залоге,2017,кирпичный,полностью,1.103
19500000.0,72.4,совмещенный,нет,5.0,5.0,2.7,нет,нет,1992,иной,частично,3.479
16000000.0,57.7,раздельный,нет,3.0,5.0,2.7,нет,нет,1977,панельный,частично,3.919
27000000.0,68.0,совмещенный,нет,4.0,5.0,2.7,нет,нет,2022,кирпичный,полностью,1.624
14500000.0,36.6,совмещенный,нет,2.0,6.0,2.7,нет,нет,1989,панельный,частично,1.179
13500000.0,40.0,совмещенный,нет,3.0,5.0,2.7,нет,нет,1970,кирпичный,полностью,1.808
11500000.0,36.1,раздельный,нет,1.0,9.0,2.7,нет,нет,1983,панельный,частично,3.071
21900000.0,65.0,раздельный,нет,1.0,5.0,2.7,нет,нет,2022,кирпичный,частично,3.296
23000000.0,45.0,совмещенный,нет,6.0,9.0,2.7,нет,нет,2021,кирпичный,частично,3.454
12500000.0,54.0,раздельный,нет,5.0,5.0,2.7,нет,нет,1972,кирпичный,полностью,4.122
60000000.0,118.0,2 с/у и более,нет,7.0,9.0,3.1,нет,нет,2023,кирпичный,полностью,1.95
10500000.0,36.0,совмещенный,нет,3.0,5.0,2.7,да,нет,1988,панельный,частично,2.367
16191500.0,61.1,раздельный,нет,1.0,5.0,2.7,нет,нет,2023,панельный,частично,4.193
17500000.0,51.0,раздельный,нет,2.0,6.0,2.7,нет,нет,1990,панельный,частично,2.379
29812500.0,112.5,раздельный,нет,4.0,5.0,2.7,нет,нет,2023,кирпичный,частично,4.193
16500000.0,59.0,раздельный,нет,3.0,5.0,2.7,нет,нет,1993,панельный,частично,2.947
46000000.0,99.5,раздельный,нет,4.0,10.0,2.7,нет,нет,2020,кирпичный,частично,1.103
32000000.0,110.8,раздельный,нет,2.0,5.0,2.6,нет,нет,1989,кирпичный,частично,1.904
29653500.0,111.9,раздельный,нет,3.0,5.0,2.7,нет,нет,2023,кирпичный,частично,4.193
15900000.0,90.0,раздельный,нет,2.0,3.0,2.7,нет,нет,1993,кирпичный,частично,3.479
85000000.0,160.0,совмещенный,нет,6.0,11.0,2.8,нет,нет,2022,монолитный,полностью,0.853
60000000.0,159.5,раздельный,нет,2.0,4.0,2.7,нет,нет,2011,иной,полностью,1.407
27500000.0,65.0,раздельный,нет,2.0,5.0,2.75,нет,нет,2022,кирпичный,полностью,0.53
31000000.0,63.0,раздельный,нет,1.0,9.0,2.7,нет,нет,2018,кирпичный,полностью,0.616
12500000.0,40.0,раздельный,нет,3.0,5.0,2.7,нет,В залоге,1971,кирпичный,полностью,0.883
8500000.0,32.0,совмещенный,нет,1.0,5.0,2.7,нет,нет,1978,кирпичный,частично,3.81
23000000.0,81.3,раздельный,нет,4.0,9.0,2.5,нет,нет,1987,кирпичный,частично,1.093
20800000.0,74.0,раздельный,нет,1.0,6.0,2.7,нет,В залоге,1989,панельный,частично,1.717
8500000.0,36.0,раздельный,нет,1.0,5.0,2.7,нет,нет,1985,панельный,частично,3.716
20876000.0,52.19,раздельный,нет,5.0,10.0,2.7,нет,нет,2024,кирпичный,частично,0.584
9000000.0,30.0,совмещенный,балкон,4.0,4.0,2.5,нет,нет,1965,кирпичный,частично,2.054
25000000.0,60.9,совмещенный,нет,4.0,9.0,2.7,нет,нет,2023,кирпичный,полностью,1.122
22766000.0,56.9,раздельный,нет,3.0,10.0,2.7,нет,нет,2024,кирпичный,частично,0.584
13400000.0,47.9,раздельный,нет,8.0,9.0,2.7,нет,нет,2025,кирпичный,частично,1.014
29024000.0,72.56,раздельный,нет,2.0,10.0,2.7,нет,нет,2024,кирпичный,частично,0.584
17600000.0,60.7,раздельный,нет,7.0,9.0,2.7,нет,В залоге,2025,кирпичный,частично,1.014
20750000.0,71.6,раздельный,нет,6.0,9.0,2.7,нет,нет,2025,кирпичный,частично,1.014
13900000.0,47.9,раздельный,нет,5.0,9.0,2.7,нет,нет,2025,кирпичный,частично,1.014
18210000.0,60.7,раздельный,нет,4.0,9.0,2.7,нет,нет,2025,кирпичный,частично,1.014
13000000.0,40.0,совмещенный,нет,8.0,9.0,2.5,нет,нет,2014,кирпичный,полностью,2.295
14370000.0,47.9,раздельный,нет,3.0,9.0,2.7,нет,нет,2025,кирпичный,частично,1.014
13000000.0,73.0,совмещенный,нет,2.0,5.0,2.7,нет,нет,1989,панельный,полностью,2.309
26500000.0,73.0,совмещенный,нет,1.0,2.0,2.65,нет,нет,1987,кирпичный,полностью,2.838
21500000.0,71.6,раздельный,нет,3.0,9.0,2.7,нет,нет,2025,кирпичный,частично,1.014
17340000.0,57.8,раздельный,нет,2.0,5.0,2.7,нет,нет,2024,кирпичный,частично,1.73
24500000.0,62.0,раздельный,нет,7.0,8.0,2.7,нет,нет,2019,кирпичный,частично,2.677
35500000.0,91.7,совмещенный,нет,4.0,5.0,2.7,нет,В залоге,2018,кирпичный,полностью,2.438
14370000.0,47.9,раздельный,нет,2.0,9.0,2.7,нет,нет,2025,кирпичный,частично,1.014
18210000.0,60.7,раздельный,нет,1.0,9.0,2.7,нет,нет,2025,кирпичный,частично,1.014
14300000.0,42.5,раздельный,балкон,9.0,10.0,2.7,нет,нет,2011,панельный,без мебели,3.28
14450000.0,44.0,раздельный,нет,1.0,5.0,3.0,нет,В залоге,1969,кирпичный,частично,2.245
30000000.0,70.0,раздельный,нет,8.0,9.0,2.75,нет,нет,2022,кирпичный,частично,1.407
12500000.0,40.0,раздельный,нет,4.0,5.0,2.7,нет,нет,1972,кирпичный,частично,1.58
11000000.0,50.0,раздельный,нет,4.0,6.0,2.7,да,нет,1990,панельный,частично,1.453
19000000.0,61.0,совмещенный,нет,5.0,5.0,2.7,нет,нет,2017,кирпичный,частично,0.884
7600000.0,31.0,раздельный,нет,5.0,5.0,2.7,нет,нет,2007,кирпичный,частично,2.475
30000000.0,87.0,раздельный,нет,9.0,9.0,2.6,нет,нет,2017,кирпичный,полностью,3.951
18000000.0,52.0,раздельный,нет,2.0,9.0,2.7,нет,нет,2019,кирпичный,частично,4.43
10300000.0,34.8,совмещенный,нет,3.0,9.0,2.7,нет,нет,1986,панельный,частично,3.004
12500000.0,40.3,совмещенный,нет,3.0,4.0,2.7,нет,нет,1965,кирпичный,без мебели,1.736
16500000.0,60.0,раздельный,нет,3.0,5.0,2.7,нет,нет,1977,панельный,частично,3.919
20700000.0,64.0,раздельный,нет,2.0,5.0,2.7,нет,нет,1981,кирпичный,частично,1.146
20500000.0,75.0,раздельный,лоджия,1.0,6.0,2.7,нет,нет,1989,кирпичный,частично,1.884
15000000.0,59.0,совмещенный,балкон,4.0,5.0,2.5,нет,нет,1968,панельный,частично,1.435
4100000.0,18.0,раздельный,нет,5.0,5.0,2.7,нет,нет,1985,кирпичный,частично,3.651
18000000.0,64.0,раздельный,нет,1.0,5.0,2.7,нет,нет,1988,кирпичный,частично,0.633
11500000.0,43.7,совмещенный,нет,5.0,5.0,2.5,нет,нет,1968,панельный,частично,0.365
13800000.0,52.0,раздельный,нет,3.0,9.0,2.7,нет,нет,1984,кирпичный,частично,3.037
19000000.0,69.0,раздельный,лоджия,9.0,9.0,2.7,нет,нет,1988,панельный,частично,2.677
25000000.0,69.0,совмещенный,нет,7.0,9.0,2.7,нет,нет,2021,кирпичный,частично,1.06
32000000.0,86.7,раздельный,балкон,1.0,5.0,3.0,нет,нет,2017,кирпичный,частично,1.259
24500000.0,66.8,совмещенный,нет,5.0,5.0,3.0,нет,нет,2018,кирпичный,частично,1.569
21600000.0,66.2,раздельный,нет,3.0,12.0,2.7,нет,нет,1984,монолитный,частично,2.714
26500000.0,80.2,раздельный,нет,9.0,10.0,2.7,нет,нет,2023,кирпичный,без мебели,0.69
13500000.0,46.8,раздельный,нет,6.0,6.0,2.7,нет,нет,1990,кирпичный,частично,1.596
18500000.0,50.4,раздельный,нет,6.0,9.0,2.7,нет,нет,1990,панельный,частично,1.58
35700000.0,86.0,раздельный,нет,2.0,9.0,2.7,нет,нет,2021,кирпичный,частично,3.818
25500000.0,61.2,раздельный,нет,4.0,9.0,2.7,нет,нет,2019,кирпичный,частично,3.296
26500000.0,79.5,раздельный,нет,5.0,5.0,2.5,нет,нет,1977,панельный,полностью,3.798
8500000.0,49.0,раздельный,нет,2.0,4.0,2.7,нет,нет,1962,кирпичный,частично,2.041
23000000.0,60.0,совмещенный,нет,6.0,9.0,2.7,нет,нет,2015,кирпичный,частично,1.103
11800000.0,43.0,совмещенный,нет,1.0,4.0,2.0,нет,нет,1964,кирпичный,частично,2.554
27500000.0,71.0,совмещенный,нет,7.0,9.0,2.7,нет,нет,2023,кирпичный,частично,1.122
15500000.0,50.0,раздельный,нет,5.0,5.0,2.7,нет,нет,1988,панельный,частично,2.393
33800000.0,70.0,совмещенный,нет,5.0,6.0,2.7,нет,нет,2022,кирпичный,частично,1.599
21500000.0,74.0,совмещенный,нет,1.0,5.0,2.5,нет,нет,1986,кирпичный,частично,1.403
9500000.0,30.0,раздельный,нет,4.0,5.0,2.7,нет,нет,1972,кирпичный,частично,1.612
18000000.0,66.2,раздельный,нет,5.0,5.0,2.7,нет,нет,1982,кирпичный,полностью,2.314
13500000.0,48.0,совмещенный,нет,1.0,9.0,2.7,нет,нет,1991,панельный,частично,2.677
15500000.0,60.0,раздельный,нет,4.0,5.0,2.7,нет,нет,1992,кирпичный,частично,3.491
20500000.0,66.0,раздельный,нет,1.0,5.0,2.7,нет,нет,1984,кирпичный,частично,1.884
15000000.0,50.0,раздельный,нет,1.0,6.0,2.7,нет,нет,1990,панельный,частично,2.228
16000000.0,51.3,совмещенный,нет,2.0,6.0,2.7,нет,нет,1994,панельный,частично,2.228
22000000.0,68.0,раздельный,нет,1.0,9.0,2.7,нет,нет,2006,панельный,частично,1.682
21000000.0,90.0,раздельный,нет,3.0,3.0,2.5,нет,нет,1992,кирпичный,частично,3.431
20213000.0,69.9,раздельный,нет,5.0,9.0,2.7,нет,нет,2022,кирпичный,частично,1.324
23000000.0,70.0,раздельный,нет,2.0,9.0,2.7,нет,нет,1995,панельный,частично,1.977
43100000.0,90.0,совмещенный,нет,3.0,9.0,2.7,нет,нет,2020,кирпичный,частично,0.753
17000000.0,56.0,раздельный,нет,6.0,9.0,2.7,нет,нет,1991,панельный,частично,2.228
9500000.0,40.0,раздельный,нет,5.0,5.0,2.8,нет,нет,1972,кирпичный,частично,0.402
38000000.0,77.0,раздельный,нет,9.0,10.0,2.8,нет,нет,2022,кирпичный,частично,1.599
13500000.0,52.0,раздельный,нет,7.0,9.0,2.7,нет,нет,1986,панельный,частично,3.004
17000000.0,59.9,раздельный,нет,5.0,5.0,2.7,нет,нет,1976,кирпичный,полностью,1.414
22000000.0,78.5,раздельный,нет,4.0,5.0,2.7,нет,нет,1985,панельный,полностью,3.351
24969000.0,86.1,раздельный,нет,6.0,10.0,2.7,нет,нет,2024,кирпичный,частично,0.711
17000000.0,53.7,раздельный,нет,4.0,6.0,2.7,нет,нет,1993,панельный,частично,3.454
17400000.0,60.0,раздельный,нет,8.0,9.0,2.7,нет,нет,2024,кирпичный,частично,1.324
17500000.0,76.0,раздельный,нет,4.0,5.0,2.7,да,нет,1987,панельный,полностью,3.491
10000000.0,35.5,совмещенный,нет,5.0,5.0,2.7,нет,нет,1982,панельный,частично,3.83
20350000.0,74.0,раздельный,нет,3.0,5.0,2.7,нет,нет,2024,кирпичный,частично,0.711
15000000.0,55.3,раздельный,нет,2.0,5.0,2.7,нет,нет,1976,кирпичный,частично,1.73
15000000.0,50.0,раздельный,нет,6.0,6.0,2.7,нет,нет,1990,панельный,частично,1.568
13334000.0,45.2,раздельный,нет,4.0,9.0,2.7,нет,нет,2024,кирпичный,частично,1.324
15500000.0,68.0,раздельный,нет,1.0,2.0,2.7,нет,нет,1985,кирпичный,частично,2.123
15800000.0,47.0,раздельный,нет,1.0,5.0,2.8,нет,нет,2015,кирпичный,частично,4.193
3000000.0,12.0,совмещенный,нет,4.0,4.0,2.7,да,нет,1964,кирпичный,частично,1.984
20500000.0,70.7,раздельный,нет,6.0,6.0,2.7,нет,нет,1992,панельный,частично,3.244
18500000.0,70.1,раздельный,нет,1.0,2.0,2.7,нет,нет,1991,иной,частично,3.479
14000000.0,48.8,раздельный,нет,2.0,5.0,2.7,нет,нет,1987,кирпичный,частично,1.748
29000000.0,75.0,раздельный,нет,8.0,9.0,2.7,нет,нет,2015,монолитный,частично,4.276
13000000.0,55.0,раздельный,лоджия,1.0,5.0,2.7,нет,нет,1990,кирпичный,частично,3.351
12000000.0,47.7,раздельный,нет,5.0,5.0,2.5,нет,нет,1974,кирпичный,частично,1.179
10490000.0,45.0,совмещенный,балкон,3.0,3.0,2.5,нет,нет,1964,кирпичный,полностью,3.437
46000000.0,103.2,раздельный,нет,7.0,9.0,2.7,нет,нет,2022,кирпичный,частично,1.294
20500000.0,64.4,совмещенный,нет,7.0,9.0,2.7,нет,нет,2017,кирпичный,частично,3.014
17100000.0,53.9,раздельный,нет,4.0,6.0,2.7,нет,нет,1993,панельный,полностью,3.633
16350000.0,46.7,совмещенный,нет,6.0,10.0,2.7,нет,нет,2024,кирпичный,частично,1.103
15000000.0,51.0,раздельный,нет,3.0,5.0,2.7,нет,нет,1984,панельный,частично,3.32
3900000.0,18.0,раздельный,нет,2.0,5.0,2.7,нет,нет,1984,кирпичный,частично,1.195
10500000.0,45.5,раздельный,нет,2.0,5.0,2.5,да,нет,1986,кирпичный,полностью,3.555
22000000.0,60.0,раздельный,нет,5.0,9.0,2.7,нет,нет,2015,кирпичный,полностью,0.483
7800000.0,30.0,совмещенный,нет,4.0,4.0,2.7,нет,нет,1964,кирпичный,без мебели,2.341
18000000.0,65.5,раздельный,нет,4.0,9.0,2.7,нет,нет,1996,панельный,частично,1.85
21300000.0,73.3,раздельный,нет,9.0,10.0,2.7,нет,нет,2023,кирпичный,частично,1.014
24000000.0,81.0,раздельный,нет,4.0,6.0,2.7,нет,нет,1992,панельный,частично,2.677
24000000.0,68.0,раздельный,нет,4.0,5.0,3.0,нет,нет,2007,кирпичный,частично,2.726
10200000.0,44.0,раздельный,нет,5.0,5.0,3.0,нет,нет,1969,кирпичный,частично,2.175
21000000.0,56.4,раздельный,нет,7.0,9.0,2.7,нет,нет,2023,кирпичный,частично,1.95
11500000.0,35.5,совмещенный,нет,5.0,5.0,2.5,нет,нет,1974,панельный,частично,3.348
16500000.0,65.5,раздельный,нет,9.0,9.0,2.7,нет,нет,2005,панельный,частично,1.682
9000000.0,26.9,раздельный,нет,1.0,5.0,2.7,нет,нет,1978,кирпичный,полностью,4.122
9200000.0,36.0,совмещенный,нет,2.0,5.0,2.7,нет,нет,1986,панельный,частично,1.48
16300000.0,65.8,раздельный,нет,9.0,9.0,2.7,нет,нет,2005,панельный,частично,1.682
19000000.0,51.3,раздельный,нет,5.0,9.0,2.7,нет,нет,2006,монолитный,полностью,1.845
15000000.0,42.0,совмещенный,нет,1.0,2.0,2.8,нет,нет,1956,кирпичный,полностью,0.448
18000000.0,60.0,раздельный,нет,5.0,5.0,2.7,нет,нет,1985,кирпичный,частично,0.905
18500000.0,39.0,совмещенный,нет,6.0,9.0,27.0,нет,нет,2018,кирпичный,частично,0.595
16000000.0,46.7,совмещенный,нет,6.0,9.0,3.0,нет,нет,2025,кирпичный,без мебели,1.103
12500000.0,37.0,раздельный,нет,3.0,6.0,2.7,нет,нет,1990,панельный,частично,2.84
32000000.0,92.0,раздельный,нет,5.0,5.0,2.7,нет,нет,2020,кирпичный,частично,1.597
8300000.0,50.0,раздельный,нет,3.0,9.0,2.7,нет,нет,1986,кирпичный,частично,1.58
9700000.0,30.0,раздельный,нет,4.0,5.0,2.7,нет,нет,1970,кирпичный,частично,1.284
19000000.0,63.0,раздельный,нет,3.0,5.0,2.7,нет,нет,1990,кирпичный,частично,3.63
13800000.0,40.1,раздельный,балкон,8.0,9.0,2.7,нет,В залоге,2017,панельный,полностью,4.033
30000000.0,98.38,раздельный,нет,9.0,9.0,2.7,нет,нет,2014,кирпичный,полностью,1.188
17000000.0,40.9,раздельный,нет,8.0,9.0,2.7,нет,нет,2017,кирпичный,частично,1.724
23500000.0,79.0,совмещенный,нет,4.0,5.0,2.7,нет,нет,1984,панельный,частично,3.286
19500000.0,43.0,раздельный,нет,9.0,10.0,2.7,нет,нет,2021,кирпичный,частично,1.083
12800000.0,48.5,совмещенный,нет,5.0,5.0,2.7,нет,нет,2024,кирпичный,частично,1.521
22500000.0,68.8,раздельный,нет,5.0,9.0,2.8,нет,нет,1990,панельный,частично,2.624
12500000.0,52.0,раздельный,нет,2.0,5.0,2.7,нет,нет,1976,кирпичный,частично,1.858
25500000.0,66.5,совмещенный,нет,4.0,5.0,2.7,нет,нет,2024,кирпичный,частично,1.73
12000000.0,41.0,раздельный,нет,1.0,5.0,2.7,нет,нет,1974,кирпичный,частично,3.711
13000000.0,49.0,совмещенный,нет,1.0,4.0,2.7,нет,нет,1992,панельный,частично,0.803
14000000.0,60.0,раздельный,нет,5.0,5.0,2.7,нет,нет,1980,кирпичный,частично,0.492
29000000.0,69.9,раздельный,нет,5.0,9.0,2.75,нет,нет,2022,кирпичный,частично,1.436
23000000.0,60.0,совмещенный,лоджия,4.0,5.0,2.5,нет,нет,2015,кирпичный,частично,3.527
21000000.0,45.0,совмещенный,нет,5.0,10.0,3.0,нет,нет,2023,кирпичный,полностью,1.95
10500000.0,40.0,раздельный,нет,5.0,5.0,2.7,нет,нет,1972,кирпичный,частично,0.402
42000000.0,97.0,раздельный,нет,5.0,9.0,2.7,нет,нет,2016,кирпичный,частично,0.622
14500000.0,51.0,раздельный,нет,1.0,6.0,2.7,нет,нет,1990,панельный,частично,3.527
20764000.0,71.6,раздельный,нет,5.0,9.0,2.7,нет,нет,2025,кирпичный,частично,1.014
20500000.0,58.0,раздельный,нет,3.0,6.0,2.7,нет,нет,1986,кирпичный,частично,1.403
12000000.0,40.2,раздельный,лоджия,7.0,9.0,2.7,нет,нет,2018,панельный,без мебели,4.018
10700000.0,45.0,совмещенный,нет,3.0,4.0,2.5,нет,нет,1963,кирпичный,частично,1.798
16000000.0,42.4,раздельный,нет,1.0,5.0,2.7,нет,нет,1971,кирпичный,частично,1.024
12500000.0,39.0,раздельный,нет,5.0,5.0,2.7,нет,нет,1968,кирпичный,частично,0.608
27000000.0,81.7,раздельный,нет,1.0,5.0,2.8,нет,нет,1988,кирпичный,частично,0.633
11500000.0,42.0,раздельный,нет,2.0,3.0,2.7,нет,нет,1974,панельный,частично,1.966
18000000.0,63.3,раздельный,нет,1.0,5.0,2.7,нет,нет,1976,кирпичный,частично,3.915
7300000.0,31.0,раздельный,нет,5.0,5.0,2.7,нет,нет,1966,кирпичный,частично,2.204
20221700.0,69.73,раздельный,нет,6.0,9.0,2.7,нет,нет,2025,кирпичный,частично,0.951
35000000.0,77.7,раздельный,нет,8.0,9.0,2.7,нет,В залоге,2022,кирпичный,частично,2.677
7600000.0,31.0,совмещенный,нет,5.0,5.0,2.7,да,нет,2007,кирпичный,частично,2.475
13900000.0,42.0,раздельный,нет,5.0,5.0,2.7,нет,нет,2018,кирпичный,частично,1.941
22000000.0,67.0,раздельный,нет,5.0,5.0,2.7,нет,В залоге,1988,кирпичный,частично,0.633
11200000.0,36.0,совмещенный,нет,2.0,5.0,2.7,нет,нет,1975,кирпичный,частично,1.414
22500000.0,59.0,раздельный,нет,5.0,9.0,2.7,нет,нет,2021,кирпичный,частично,3.877
42000000.0,82.0,раздельный,нет,8.0,9.0,2.7,нет,нет,2022,кирпичный,частично,3.818
12000000.0,39.0,раздельный,нет,7.0,9.0,2.7,нет,нет,2006,панельный,частично,1.473
14500000.0,51.7,раздельный,нет,2.0,5.0,2.8,нет,нет,1977,иной,частично,3.712
15500000.0,40.0,совмещенный,лоджия,4.0,5.0,2.7,нет,нет,2023,кирпичный,полностью,1.651
16762000.0,57.8,раздельный,лоджия,4.0,5.0,2.75,нет,нет,2024,кирпичный,частично,1.73
16500000.0,34.4,совмещенный,нет,2.0,3.0,2.7,нет,нет,2023,кирпичный,частично,4.193
26000000.0,87.0,раздельный,нет,2.0,5.0,2.7,нет,нет,2002,кирпичный,частично,2.095
17340000.0,57.8,раздельный,балкон,2.0,5.0,2.75,нет,нет,2024,кирпичный,частично,1.73
19500000.0,62.0,раздельный,нет,3.0,5.0,2.7,нет,нет,2010,кирпичный,частично,3.527
30600000.0,64.5,совмещенный,нет,5.0,10.0,2.7,нет,нет,2023,кирпичный,частично,1.95
14000000.0,32.5,раздельный,нет,5.0,9.0,2.7,нет,нет,2022,кирпичный,частично,1.407
13000000.0,45.0,раздельный,нет,3.0,5.0,2.7,нет,нет,1986,панельный,частично,1.599
11800000.0,30.0,раздельный,нет,4.0,5.0,2.7,нет,нет,1979,панельный,частично,0.448
14300000.0,46.0,раздельный,лоджия,6.0,9.0,3.0,нет,нет,2022,кирпичный,частично,0.58
13500000.0,45.7,совмещенный,нет,4.0,9.0,2.7,нет,нет,2021,кирпичный,частично,3.932
15000000.0,41.0,раздельный,нет,9.0,9.0,2.7,нет,нет,2023,кирпичный,частично,1.014
17500000.0,57.0,раздельный,нет,3.0,5.0,2.7,нет,нет,1990,панельный,частично,3.527
33500000.0,98.0,раздельный,нет,3.0,9.0,2.7,нет,нет,2020,кирпичный,частично,3.877
14500000.0,51.8,раздельный,нет,5.0,5.0,2.5,нет,нет,1983,панельный,частично,3.932
29100000.0,63.0,раздельный,нет,7.0,9.0,2.7,нет,нет,2021,кирпичный,частично,3.598
17000000.0,44.0,раздельный,нет,4.0,5.0,2.7,нет,нет,1979,панельный,частично,0.448
33500000.0,85.0,раздельный,нет,4.0,5.0,2.7,нет,нет,2020,кирпичный,частично,0.629
15000000.0,55.0,раздельный,нет,2.0,5.0,2.7,нет,нет,1976,кирпичный,частично,1.73
13500000.0,44.0,раздельный,нет,1.0,5.0,2.7,нет,нет,1981,кирпичный,частично,1.035
18500000.0,60.0,раздельный,нет,3.0,5.0,2.7,нет,нет,1992,кирпичный,частично,2.095
9900000.0,30.0,раздельный,нет,2.0,5.0,2.7,нет,нет,1987,панельный,частично,3.724
16500000.0,80.1,раздельный,нет,5.0,5.0,2.7,нет,нет,1987,панельный,частично,1.748
37000000.0,92.0,раздельный,нет,4.0,9.0,2.7,нет,нет,2022,панельный,частично,3.598
23500000.0,80.0,раздельный,нет,4.0,5.0,2.7,нет,нет,1984,кирпичный,частично,3.286
17500000.0,66.7,раздельный,нет,7.0,9.0,2.7,нет,нет,1988,панельный,частично,2.677
15500000.0,50.0,раздельный,лоджия,7.0,9.0,2.7,нет,нет,2005,панельный,частично,1.845
11800000.0,41.6,совмещенный,нет,2.0,4.0,2.7,нет,нет,1967,кирпичный,частично,2.75
15300000.0,40.0,раздельный,нет,4.0,5.0,2.7,нет,нет,2023,кирпичный,частично,0.53
11500000.0,44.0,раздельный,нет,3.0,9.0,2.7,нет,нет,1973,кирпичный,частично,1.407
18500000.0,60.0,раздельный,нет,2.0,5.0,2.7,нет,нет,1994,кирпичный,частично,1.473
12000000.0,50.0,раздельный,нет,5.0,5.0,2.7,нет,нет,1974,кирпичный,частично,1.143
15700000.0,52.2,раздельный,нет,2.0,9.0,2.7,нет,нет,1990,панельный,частично,3.251
27500000.0,76.0,раздельный,нет,9.0,10.0,2.7,нет,нет,2015,кирпичный,частично,0.483
4000000.0,18.0,раздельный,нет,5.0,5.0,2.7,нет,нет,1990,кирпичный,частично,1.58
4000000.0,14.0,раздельный,нет,4.0,5.0,2.7,нет,нет,1980,кирпичный,частично,2.714
4000000.0,13.0,раздельный,нет,3.0,5.0,2.7,нет,нет,1969,кирпичный,частично,2.245
10400000.0,30.0,совмещенный,балкон,2.0,5.0,2.7,нет,нет,1987,кирпичный,частично,3.491
12500000.0,58.0,совмещенный,нет,1.0,4.0,2.7,нет,нет,1964,кирпичный,частично,1.407
9900000.0,37.0,раздельный,балкон,2.0,5.0,2.7,нет,нет,1986,кирпичный,частично,3.491
15000000.0,34.4,совмещенный,нет,1.0,3.0,2.75,нет,нет,2023,кирпичный,полностью,4.193
9800000.0,47.0,совмещенный,балкон,2.0,5.0,2.7,нет,нет,1974,кирпичный,частично,2.791
23800000.0,50.0,совмещенный,нет,4.0,9.0,2.7,нет,нет,2022,кирпичный,частично,1.884
19500000.0,62.0,раздельный,лоджия,8.0,9.0,2.7,нет,нет,2007,кирпичный,частично,2.726
11000000.0,70.0,раздельный,нет,1.0,3.0,2.7,нет,нет,1999,кирпичный,частично,3.479
13500000.0,58.0,совмещенный,балкон,3.0,5.0,2.7,нет,нет,1972,кирпичный,частично,0.703
16000000.0,50.0,раздельный,нет,2.0,5.0,2.7,нет,нет,1985,кирпичный,частично,0.982
13500000.0,46.0,совмещенный,балкон,3.0,5.0,2.7,нет,нет,1980,кирпичный,частично,1.407
10500000.0,50.0,раздельный,балкон,5.0,5.0,2.5,нет,нет,1984,панельный,частично,3.351
9000000.0,30.5,раздельный,нет,3.0,5.0,2.7,нет,нет,1967,панельный,частично,0.251
9000000.0,30.5,совмещенный,нет,3.0,5.0,2.5,нет,нет,1967,панельный,полностью,0.251
15700000.0,55.0,раздельный,нет,2.0,9.0,2.7,нет,нет,1990,панельный,частично,3.251
14500000.0,52.0,раздельный,нет,5.0,9.0,2.7,нет,нет,1990,панельный,частично,2.677
25500000.0,68.0,раздельный,нет,5.0,9.0,2.7,нет,нет,2006,панельный,частично,1.955
14000000.0,47.6,раздельный,нет,1.0,5.0,2.5,нет,нет,1970,кирпичный,полностью,1.435
15500000.0,60.0,раздельный,нет,5.0,5.0,2.7,нет,нет,1972,кирпичный,частично,0.959
12000000.0,38.9,раздельный,нет,5.0,5.0,2.7,нет,нет,2024,кирпичный,частично,1.675
15500000.0,58.0,совмещенный,балкон,5.0,5.0,2.6,нет,нет,1969,панельный,частично,1.521
18500000.0,42.8,раздельный,нет,3.0,9.0,2.7,нет,нет,2021,кирпичный,частично,3.877
28000000.0,87.0,раздельный,нет,8.0,9.0,2.7,нет,нет,1988,панельный,частично,2.617
16000000.0,52.0,раздельный,нет,4.0,5.0,2.5,нет,нет,1977,панельный,полностью,3.798
15500000.0,50.0,раздельный,нет,5.0,5.0,2.7,нет,нет,1988,панельный,частично,2.393
14500000.0,63.2,раздельный,балкон,2.0,5.0,2.7,нет,нет,1979,кирпичный,частично,3.471
33500000.0,98.0,раздельный,несколько балконов или лоджий,3.0,9.0,2.7,нет,нет,2020,кирпичный,частично,3.796
12500000.0,51.0,раздельный,нет,3.0,5.0,2.5,да,нет,1986,панельный,полностью,1.841
15500000.0,44.7,раздельный,нет,4.0,5.0,2.7,нет,нет,1969,панельный,частично,1.521
6500000.0,22.0,раздельный,нет,2.0,4.0,2.5,да,нет,1963,кирпичный,частично,2.105
11500000.0,36.0,раздельный,нет,5.0,5.0,2.7,нет,нет,1969,кирпичный,частично,0.881
11000000.0,36.7,совмещенный,нет,1.0,5.0,2.7,нет,нет,1990,панельный,частично,2.635
16500000.0,42.0,раздельный,нет,4.0,5.0,2.7,нет,нет,2023,кирпичный,частично,1.036
30500000.0,75.0,раздельный,нет,9.0,9.0,2.7,нет,нет,2019,кирпичный,частично,1.727
17000000.0,59.0,раздельный,нет,3.0,5.0,2.7,нет,нет,1984,кирпичный,частично,3.429
20000000.0,63.0,раздельный,нет,4.0,5.0,2.5,нет,нет,1978,кирпичный,полностью,1.407
14500000.0,43.7,раздельный,нет,2.0,5.0,2.7,нет,нет,1973,кирпичный,частично,1.593
12800000.0,42.0,раздельный,нет,4.0,4.0,2.7,нет,нет,1966,кирпичный,частично,2.054
15500000.0,60.0,раздельный,нет,4.0,5.0,2.5,нет,нет,1984,панельный,полностью,3.818
19000000.0,51.3,раздельный,нет,3.0,6.0,2.7,нет,нет,1990,кирпичный,частично,2.677
12500000.0,46.0,совмещенный,нет,5.0,5.0,2.7,нет,нет,1982,панельный,полностью,3.818
19000000.0,41.8,раздельный,нет,4.0,9.0,2.7,нет,нет,2021,кирпичный,частично,1.596
9500000.0,40.0,совмещенный,нет,1.0,4.0,2.7,нет,нет,1963,кирпичный,полностью,2.107
17500000.0,56.9,раздельный,нет,1.0,5.0,2.7,нет,нет,2023,кирпичный,частично,2.492
33500000.0,82.6,раздельный,несколько балконов или лоджий,4.0,5.0,2.7,нет,нет,2020,кирпичный,частично,0.629
19500000.0,40.0,совмещенный,нет,8.0,9.0,3.0,нет,нет,2021,кирпичный,полностью,0.574
27500000.0,68.0,раздельный,несколько балконов или лоджий,4.0,5.0,2.7,нет,нет,2022,кирпичный,частично,1.624
22500000.0,48.3,раздельный,нет,3.0,9.0,2.7,нет,нет,2021,кирпичный,частично,1.596
18500000.0,60.0,раздельный,нет,9.0,9.0,2.7,нет,нет,2020,кирпичный,частично,3.265
15000000.0,55.3,раздельный,нет,2.0,5.0,2.7,нет,нет,1976,кирпичный,частично,1.73
18500000.0,76.0,раздельный,нет,5.0,5.0,2.7,нет,нет,2012,кирпичный,полностью,3.751
15100000.0,51.5,раздельный,нет,2.0,9.0,2.7,нет,нет,2006,панельный,частично,1.85
16000000.0,58.0,раздельный,нет,2.0,5.0,2.7,нет,нет,1979,панельный,частично,3.792
25500000.0,74.0,раздельный,нет,3.0,5.0,2.7,нет,нет,2010,кирпичный,частично,2.947
15500000.0,59.0,раздельный,нет,4.0,5.0,2.7,нет,нет,1983,панельный,частично,3.571
47000000.0,92.0,раздельный,нет,4.0,9.0,2.7,нет,нет,2020,кирпичный,полностью,3.296
17500000.0,63.0,раздельный,нет,3.0,5.0,2.7,нет,нет,1979,кирпичный,частично,3.471
18000000.0,78.0,раздельный,нет,6.0,6.0,2.7,нет,нет,1990,кирпичный,частично,2.677
18900000.0,81.0,раздельный,нет,5.0,5.0,2.7,нет,нет,1981,кирпичный,частично,0.613
28000000.0,108.0,раздельный,нет,1.0,5.0,2.7,нет,нет,2010,кирпичный,частично,3.454
11950000.0,45.7,раздельный,нет,2.0,9.0,3.0,нет,нет,2023,кирпичный,частично,4.193
15500000.0,50.0,раздельный,нет,7.0,9.0,2.7,нет,нет,2005,панельный,частично,1.845
19300000.0,66.4,раздельный,нет,6.0,6.0,2.7,нет,нет,1994,панельный,полностью,2.228
23000000.0,80.0,раздельный,балкон и лоджия,2.0,5.0,2.7,нет,нет,1997,кирпичный,полностью,2.431
10000000.0,52.6,совмещенный,нет,4.0,4.0,2.5,нет,нет,1962,кирпичный,без мебели,1.875
19000000.0,45.2,раздельный,нет,11.0,13.0,2.7,нет,нет,2022,кирпичный,частично,3.932
24500000.0,64.0,совмещенный,нет,6.0,9.0,2.8,нет,В залоге,2022,кирпичный,частично,3.818
16500000.0,50.0,совмещенный,нет,9.0,10.0,2.7,нет,нет,1992,кирпичный,частично,1.549
18900000.0,66.0,раздельный,нет,1.0,9.0,2.7,нет,нет,2024,кирпичный,частично,1.288
23000000.0,68.0,раздельный,нет,5.0,5.0,2.7,нет,нет,1975,кирпичный,частично,1.502
18000000.0,64.0,раздельный,нет,2.0,2.0,2.8,нет,нет,1974,кирпичный,полностью,2.678
15000000.0,47.3,раздельный,нет,1.0,5.0,2.7,нет,нет,2024,кирпичный,частично,1.676
20300000.0,53.4,раздельный,нет,3.0,9.0,2.7,нет,нет,2024,кирпичный,частично,1.103
12000000.0,39.0,раздельный,нет,7.0,9.0,2.7,нет,нет,2006,кирпичный,частично,2.378
6200000.0,14.0,совмещенный,нет,1.0,5.0,2.7,нет,нет,1985,кирпичный,полностью,1.247
18200000.0,39.0,раздельный,нет,4.0,9.0,2.7,нет,нет,2024,кирпичный,частично,3.836
11000000.0,29.7,раздельный,нет,3.0,5.0,2.7,нет,нет,1974,кирпичный,частично,3.984
23577300.0,77.05,раздельный,нет,4.0,5.0,2.7,нет,нет,2024,кирпичный,частично,2.322
20900000.0,78.5,раздельный,нет,4.0,5.0,2.7,нет,нет,1985,кирпичный,частично,3.607
20500000.0,61.0,раздельный,нет,2.0,5.0,2.7,нет,нет,1977,кирпичный,частично,1.228
12500000.0,42.4,раздельный,нет,3.0,4.0,2.7,нет,нет,1968,кирпичный,частично,2.369
22500000.0,45.6,раздельный,нет,6.0,9.0,2.75,нет,В залоге,2022,кирпичный,полностью,1.436
16500000.0,34.4,совмещенный,лоджия,2.0,3.0,2.7,нет,В залоге,2023,кирпичный,полностью,4.485
22000000.0,64.0,раздельный,нет,2.0,5.0,2.7,нет,нет,1983,кирпичный,частично,0.167
23200000.0,69.2,раздельный,нет,4.0,9.0,2.7,нет,нет,2023,кирпичный,частично,1.599
10500000.0,40.0,раздельный,нет,4.0,6.0,2.7,нет,нет,1989,панельный,частично,1.961
13000000.0,48.0,раздельный,балкон,5.0,5.0,2.7,нет,нет,1971,кирпичный,полностью,1.103
22000000.0,67.5,раздельный,нет,1.0,9.0,2.7,нет,нет,2006,панельный,полностью,1.682
10000000.0,51.0,раздельный,нет,5.0,5.0,2.7,нет,нет,1978,кирпичный,частично,4.183
7500000.0,31.3,раздельный,нет,1.0,2.0,2.7,нет,нет,1965,кирпичный,полностью,2.668
9000000.0,44.0,раздельный,нет,3.0,4.0,2.7,нет,нет,1965,кирпичный,частично,2.275
15400000.0,50.0,совмещенный,нет,5.0,5.0,2.7,нет,В залоге,1972,кирпичный,частично,1.72
8000000.0,41.7,раздельный,нет,1.0,2.0,2.7,нет,нет,1972,кирпичный,полностью,4.154
7500000.0,37.0,совмещенный,нет,2.0,5.0,2.7,нет,нет,1983,панельный,полностью,2.131
13600000.0,45.0,раздельный,нет,2.0,5.0,2.7,нет,нет,2024,кирпичный,частично,1.73
16800000.0,45.0,совмещенный,лоджия,3.0,5.0,2.7,нет,В залоге,2012,кирпичный,частично,1.452
15500000.0,50.0,раздельный,нет,7.0,9.0,2.7,нет,нет,2005,панельный,полностью,1.845
35000000.0,81.9,раздельный,нет,2.0,9.0,2.7,нет,В залоге,2022,кирпичный,частично,3.491
25500000.0,48.7,раздельный,нет,2.0,2.0,2.7,нет,нет,2016,кирпичный,частично,4.193
20000000.0,47.0,совмещенный,нет,5.0,5.0,2.7,нет,нет,2020,кирпичный,частично,1.407
3900000.0,20.0,раздельный,нет,2.0,5.0,2.7,да,нет,1988,кирпичный,частично,1.195
48500000.0,118.0,2 с/у и более,несколько балконов или лоджий,6.0,9.0,2.7,нет,нет,2017,кирпичный,частично,0.564
12995000.0,44.81,раздельный,нет,4.0,5.0,2.7,нет,нет,2024,кирпичный,частично,2.726
11806500.0,46.3,раздельный,балкон и лоджия,5.0,5.0,2.7,нет,нет,2023,кирпичный,частично,3.491
8800000.0,41.87,раздельный,лоджия,4.0,5.0,2.7,нет,нет,2024,кирпичный,частично,1.743
17700000.0,63.25,раздельный,нет,2.0,8.0,2.7,нет,нет,2025,кирпичный,частично,0.781
18500000.0,57.2,раздельный,нет,3.0,10.0,2.7,нет,нет,2024,кирпичный,частично,2.677
17500000.0,62.5,раздельный,нет,2.0,10.0,2.7,нет,нет,2024,кирпичный,частично,2.507
24200000.0,61.2,раздельный,нет,4.0,5.0,2.7,нет,нет,2024,панельный,частично,4.193
29540000.0,105.5,раздельный,нет,9.0,10.0,2.7,нет,нет,2023,кирпичный,частично,2.726
14674000.0,50.6,раздельный,нет,3.0,5.0,2.8,нет,нет,2023,кирпичный,без мебели,2.225
33500000.0,98.0,раздельный,балкон и лоджия,3.0,9.0,2.8,нет,нет,2020,кирпичный,частично,3.796
9500000.0,40.3,совмещенный,нет,1.0,4.0,2.7,нет,нет,1964,кирпичный,частично,2.107
8500000.0,42.5,совмещенный,нет,3.0,4.0,2.7,нет,нет,1965,кирпичный,частично,2.3
13000000.0,46.8,совмещенный,лоджия,5.0,5.0,2.7,нет,нет,1982,панельный,частично,3.818
14500000.0,40.3,совмещенный,нет,4.0,9.0,2.7,нет,нет,2014,иной,полностью,4.216
9500000.0,30.0,совмещенный,балкон,4.0,5.0,2.7,нет,нет,1974,кирпичный,частично,0.669
10500000.0,44.8,совмещенный,нет,1.0,4.0,2.5,нет,нет,1967,панельный,частично,2.275
17500000.0,56.8,раздельный,лоджия,3.0,5.0,2.7,нет,нет,1990,монолитный,частично,3.527
13900000.0,41.2,раздельный,лоджия,5.0,5.0,2.7,нет,нет,2018,кирпичный,частично,1.738
55000000.0,120.0,2 с/у и более,нет,2.0,5.0,2.8,нет,нет,2022,кирпичный,полностью,1.407
20500000.0,68.0,раздельный,балкон и лоджия,8.0,9.0,2.5,нет,В залоге,2019,кирпичный,полностью,4.43
19500000.0,64.9,раздельный,балкон и лоджия,4.0,5.0,2.5,нет,нет,1981,кирпичный,частично,1.146
10500000.0,60.0,раздельный,нет,2.0,2.0,2.7,нет,нет,1960,иной,частично,0.423
11000000.0,30.5,совмещенный,нет,3.0,5.0,2.5,нет,нет,1974,кирпичный,частично,1.143
22500000.0,67.4,раздельный,лоджия,4.0,6.0,2.5,нет,нет,1992,панельный,частично,2.109
24000000.0,70.0,раздельный,лоджия,1.0,5.0,3.0,нет,В залоге,2018,кирпичный,частично,3.979
22500000.0,56.7,совмещенный,лоджия,8.0,9.0,2.7,нет,нет,2020,кирпичный,частично,3.858
20500000.0,57.4,раздельный,нет,3.0,6.0,2.5,нет,нет,1986,иной,частично,1.403
32000000.0,86.7,2 с/у и более,нет,9.0,10.0,3.0,нет,В залоге,2021,кирпичный,полностью,1.727
19500000.0,70.2,раздельный,лоджия,6.0,6.0,2.5,нет,нет,1993,панельный,частично,3.527
3500000.0,18.0,раздельный,нет,3.0,5.0,2.75,да,нет,1950,кирпичный,частично,2.245
23500000.0,79.0,совмещенный,нет,4.0,5.0,2.7,нет,нет,1984,панельный,частично,3.286
14500000.0,51.0,раздельный,лоджия,5.0,5.0,2.7,нет,нет,1987,панельный,частично,3.724
11500000.0,39.4,совмещенный,лоджия,2.0,9.0,2.7,нет,нет,2014,кирпичный,частично,4.276
16500000.0,77.5,раздельный,лоджия,5.0,5.0,2.7,нет,нет,1996,кирпичный,частично,3.552
8500000.0,48.9,раздельный,нет,2.0,4.0,2.7,да,нет,1962,кирпичный,частично,2.041
17000000.0,80.0,раздельный,лоджия,4.0,5.0,2.7,нет,нет,1980,кирпичный,полностью,3.541
12500000.0,54.0,раздельный,нет,1.0,5.0,2.7,нет,нет,1986,панельный,полностью,3.642
30000000.0,71.3,раздельный,нет,6.0,10.0,2.7,нет,В залоге,2023,кирпичный,частично,4.193
50000000.0,137.0,раздельный,нет,3.0,8.0,2.7,нет,нет,2019,кирпичный,полностью,2.677
28000000.0,66.0,раздельный,нет,4.0,7.0,2.7,нет,нет,2019,кирпичный,полностью,2.677
13500000.0,40.0,совмещенный,нет,1.0,9.0,2.7,нет,нет,2015,кирпичный,частично,4.276
33000000.0,80.0,раздельный,нет,5.0,9.0,2.8,нет,нет,2020,кирпичный,полностью,3.796
57000000.0,107.0,2 с/у и более,нет,2.0,5.0,2.7,нет,нет,2022,кирпичный,полностью,1.758
23000000.0,51.9,раздельный,нет,5.0,9.0,2.7,нет,нет,1991,панельный,частично,2.891
8300000.0,31.4,совмещенный,нет,2.0,3.0,2.7,нет,нет,1960,кирпичный,частично,1.99
33500000.0,90.1,раздельный,нет,5.0,5.0,3.0,нет,нет,2014,кирпичный,частично,0.778
60000000.0,118.0,2 с/у и более,нет,7.0,9.0,2.7,нет,нет,2023,кирпичный,частично,1.95
34000000.0,64.0,раздельный,нет,4.0,5.0,2.7,нет,нет,2018,кирпичный,частично,1.653
17500000.0,58.8,раздельный,нет,4.0,6.0,2.5,нет,нет,1990,иной,частично,1.403
41000000.0,97.7,раздельный,нет,4.0,10.0,2.8,нет,нет,2023,кирпичный,частично,0.975
24400000.0,52.0,совмещенный,нет,5.0,9.0,3.0,нет,нет,2022,кирпичный,частично,0.947
21500000.0,70.0,раздельный,балкон,3.0,9.0,2.7,нет,нет,1986,панельный,частично,3.381
12500000.0,46.0,раздельный,нет,1.0,5.0,2.7,нет,нет,2017,кирпичный,полностью,4.244
27000000.0,84.0,раздельный,несколько балконов или лоджий,7.0,9.0,2.7,нет,нет,2023,кирпичный,без мебели,4.193
19500000.0,77.7,раздельный,нет,1.0,5.0,2.7,нет,нет,1978,панельный,частично,3.918
10000000.0,36.0,раздельный,нет,5.0,5.0,2.7,нет,нет,1986,панельный,частично,2.046
17700000.0,40.0,раздельный,нет,5.0,9.0,2.8,нет,нет,2021,кирпичный,полностью,3.296
3200000.0,12.0,раздельный,нет,2.0,5.0,2.5,да,нет,1978,кирпичный,частично,3.809
13000000.0,43.7,раздельный,нет,4.0,5.0,2.7,нет,нет,1987,панельный,частично,0.47
15000000.0,58.0,совмещенный,нет,2.0,5.0,2.7,нет,нет,1969,кирпичный,частично,2.175
16000000.0,62.0,раздельный,нет,5.0,5.0,2.6,нет,В залоге,1988,панельный,частично,3.817
18000000.0,65.0,раздельный,лоджия,5.0,5.0,100.0,нет,нет,1989,панельный,полностью,3.404
17400000.0,44.0,раздельный,нет,2.0,5.0,2.9,нет,нет,2019,кирпичный,частично,1.329
23700000.0,75.0,раздельный,нет,5.0,5.0,2.5,нет,нет,1986,кирпичный,частично,1.622
30000000.0,88.0,раздельный,нет,6.0,6.0,2.7,нет,нет,2015,кирпичный,частично,0.451
5000000.0,18.0,раздельный,нет,1.0,5.0,2.0,да,нет,1987,кирпичный,частично,1.19
25000000.0,62.0,раздельный,нет,3.0,5.0,3.0,нет,нет,1988,панельный,полностью,2.025
24000000.0,86.4,раздельный,лоджия,6.0,6.0,2.7,нет,нет,1993,панельный,полностью,3.633
28000000.0,81.0,раздельный,нет,6.0,9.0,2.7,нет,В залоге,1994,панельный,полностью,3.491
22900000.0,73.7,совмещенный,нет,1.0,5.0,2.8,нет,нет,2009,кирпичный,частично,2.677
10000000.0,34.6,совмещенный,балкон,2.0,5.0,2.7,нет,нет,1980,кирпичный,частично,3.437
9000000.0,35.8,совмещенный,нет,2.0,5.0,2.7,да,нет,1981,кирпичный,частично,2.662
24000000.0,82.0,раздельный,нет,4.0,6.0,2.7,нет,нет,1991,панельный,частично,2.891
18900000.0,53.6,совмещенный,нет,4.0,5.0,2.8,нет,нет,2018,кирпичный,полностью,0.884
15000000.0,52.4,раздельный,нет,5.0,6.0,2.7,нет,нет,1991,панельный,полностью,2.784
31000000.0,76.1,раздельный,нет,5.0,9.0,2.7,нет,нет,2020,кирпичный,полностью,0.47
16800000.0,50.0,раздельный,нет,4.0,5.0,2.7,нет,нет,1986,кирпичный,частично,3.751
38000000.0,96.8,совмещенный,нет,5.0,5.0,2.7,нет,В залоге,2018,кирпичный,полностью,0.711
20000000.0,60.0,совмещенный,нет,2.0,5.0,2.7,нет,нет,1973,кирпичный,частично,1.593
16500000.0,48.0,совмещенный,лоджия,2.0,5.0,2.7,нет,нет,2019,кирпичный,частично,4.485
19500000.0,48.0,раздельный,нет,4.0,9.0,2.75,нет,нет,2022,кирпичный,без мебели,1.324
14800000.0,45.0,совмещенный,нет,2.0,5.0,2.7,нет,нет,2023,кирпичный,частично,2.949
48000000.0,80.0,раздельный,нет,7.0,9.0,3.0,нет,нет,2022,кирпичный,частично,1.884
15500000.0,58.8,раздельный,нет,4.0,5.0,2.7,нет,нет,1976,кирпичный,частично,3.915
18500000.0,63.6,совмещенный,нет,4.0,9.0,2.8,нет,нет,2024,кирпичный,частично,1.132
14500000.0,72.1,2 с/у и более,нет,2.0,5.0,2.65,да,нет,1987,панельный,частично,1.519
10400000.0,36.7,совмещенный,нет,3.0,5.0,2.7,нет,нет,1992,кирпичный,частично,3.454
14800000.0,37.0,совмещенный,нет,2.0,5.0,2.7,нет,нет,1986,кирпичный,полностью,1.58
22500000.0,88.0,раздельный,нет,3.0,9.0,2.7,нет,нет,2024,кирпичный,частично,1.288
3000000.0,18.0,раздельный,нет,3.0,5.0,2.7,нет,нет,1984,кирпичный,частично,3.651
28200000.0,68.0,совмещенный,нет,9.0,10.0,2.8,нет,нет,2018,кирпичный,полностью,0.574
16000000.0,65.0,раздельный,нет,5.0,5.0,2.7,нет,нет,1984,панельный,частично,3.358
18900000.0,66.0,раздельный,нет,8.0,9.0,2.7,нет,нет,2024,кирпичный,частично,1.288
14700000.0,54.0,совмещенный,нет,4.0,4.0,2.5,нет,нет,1964,кирпичный,частично,2.054
19000000.0,47.0,совмещенный,нет,4.0,9.0,2.7,нет,нет,2022,кирпичный,частично,1.296
14000000.0,59.0,раздельный,балкон,2.0,5.0,2.7,нет,нет,1968,кирпичный,частично,2.14
22500000.0,88.0,раздельный,нет,2.0,9.0,2.7,нет,нет,2024,кирпичный,частично,1.083
17600000.0,42.0,совмещенный,балкон,4.0,5.0,2.7,нет,нет,2022,кирпичный,полностью,1.758
8300000.0,49.2,раздельный,нет,3.0,9.0,3.0,да,нет,1986,кирпичный,частично,1.309
25000000.0,52.0,раздельный,нет,1.0,5.0,2.7,нет,нет,1988,панельный,частично,0.989
27500000.0,83.5,раздельный,балкон и лоджия,6.0,9.0,2.7,нет,нет,2017,панельный,частично,4.033
15500000.0,57.9,раздельный,балкон,3.0,5.0,2.7,нет,нет,1974,панельный,частично,3.348
26000000.0,68.0,раздельный,балкон,5.0,9.0,2.7,нет,В залоге,2006,панельный,полностью,1.955
26000000.0,57.9,совмещенный,лоджия,5.0,5.0,2.7,нет,нет,2023,кирпичный,частично,1.651
19000000.0,80.0,раздельный,нет,5.0,5.0,2.7,нет,нет,1984,панельный,частично,3.286
52000000.0,107.0,2 с/у и более,нет,2.0,10.0,2.7,нет,нет,2024,кирпичный,частично,0.584
10000000.0,42.0,совмещенный,нет,3.0,5.0,2.7,нет,нет,1982,кирпичный,частично,1.247
10000000.0,30.2,раздельный,нет,4.0,5.0,2.7,нет,нет,1967,кирпичный,частично,2.245
18500000.0,62.6,раздельный,нет,1.0,5.0,2.7,нет,нет,1992,кирпичный,частично,2.874
9000000.0,35.8,совмещенный,нет,4.0,5.0,2.7,нет,нет,1985,кирпичный,частично,3.716
30500000.0,98.8,2 с/у и более,лоджия,1.0,5.0,2.5,нет,нет,2002,кирпичный,полностью,0.964
14500000.0,40.3,совмещенный,лоджия,4.0,9.0,2.7,нет,нет,2014,кирпичный,частично,4.216
18500000.0,76.0,раздельный,балкон и лоджия,5.0,5.0,2.7,нет,нет,2012,кирпичный,частично,3.751
22500000.0,67.0,раздельный,нет,2.0,9.0,2.7,нет,нет,1989,панельный,полностью,2.315
9500000.0,36.0,раздельный,нет,6.0,6.0,2.6,нет,нет,1990,панельный,полностью,1.783
29000000.0,85.0,раздельный,нет,2.0,9.0,2.7,нет,нет,2017,панельный,частично,4.033
15500000.0,51.5,раздельный,нет,1.0,6.0,2.7,нет,нет,1990,панельный,полностью,2.379
15500000.0,50.0,раздельный,нет,4.0,5.0,2.7,нет,нет,1984,кирпичный,полностью,3.286
10500000.0,55.0,совмещенный,нет,1.0,5.0,2.8,нет,нет,1980,панельный,без мебели,3.361
18500000.0,66.4,раздельный,балкон и лоджия,9.0,9.0,2.7,нет,нет,1983,панельный,частично,3.071
24500000.0,66.8,совмещенный,нет,5.0,5.0,2.7,нет,В залоге,2018,кирпичный,частично,1.569
14600000.0,40.9,совмещенный,нет,1.0,5.0,2.7,нет,нет,1988,кирпичный,полностью,0.633
23500000.0,66.0,раздельный,лоджия,7.0,9.0,2.7,нет,нет,2004,панельный,частично,2.006
13000000.0,45.0,совмещенный,нет,2.0,3.0,2.7,нет,нет,1965,кирпичный,частично,0.66
15500000.0,50.0,раздельный,лоджия,7.0,9.0,2.6,нет,нет,2005,панельный,частично,1.845
33500000.0,90.1,раздельный,лоджия,5.0,5.0,2.7,нет,нет,2014,кирпичный,частично,0.778
8500000.0,32.9,совмещенный,нет,1.0,3.0,2.7,нет,нет,1961,кирпичный,частично,2.714
60000000.0,118.0,2 с/у и более,несколько балконов или лоджий,7.0,9.0,2.7,нет,нет,2023,кирпичный,частично,1.95
18000000.0,60.0,раздельный,лоджия,3.0,5.0,2.7,нет,нет,1976,кирпичный,частично,1.143
16000000.0,58.2,раздельный,нет,1.0,5.0,2.7,нет,нет,1980,кирпичный,полностью,3.86
26000000.0,68.3,совмещенный,лоджия,3.0,5.0,2.7,нет,нет,2023,кирпичный,частично,3.491
19500000.0,77.7,раздельный,нет,1.0,5.0,2.7,нет,нет,1978,панельный,частично,3.918
17500000.0,66.7,раздельный,нет,7.0,9.0,2.7,нет,нет,1988,панельный,частично,2.677
10500000.0,45.1,совмещенный,нет,3.0,3.0,2.6,нет,нет,1974,панельный,частично,2.838
15000000.0,54.0,раздельный,нет,9.0,9.0,2.7,нет,нет,1988,панельный,частично,2.677
42500000.0,96.0,раздельный,несколько балконов или лоджий,6.0,9.0,2.7,нет,нет,2015,кирпичный,полностью,1.079
19000000.0,70.0,раздельный,нет,9.0,9.0,2.7,нет,нет,1991,панельный,полностью,2.891
17000000.0,61.7,раздельный,нет,5.0,5.0,2.7,нет,В залоге,2010,кирпичный,частично,3.454
19000000.0,66.0,совмещенный,лоджия,9.0,10.0,2.7,нет,нет,2023,кирпичный,частично,2.159
18500000.0,62.6,раздельный,нет,1.0,5.0,2.7,нет,нет,1992,панельный,частично,2.874
14300000.0,51.0,раздельный,балкон,5.0,5.0,2.7,нет,нет,1977,панельный,частично,1.358
27000000.0,84.0,раздельный,нет,7.0,9.0,2.7,нет,нет,2023,кирпичный,частично,4.193
12500000.0,46.0,раздельный,нет,1.0,5.0,2.7,нет,нет,2017,кирпичный,частично,4.244
21000000.0,89.0,раздельный,нет,5.0,5.0,2.7,нет,нет,2019,кирпичный,частично,4.449
19500000.0,65.2,раздельный,нет,8.0,12.0,2.7,нет,нет,2019,панельный,частично,4.321
7800000.0,32.0,совмещенный,лоджия,2.0,5.0,2.7,да,нет,1981,панельный,частично,2.662
8500000.0,42.6,совмещенный,нет,3.0,4.0,2.7,нет,нет,1965,кирпичный,полностью,2.3
9000000.0,30.5,совмещенный,нет,3.0,5.0,2.5,нет,нет,1967,панельный,частично,0.251
14500000.0,46.0,раздельный,лоджия,4.0,4.0,2.7,нет,нет,1975,кирпичный,частично,1.245
18000000.0,65.5,раздельный,нет,4.0,9.0,2.7,нет,нет,1996,панельный,частично,1.85
22000000.0,67.8,раздельный,лоджия,1.0,9.0,2.7,нет,нет,2005,панельный,частично,1.682
16500000.0,48.0,совмещенный,нет,2.0,5.0,2.7,нет,В залоге,2019,кирпичный,частично,4.485
13000000.0,54.1,совмещенный,нет,2.0,5.0,2.7,нет,нет,1966,кирпичный,частично,0.132
15000000.0,46.4,раздельный,нет,4.0,5.0,2.7,нет,В залоге,2019,кирпичный,частично,4.415
29000000.0,76.7,2 с/у и более,нет,5.0,5.0,2.7,нет,нет,2019,кирпичный,частично,0.932
13000000.0,54.1,совмещенный,нет,2.0,5.0,2.6,нет,нет,1966,кирпичный,частично,0.132
12500000.0,40.0,совмещенный,нет,4.0,4.0,2.7,нет,нет,1964,кирпичный,полностью,2.034
14500000.0,36.0,раздельный,нет,5.0,5.0,2.7,нет,нет,1990,панельный,частично,0.185
10500000.0,36.8,раздельный,нет,4.0,6.0,2.6,нет,нет,1989,панельный,частично,1.961
10000000.0,36.0,раздельный,нет,5.0,5.0,2.7,нет,нет,1986,панельный,частично,2.046
9500000.0,32.1,совмещенный,нет,1.0,5.0,2.7,нет,В залоге,1980,кирпичный,частично,1.972
12800000.0,42.2,совмещенный,балкон,4.0,5.0,2.7,нет,нет,1964,кирпичный,полностью,2.032
26499999.0,80.0,раздельный,нет,2.0,5.0,2.5,нет,В залоге,2010,кирпичный,полностью,3.527
20000000.0,60.1,раздельный,нет,3.0,5.0,2.8,нет,нет,2012,кирпичный,частично,1.974
28000000.0,77.0,раздельный,нет,5.0,5.0,2.7,нет,нет,2018,кирпичный,частично,1.569
13900000.0,41.2,раздельный,нет,5.0,5.0,2.8,нет,нет,2018,кирпичный,полностью,1.941
20500000.0,57.4,раздельный,нет,3.0,6.0,2.5,нет,нет,1986,иной,частично,1.403
28500000.0,68.0,раздельный,нет,3.0,6.0,2.0,нет,В залоге,1993,панельный,частично,0.703
12000000.0,47.7,раздельный,нет,5.0,5.0,2.5,нет,нет,1974,кирпичный,частично,1.143
14500000.0,43.0,раздельный,нет,4.0,9.0,2.75,нет,нет,2022,кирпичный,без мебели,1.324
19500000.0,70.2,раздельный,лоджия,6.0,6.0,2.5,нет,нет,1993,панельный,частично,3.527
7000000.0,28.0,совмещенный,нет,5.0,5.0,2.7,да,нет,1987,панельный,частично,1.519
60000000.0,118.0,2 с/у и более,несколько балконов или лоджий,7.0,9.0,3.1,нет,нет,2023,кирпичный,полностью,1.95
13500000.0,48.0,раздельный,нет,1.0,5.0,2.5,нет,нет,1984,панельный,частично,3.286
15500000.0,48.0,совмещенный,нет,7.0,9.0,2.7,нет,нет,2015,кирпичный,частично,2.807
11500000.0,39.4,совмещенный,нет,2.0,9.0,2.5,нет,нет,2014,кирпичный,полностью,4.276
16500000.0,77.5,раздельный,нет,5.0,5.0,2.7,нет,нет,1996,кирпичный,полностью,3.552
15500000.0,57.9,раздельный,нет,3.0,5.0,2.5,нет,нет,1974,панельный,частично,3.348
18500000.0,42.8,совмещенный,лоджия,3.0,9.0,2.7,нет,нет,2021,кирпичный,частично,3.877
27500000.0,76.5,раздельный,балкон и лоджия,9.0,9.0,2.7,нет,нет,2015,кирпичный,частично,0.483
23000000.0,78.0,раздельный,нет,3.0,5.0,2.7,нет,нет,1989,кирпичный,полностью,3.429
22500000.0,74.0,совмещенный,нет,1.0,5.0,2.7,нет,нет,1976,кирпичный,полностью,1.858
31000000.0,98.8,2 с/у и более,нет,1.0,5.0,2.7,нет,нет,2002,кирпичный,частично,0.964
7500000.0,31.9,совмещенный,нет,1.0,2.0,2.7,нет,нет,1965,кирпичный,частично,2.668
19000000.0,61.0,совмещенный,лоджия,5.0,5.0,3.0,нет,нет,2017,кирпичный,частично,0.884
11500000.0,43.7,совмещенный,нет,5.0,5.0,2.5,нет,нет,1968,панельный,частично,0.365
11100000.0,32.0,совмещенный,нет,2.0,5.0,2.5,нет,нет,1968,кирпичный,полностью,2.032
10500000.0,55.0,совмещенный,лоджия,1.0,5.0,2.7,нет,нет,1980,панельный,частично,3.361
15500000.0,56.9,раздельный,балкон,5.0,5.0,2.7,нет,нет,1970,кирпичный,полностью,0.557
26000000.0,59.0,совмещенный,балкон,1.0,9.0,2.7,нет,нет,2024,кирпичный,полностью,4.193
7600000.0,31.0,совмещенный,нет,5.0,5.0,2.7,нет,нет,1979,кирпичный,частично,2.475
11500000.0,62.0,раздельный,нет,2.0,5.0,2.6,нет,нет,1975,кирпичный,частично,4.183
11500000.0,61.0,раздельный,нет,2.0,5.0,2.7,нет,нет,1975,кирпичный,частично,4.183
30000000.0,76.0,раздельный,нет,1.0,9.0,2.7,нет,нет,2017,кирпичный,полностью,3.014
10500000.0,36.8,раздельный,нет,4.0,6.0,2.7,нет,нет,1989,панельный,частично,1.961
16500000.0,58.7,раздельный,лоджия,1.0,6.0,2.5,нет,нет,1990,кирпичный,без мебели,2.05
15500000.0,51.6,раздельный,нет,2.0,5.0,2.7,нет,нет,1978,панельный,частично,1.154
12500000.0,52.0,раздельный,нет,1.0,5.0,2.7,нет,нет,1981,панельный,частично,3.642
18500000.0,80.0,раздельный,лоджия,1.0,9.0,2.7,нет,нет,2004,панельный,частично,2.006
8300000.0,31.4,совмещенный,нет,2.0,3.0,2.7,нет,нет,1960,кирпичный,частично,1.99
15700000.0,52.2,раздельный,лоджия,2.0,9.0,2.7,нет,нет,1990,панельный,частично,3.251
27000000.0,84.0,раздельный,несколько балконов или лоджий,7.0,9.0,2.7,нет,нет,2023,кирпичный,частично,4.193
9500000.0,40.0,раздельный,нет,5.0,5.0,2.7,нет,нет,1972,кирпичный,частично,0.402
15500000.0,50.0,раздельный,лоджия,7.0,9.0,2.7,нет,нет,2005,панельный,частично,1.845
4500000.0,13.0,раздельный,нет,4.0,5.0,2.7,да,нет,1983,кирпичный,частично,2.714
12500000.0,49.9,раздельный,лоджия,3.0,5.0,2.7,нет,нет,1978,кирпичный,частично,2.791
16000000.0,54.0,раздельный,нет,5.0,9.0,2.7,нет,нет,2005,панельный,полностью,3.177
23000000.0,64.0,раздельный,нет,1.0,5.0,2.7,нет,В залоге,2021,кирпичный,полностью,4.193
10500000.0,51.0,раздельный,нет,5.0,5.0,2.7,нет,нет,1986,панельный,частично,1.48
12000000.0,51.0,раздельный,нет,1.0,5.0,2.7,нет,нет,1982,панельный,частично,3.401
16500000.0,50.0,раздельный,нет,4.0,5.0,2.7,нет,нет,1989,панельный,частично,3.286
23500000.0,71.3,раздельный,балкон,6.0,9.0,2.7,нет,нет,1990,кирпичный,полностью,0.85
15000000.0,43.0,раздельный,нет,2.0,4.0,2.7,нет,нет,2004,кирпичный,частично,0.916
25000000.0,64.0,раздельный,лоджия,3.0,5.0,2.7,нет,нет,1991,панельный,частично,1.374
15000000.0,50.3,раздельный,нет,3.0,9.0,2.7,нет,нет,1989,панельный,полностью,3.579
16000000.0,54.0,раздельный,нет,5.0,9.0,2.7,нет,нет,2005,панельный,частично,3.177
27500000.0,58.0,раздельный,нет,1.0,9.0,2.7,нет,нет,2020,кирпичный,частично,0.47
25500000.0,51.6,раздельный,нет,6.0,9.0,3.0,нет,В залоге,2023,кирпичный,полностью,2.159
28500000.0,66.6,раздельный,нет,3.0,5.0,2.7,нет,нет,2021,кирпичный,частично,1.851
8300000.0,49.0,раздельный,нет,3.0,9.0,2.7,да,нет,1986,кирпичный,частично,1.58
10300000.0,41.0,совмещенный,нет,3.0,5.0,3.0,да,нет,1988,панельный,частично,1.272
13500000.0,42.0,раздельный,нет,4.0,4.0,2.7,нет,нет,1970,кирпичный,частично,2.111
8500000.0,48.0,раздельный,нет,2.0,4.0,2.7,нет,нет,1962,кирпичный,частично,2.041
27500000.0,83.0,раздельный,нет,6.0,9.0,2.7,нет,нет,2017,панельный,частично,4.033
15500000.0,58.0,раздельный,нет,3.0,5.0,2.7,нет,нет,1974,панельный,частично,3.348
46000000.0,85.0,раздельный,нет,2.0,9.0,2.95,нет,нет,2023,кирпичный,частично,1.884
13500000.0,45.0,совмещенный,нет,2.0,3.0,2.7,нет,нет,1965,кирпичный,полностью,0.66
16500000.0,51.6,совмещенный,балкон,3.0,5.0,2.7,нет,нет,1986,панельный,частично,2.046
20000000.0,63.0,раздельный,нет,4.0,6.0,2.7,нет,нет,1992,кирпичный,частично,1.929
7700000.0,36.6,совмещенный,нет,3.0,5.0,2.7,да,В залоге,1990,панельный,частично,2.627
19000000.0,61.0,раздельный,нет,2.0,5.0,2.7,нет,нет,2022,кирпичный,частично,1.73
8500000.0,36.2,совмещенный,нет,4.0,5.0,2.7,да,нет,1981,панельный,частично,2.662
9900000.0,35.8,совмещенный,лоджия,3.0,5.0,2.8,нет,нет,1978,панельный,частично,3.798
16800000.0,62.0,раздельный,нет,4.0,5.0,2.5,нет,нет,1985,панельный,частично,3.733
9000000.0,36.0,раздельный,нет,4.0,5.0,2.7,нет,нет,1985,панельный,частично,3.716
25000000.0,61.0,раздельный,нет,3.0,9.0,2.7,нет,В залоге,2022,кирпичный,полностью,3.598
10550000.0,39.0,совмещенный,нет,2.0,4.0,2.6,да,нет,1965,кирпичный,полностью,2.277
9000000.0,30.5,совмещенный,нет,4.0,5.0,2.7,нет,нет,1969,кирпичный,частично,1.103
29000000.0,75.0,раздельный,лоджия,8.0,9.0,2.7,нет,нет,2015,кирпичный,частично,4.193
15000000.0,55.3,раздельный,лоджия,2.0,5.0,2.7,нет,нет,1976,кирпичный,частично,1.73
3800000.0,14.0,совмещенный,нет,4.0,5.0,2.5,нет,нет,1987,кирпичный,частично,1.19
7000000.0,25.0,совмещенный,нет,7.0,9.0,3.0,да,нет,1986,кирпичный,частично,1.58
17500000.0,46.0,раздельный,нет,6.0,9.0,2.75,нет,нет,2022,кирпичный,частично,1.436
13500000.0,41.0,совмещенный,лоджия,1.0,5.0,2.7,нет,нет,1983,кирпичный,частично,3.932
32000000.0,104.0,2 с/у и более,нет,3.0,5.0,2.7,нет,нет,1973,кирпичный,частично,2.245
21300000.0,80.0,раздельный,нет,5.0,6.0,2.7,нет,нет,1990,панельный,частично,3.527
14200000.0,47.8,раздельный,нет,5.0,5.0,2.7,нет,нет,1997,кирпичный,частично,3.552
3300000.0,18.0,2 с/у и более,нет,5.0,5.0,2.7,да,нет,1984,кирпичный,полностью,3.651
7800000.0,49.2,раздельный,нет,3.0,9.0,2.7,да,нет,1986,кирпичный,частично,1.58
24500000.0,70.0,раздельный,нет,5.0,5.0,2.7,нет,нет,2018,кирпичный,частично,1.569
18500000.0,60.8,раздельный,нет,2.0,5.0,2.5,нет,нет,1978,кирпичный,частично,1.637
16000000.0,42.0,совмещенный,нет,4.0,4.0,2.5,нет,нет,1963,кирпичный,частично,2.045
9600000.0,32.0,совмещенный,нет,1.0,4.0,2.5,нет,нет,1967,кирпичный,полностью,1.875
37700000.0,90.1,раздельный,нет,5.0,5.0,2.7,нет,нет,2022,кирпичный,частично,0.53
19000000.0,103.0,раздельный,нет,2.0,2.0,2.5,нет,нет,1936,панельный,частично,1.19
19000000.0,70.0,раздельный,балкон,9.0,9.0,2.7,нет,нет,1991,панельный,полностью,2.891
16000000.0,51.8,раздельный,нет,3.0,5.0,2.7,нет,нет,2024,кирпичный,частично,2.322
16191500.0,61.1,раздельный,нет,1.0,5.0,2.7,нет,нет,2023,панельный,частично,4.193
16500000.0,60.0,раздельный,нет,1.0,6.0,2.7,нет,нет,1990,кирпичный,частично,1.374
8300000.0,31.0,раздельный,нет,2.0,3.0,2.7,нет,нет,1960,кирпичный,частично,1.99
39000000.0,148.9,раздельный,нет,3.0,7.0,2.7,нет,нет,2015,кирпичный,частично,2.129
29812500.0,112.5,раздельный,нет,4.0,5.0,2.7,нет,нет,2023,панельный,частично,4.193
15500000.0,58.0,совмещенный,нет,5.0,5.0,2.7,нет,нет,1969,панельный,частично,1.521
16000000.0,55.6,раздельный,нет,3.0,5.0,2.7,нет,нет,1984,кирпичный,полностью,3.401
16000000.0,62.0,раздельный,нет,5.0,5.0,2.6,нет,нет,1991,кирпичный,частично,3.817
12300000.0,45.6,раздельный,нет,9.0,9.0,2.7,нет,нет,2023,кирпичный,частично,1.132
16500000.0,52.0,раздельный,нет,2.0,5.0,2.7,нет,нет,1984,панельный,частично,3.697
14500000.0,45.0,раздельный,нет,3.0,9.0,2.7,нет,нет,2022,кирпичный,частично,1.294
19524400.0,69.73,совмещенный,нет,8.0,9.0,2.7,нет,нет,2025,кирпичный,частично,0.951
15700000.0,52.2,раздельный,нет,2.0,9.0,2.7,нет,нет,1990,панельный,частично,3.251
23500000.0,74.1,раздельный,нет,4.0,5.0,2.7,нет,нет,1985,кирпичный,частично,3.607
13500000.0,44.0,совмещенный,нет,2.0,5.0,2.8,нет,нет,2024,кирпичный,частично,1.73
16000000.0,60.0,раздельный,нет,4.0,5.0,2.7,нет,нет,1984,кирпичный,частично,3.429
16500000.0,52.0,раздельный,нет,5.0,9.0,2.7,нет,нет,1990,панельный,частично,3.251
13500000.0,45.0,раздельный,нет,5.0,5.0,2.7,нет,нет,1971,кирпичный,частично,0.845
13000000.0,50.0,раздельный,лоджия,6.0,6.0,2.7,нет,нет,1988,панельный,частично,2.499
11500000.0,43.0,раздельный,нет,5.0,5.0,2.7,нет,нет,1968,панельный,частично,0.365
18500000.0,69.0,раздельный,нет,1.0,9.0,2.7,нет,нет,2015,кирпичный,частично,2.807
19860400.0,70.93,совмещенный,нет,8.0,9.0,2.7,нет,нет,2025,кирпичный,частично,0.781
18999999.0,65.8,раздельный,нет,9.0,9.0,2.7,нет,нет,2005,панельный,полностью,2.006
21500000.0,80.0,раздельный,нет,3.0,6.0,2.7,нет,нет,1990,кирпичный,частично,2.228
18500000.0,65.0,раздельный,нет,3.0,5.0,2.7,нет,нет,1979,панельный,без мебели,3.361
41500000.0,90.0,раздельный,нет,1.0,9.0,2.7,нет,нет,2021,монолитный,частично,0.23
10000000.0,45.0,раздельный,нет,3.0,5.0,2.7,нет,нет,1982,кирпичный,частично,1.247
25900000.0,107.0,раздельный,нет,9.0,10.0,2.7,нет,нет,2021,кирпичный,частично,1.067
25000000.0,73.0,раздельный,нет,4.0,5.0,2.7,нет,нет,1984,панельный,полностью,3.286
22000000.0,47.5,совмещенный,нет,9.0,10.0,2.7,нет,нет,2023,кирпичный,частично,1.139
16500000.0,38.3,совмещенный,нет,1.0,9.0,2.7,нет,нет,2018,кирпичный,полностью,1.299
22000000.0,67.5,раздельный,нет,1.0,9.0,2.7,нет,нет,2005,панельный,полностью,1.682
22500000.0,51.0,совмещенный,нет,3.0,9.0,2.7,нет,нет,2021,кирпичный,частично,3.877
19500000.0,44.3,совмещенный,нет,3.0,9.0,2.7,нет,нет,2021,кирпичный,полностью,0.507
18500000.0,79.0,раздельный,нет,5.0,5.0,2.7,нет,нет,2012,кирпичный,полностью,3.751
24500000.0,66.8,совмещенный,лоджия,5.0,5.0,3.0,нет,нет,2018,кирпичный,частично,1.569
23500000.0,79.0,совмещенный,нет,4.0,5.0,2.7,нет,нет,1984,панельный,полностью,3.286
17340000.0,57.8,раздельный,нет,2.0,5.0,2.7,нет,нет,2024,кирпичный,частично,1.73
9300000.0,43.0,совмещенный,нет,1.0,4.0,2.7,нет,нет,1963,кирпичный,полностью,2.107
19300000.0,59.9,раздельный,лоджия,3.0,9.0,2.7,нет,нет,2017,панельный,полностью,4.033
9500000.0,43.0,совмещенный,нет,1.0,4.0,2.7,нет,нет,1963,кирпичный,полностью,2.107
9500000.0,44.0,совмещенный,нет,1.0,2.0,3.0,нет,нет,1959,иной,полностью,0.499
11168000.0,34.9,раздельный,нет,2.0,5.0,2.7,нет,нет,2024,кирпичный,частично,1.402
9500000.0,40.0,раздельный,нет,5.0,5.0,2.7,нет,нет,1972,кирпичный,частично,0.402
17600000.0,55.0,раздельный,нет,3.0,5.0,2.7,нет,нет,2024,кирпичный,частично,1.402
26310000.0,85.0,раздельный,нет,5.0,6.0,2.7,нет,нет,1992,кирпичный,частично,1.061
10500000.0,30.5,раздельный,нет,3.0,5.0,2.7,нет,нет,1974,кирпичный,частично,1.143
12000000.0,38.3,раздельный,нет,4.0,5.0,2.7,нет,нет,2024,кирпичный,частично,1.675
19400000.0,62.0,раздельный,нет,5.0,5.0,2.7,нет,нет,2024,кирпичный,частично,1.675
11500000.0,44.1,совмещенный,балкон,5.0,5.0,2.7,нет,нет,1970,кирпичный,частично,0.649
17000000.0,49.1,раздельный,нет,2.0,5.0,2.7,нет,нет,1985,панельный,частично,3.282
33500000.0,90.0,раздельный,нет,8.0,9.0,2.7,нет,нет,2019,кирпичный,частично,3.296
18500000.0,60.0,совмещенный,нет,9.0,9.0,2.75,нет,нет,2022,кирпичный,частично,1.436
27500000.0,76.5,раздельный,несколько балконов или лоджий,9.0,9.0,2.7,нет,нет,2015,кирпичный,частично,0.483
11500000.0,39.0,совмещенный,нет,3.0,5.0,2.7,нет,нет,1989,панельный,полностью,1.035
29000000.0,104.8,раздельный,нет,2.0,5.0,2.7,нет,нет,1973,кирпичный,частично,0.952
30000000.0,86.0,раздельный,несколько балконов или лоджий,1.0,5.0,2.8,нет,нет,2016,кирпичный,полностью,2.914
17000000.0,60.0,совмещенный,лоджия,1.0,5.0,2.8,нет,нет,1988,кирпичный,полностью,1.63
20000000.0,65.0,совмещенный,нет,5.0,5.0,2.7,нет,нет,1989,кирпичный,частично,1.241
7500000.0,32.0,совмещенный,нет,1.0,2.0,2.7,нет,нет,1965,кирпичный,частично,2.668
19000000.0,61.0,совмещенный,лоджия,5.0,5.0,2.7,нет,нет,2017,кирпичный,частично,0.884
12300000.0,29.6,совмещенный,балкон,3.0,5.0,2.7,нет,нет,1971,кирпичный,частично,0.883
14000000.0,39.2,раздельный,нет,2.0,9.0,2.7,нет,нет,2014,кирпичный,частично,2.195
24500000.0,66.8,совмещенный,лоджия,5.0,5.0,3.0,нет,нет,2018,кирпичный,частично,1.569
15500000.0,40.0,совмещенный,нет,4.0,5.0,2.7,нет,нет,2023,кирпичный,полностью,1.651
18000000.0,65.0,раздельный,нет,5.0,5.0,2.9,нет,нет,2013,кирпичный,частично,2.662
17500000.0,46.0,совмещенный,лоджия,1.0,9.0,2.7,нет,нет,2021,кирпичный,полностью,3.877
22490000.0,47.0,раздельный,лоджия,5.0,9.0,2.7,нет,нет,2024,кирпичный,частично,4.193
11500000.0,43.7,совмещенный,балкон,5.0,5.0,2.5,нет,нет,1968,панельный,частично,0.365
13500000.0,53.0,раздельный,балкон,1.0,6.0,2.5,нет,нет,1993,панельный,полностью,3.527
18800000.0,57.0,раздельный,нет,3.0,5.0,2.7,нет,нет,2024,кирпичный,частично,2.677
16000000.0,40.0,совмещенный,лоджия,6.0,9.0,2.7,нет,нет,2019,кирпичный,полностью,4.497
26000000.0,73.0,совмещенный,лоджия,7.0,9.0,2.7,нет,нет,2022,кирпичный,без мебели,1.324
19600000.0,70.0,раздельный,нет,4.0,9.0,2.7,нет,нет,2025,кирпичный,частично,0.951
24000000.0,64.0,совмещенный,нет,2.0,6.0,2.7,нет,нет,1995,иной,частично,1.374
23000000.0,67.0,раздельный,нет,4.0,5.0,2.6,нет,нет,1987,панельный,частично,1.34
19500000.0,61.5,раздельный,балкон,2.0,5.0,2.7,нет,нет,1985,панельный,частично,3.491
14500000.0,50.0,раздельный,нет,6.0,9.0,2.7,нет,нет,1988,панельный,частично,2.617
16300000.0,58.3,совмещенный,нет,7.0,9.0,2.7,нет,В залоге,2024,кирпичный,частично,4.193
26000000.0,68.0,совмещенный,нет,5.0,5.0,2.75,нет,В залоге,2022,кирпичный,полностью,1.796
13000000.0,51.0,раздельный,нет,1.0,5.0,2.5,нет,нет,1982,панельный,без мебели,3.401
37000000.0,73.3,совмещенный,нет,2.0,9.0,3.0,нет,нет,2017,кирпичный,частично,0.384
18400000.0,47.0,совмещенный,нет,3.0,5.0,2.88,нет,нет,1968,панельный,частично,1.969
15500000.0,40.0,раздельный,нет,4.0,5.0,2.7,нет,нет,2023,кирпичный,частично,1.651
19610000.0,74.0,раздельный,нет,4.0,10.0,3.0,нет,нет,2024,кирпичный,частично,4.193
14500000.0,53.2,совмещенный,нет,9.0,9.0,2.7,нет,нет,2007,кирпичный,полностью,2.677
18500000.0,64.6,раздельный,нет,5.0,5.0,2.7,нет,нет,1988,кирпичный,частично,2.726
37000000.0,79.6,раздельный,балкон и лоджия,8.0,9.0,2.7,нет,нет,2020,кирпичный,полностью,4.193
59999999.0,104.0,2 с/у и более,несколько балконов или лоджий,7.0,9.0,2.7,нет,нет,2020,кирпичный,полностью,0.524
14500000.0,56.0,раздельный,нет,2.0,5.0,2.7,нет,В залоге,1974,иной,частично,3.925
20000000.0,63.0,раздельный,лоджия,7.0,9.0,2.7,нет,нет,2019,монолитный,частично,4.447
6000000.0,38.0,раздельный,нет,3.0,5.0,2.7,нет,нет,1990,кирпичный,частично,1.247
14500000.0,60.0,раздельный,нет,5.0,5.0,2.7,нет,нет,1982,кирпичный,полностью,3.437
7000000.0,36.4,раздельный,нет,8.0,9.0,2.7,да,нет,1984,кирпичный,частично,1.309
15000000.0,63.0,раздельный,нет,4.0,5.0,2.7,нет,нет,1979,кирпичный,частично,3.801
12500000.0,34.9,совмещенный,нет,5.0,5.0,2.5,нет,нет,1972,панельный,без мебели,2.85
16800000.0,55.5,раздельный,нет,1.0,9.0,2.7,нет,нет,1992,кирпичный,частично,1.473
25000000.0,61.8,раздельный,нет,6.0,10.0,2.7,нет,нет,2022,кирпичный,полностью,4.193
41000000.0,100.0,раздельный,нет,7.0,9.0,3.0,нет,В залоге,2021,кирпичный,частично,1.103
19000000.0,70.0,раздельный,нет,5.0,6.0,2.7,нет,нет,1993,кирпичный,частично,3.527
9500000.0,49.9,раздельный,нет,3.0,5.0,2.7,да,нет,1981,панельный,без мебели,2.662
18499999.0,61.0,раздельный,нет,5.0,5.0,2.7,нет,нет,1993,иной,полностью,2.539
12500000.0,35.8,раздельный,нет,2.0,5.0,2.7,нет,нет,1987,панельный,частично,1.961
14000000.0,51.0,раздельный,балкон,5.0,6.0,2.5,нет,нет,1993,кирпичный,полностью,2.007
18000000.0,63.0,раздельный,нет,1.0,6.0,2.7,нет,нет,1992,кирпичный,частично,1.321
30000000.0,68.0,раздельный,нет,2.0,5.0,2.7,нет,нет,2021,кирпичный,полностью,4.568
10000000.0,30.0,совмещенный,нет,5.0,5.0,2.5,нет,нет,1973,иной,полностью,0.402
22000000.0,44.3,раздельный,нет,8.0,10.0,2.7,нет,нет,2023,кирпичный,полностью,0.756
15500000.0,58.0,раздельный,балкон,2.0,5.0,2.7,нет,нет,1979,кирпичный,частично,3.792
44000000.0,103.5,2 с/у и более,нет,4.0,9.0,2.7,нет,нет,2016,кирпичный,частично,0.587
8800000.0,30.0,раздельный,нет,3.0,4.0,2.7,нет,нет,1966,кирпичный,частично,2.192
43000000.0,99.5,совмещенный,нет,9.0,9.0,2.8,нет,В залоге,2022,кирпичный,полностью,0.947
17000000.0,50.0,раздельный,нет,7.0,9.0,2.7,нет,нет,1989,кирпичный,частично,3.436
23000000.0,83.0,раздельный,нет,4.0,5.0,2.5,нет,нет,1976,кирпичный,полностью,3.915
45000000.0,123.7,2 с/у и более,нет,4.0,12.0,2.8,нет,нет,2008,кирпичный,частично,1.061
21000000.0,65.0,раздельный,нет,4.0,5.0,2.5,нет,нет,1986,кирпичный,частично,1.167
19700000.0,65.0,раздельный,нет,10.0,12.0,2.7,нет,нет,1984,монолитный,полностью,1.578
49700000.0,140.0,раздельный,нет,8.0,10.0,2.8,нет,нет,2017,кирпичный,полностью,1.58
18000000.0,70.0,раздельный,нет,1.0,5.0,2.7,нет,нет,1986,панельный,частично,3.662
14500000.0,50.0,раздельный,лоджия,5.0,9.0,2.8,нет,нет,1989,кирпичный,частично,3.227
15500000.0,66.7,раздельный,нет,6.0,6.0,2.7,нет,нет,1987,кирпичный,частично,2.499
14500000.0,51.0,раздельный,нет,5.0,5.0,2.7,нет,нет,1990,кирпичный,частично,2.333
12500000.0,44.1,совмещенный,нет,1.0,4.0,3.0,нет,нет,1965,панельный,полностью,2.275
15000000.0,58.9,совмещенный,нет,4.0,5.0,2.7,нет,нет,1974,панельный,без мебели,3.401
24000000.0,47.0,раздельный,нет,4.0,9.0,3.0,нет,нет,2020,кирпичный,частично,0.507
21000000.0,87.0,раздельный,нет,4.0,5.0,2.7,нет,нет,1982,панельный,частично,3.818
15000000.0,52.8,раздельный,нет,9.0,10.0,2.7,нет,нет,2022,кирпичный,частично,0.525
14000000.0,45.0,раздельный,нет,4.0,5.0,2.7,нет,нет,1979,кирпичный,без мебели,1.387
19000000.0,68.0,раздельный,нет,8.0,9.0,2.7,нет,нет,1996,панельный,частично,2.624
9500000.0,46.3,раздельный,нет,6.0,6.0,2.5,да,нет,1990,панельный,полностью,1.453
15500000.0,50.0,раздельный,нет,7.0,9.0,2.7,нет,нет,2005,кирпичный,частично,1.845
17500000.0,39.4,раздельный,нет,7.0,9.0,2.7,нет,нет,2018,кирпичный,частично,0.615
17500000.0,39.4,раздельный,нет,7.0,9.0,2.7,нет,нет,2018,кирпичный,частично,0.615
33500000.0,82.6,раздельный,нет,4.0,5.0,2.7,нет,нет,2020,кирпичный,частично,0.629
19700000.0,60.0,раздельный,нет,3.0,5.0,2.7,нет,нет,1986,панельный,частично,3.49
16000000.0,58.2,раздельный,нет,1.0,5.0,2.7,нет,нет,1980,кирпичный,частично,3.86
14000000.0,37.6,раздельный,балкон,5.0,5.0,2.7,нет,нет,2010,кирпичный,частично,3.527
21000000.0,78.0,раздельный,нет,3.0,5.0,2.0,нет,нет,1983,панельный,частично,3.83
32000000.0,102.8,раздельный,нет,3.0,5.0,2.7,нет,нет,2010,кирпичный,частично,3.527
63000000.0,159.0,раздельный,нет,5.0,9.0,2.7,нет,нет,2015,кирпичный,полностью,0.483
12000000.0,31.7,совмещенный,нет,2.0,5.0,2.7,нет,нет,1986,кирпичный,полностью,1.27
18500000.0,62.1,раздельный,нет,2.0,5.0,2.7,нет,нет,1993,кирпичный,полностью,1.755
28000000.0,77.0,раздельный,нет,5.0,5.0,3.0,нет,нет,2019,кирпичный,частично,1.569
26500000.0,60.0,раздельный,нет,3.0,9.0,2.7,нет,нет,2022,кирпичный,частично,1.436
17000000.0,49.9,раздельный,нет,2.0,5.0,2.6,нет,нет,1989,панельный,без мебели,3.282
19500000.0,40.0,раздельный,нет,8.0,9.0,2.7,нет,нет,2018,кирпичный,частично,0.574
33500000.0,82.6,раздельный,нет,4.0,5.0,2.7,нет,нет,2020,кирпичный,частично,0.629
30000000.0,82.9,раздельный,нет,4.0,4.0,2.9,нет,нет,2018,кирпичный,полностью,3.436
15500000.0,54.0,раздельный,нет,3.0,5.0,2.7,нет,нет,1995,панельный,частично,3.454
14000000.0,44.0,раздельный,нет,4.0,5.0,2.7,нет,нет,2013,кирпичный,частично,3.996
18000000.0,76.0,раздельный,нет,5.0,6.0,2.7,нет,нет,1997,кирпичный,полностью,2.9
18500000.0,55.0,раздельный,лоджия,3.0,9.0,2.7,нет,нет,2005,панельный,полностью,1.85
24500000.0,72.0,раздельный,нет,1.0,6.0,2.7,нет,нет,1989,кирпичный,частично,1.717
16000000.0,53.7,совмещенный,нет,1.0,4.0,2.5,нет,нет,1964,кирпичный,частично,0.715
9500000.0,38.0,совмещенный,нет,3.0,5.0,2.7,да,нет,1985,кирпичный,полностью,2.518
17500000.0,79.0,раздельный,нет,5.0,5.0,2.7,нет,нет,1979,панельный,частично,3.613
24500000.0,81.0,раздельный,нет,5.0,6.0,2.7,нет,нет,1987,панельный,частично,2.677
17500000.0,77.8,совмещенный,нет,5.0,5.0,2.7,нет,нет,1979,кирпичный,частично,2.475
15500000.0,57.0,раздельный,нет,5.0,5.0,2.7,нет,нет,1972,кирпичный,частично,0.959
28000000.0,77.0,раздельный,нет,5.0,5.0,3.0,нет,нет,2018,кирпичный,частично,1.569
6000000.0,20.0,раздельный,нет,2.0,5.0,2.7,нет,нет,1980,кирпичный,частично,1.84
20000000.0,68.0,раздельный,нет,4.0,5.0,2.7,нет,нет,1987,панельный,частично,2.559
4500000.0,20.0,раздельный,нет,2.0,5.0,2.7,нет,нет,1986,кирпичный,частично,1.195
5500000.0,25.0,раздельный,нет,1.0,5.0,2.7,нет,нет,1987,кирпичный,частично,1.19
6000000.0,20.0,раздельный,нет,3.0,9.0,2.7,нет,нет,1986,кирпичный,частично,1.58
19000000.0,62.0,раздельный,нет,5.0,5.0,2.7,нет,нет,1988,кирпичный,частично,1.597
14000000.0,53.1,раздельный,нет,5.0,5.0,2.7,нет,В залоге,1984,панельный,полностью,3.436
10000000.0,34.6,совмещенный,нет,2.0,5.0,2.7,нет,нет,1982,кирпичный,частично,3.437
11500000.0,45.0,раздельный,нет,5.0,5.0,2.7,нет,нет,1972,кирпичный,частично,0.54
7000000.0,34.0,нет,нет,1.0,1.0,3.0,нет,нет,1940,иной,полностью,0.718
17000000.0,38.0,совмещенный,нет,5.0,5.0,2.8,нет,нет,2021,кирпичный,полностью,1.624
19000000.0,63.0,совмещенный,нет,4.0,5.0,2.5,нет,В залоге,1986,кирпичный,частично,1.58
9500000.0,39.0,совмещенный,нет,4.0,5.0,2.7,нет,нет,1978,кирпичный,частично,3.712
12300000.0,48.0,раздельный,нет,2.0,9.0,2.7,нет,нет,2024,кирпичный,частично,4.193
3100000.0,14.0,раздельный,нет,2.0,2.0,2.7,нет,нет,1986,кирпичный,частично,3.651
13400000.0,45.0,раздельный,нет,2.0,5.0,2.7,нет,нет,1976,кирпичный,частично,1.469
11500000.0,45.0,раздельный,нет,5.0,5.0,2.7,нет,нет,1968,панельный,частично,0.365
65000000.0,140.0,раздельный,нет,8.0,9.0,2.7,нет,нет,2017,кирпичный,частично,0.372
20000000.0,68.0,раздельный,нет,4.0,5.0,2.7,нет,нет,1987,панельный,частично,2.559
22500000.0,60.0,совмещенный,нет,5.0,9.0,2.7,нет,нет,2021,кирпичный,частично,3.877
17500000.0,53.7,совмещенный,нет,4.0,5.0,2.7,нет,нет,1989,кирпичный,частично,1.594
22500000.0,67.0,раздельный,нет,4.0,9.0,2.7,нет,нет,2006,панельный,без мебели,1.955
8300000.0,49.2,раздельный,нет,3.0,9.0,2.7,да,нет,1986,кирпичный,частично,1.309
20000000.0,67.0,раздельный,нет,3.0,5.0,2.7,нет,нет,1989,панельный,полностью,2.228
22000000.0,68.0,совмещенный,нет,9.0,9.0,2.7,нет,нет,2015,кирпичный,полностью,2.807
32000000.0,78.0,раздельный,нет,3.0,5.0,2.7,нет,нет,2021,кирпичный,полностью,0.93
14500000.0,61.0,раздельный,нет,4.0,5.0,2.7,нет,нет,2022,панельный,частично,4.193
12500000.0,52.0,раздельный,нет,8.0,9.0,2.7,нет,нет,1991,панельный,частично,3.298
15000000.0,49.0,совмещенный,нет,2.0,5.0,2.7,нет,нет,1981,иной,полностью,1.146
16700000.0,52.0,раздельный,нет,5.0,9.0,2.7,нет,нет,1990,панельный,частично,3.251
14500000.0,58.6,раздельный,нет,3.0,3.0,3.05,нет,нет,2023,иной,частично,3.479
14300000.0,45.0,раздельный,нет,4.0,5.0,2.7,нет,нет,1979,кирпичный,частично,3.468
13500000.0,49.0,раздельный,нет,2.0,5.0,2.7,нет,нет,1987,панельный,частично,1.748
27500000.0,75.0,раздельный,нет,5.0,9.0,2.7,нет,нет,2018,кирпичный,частично,3.296
2900000.0,17.0,раздельный,нет,4.0,4.0,2.7,нет,нет,1962,кирпичный,частично,2.041
16500000.0,54.0,раздельный,нет,9.0,9.0,2.7,нет,нет,1990,панельный,частично,2.677
21500000.0,65.0,раздельный,нет,5.0,5.0,2.7,нет,нет,2016,кирпичный,частично,0.476
22500000.0,58.1,раздельный,нет,9.0,9.0,2.7,нет,нет,2019,кирпичный,частично,1.727
16000000.0,43.0,раздельный,нет,9.0,10.0,2.7,нет,нет,2020,кирпичный,частично,0.47
18000000.0,74.0,раздельный,нет,7.0,9.0,3.0,нет,нет,2023,кирпичный,частично,4.193
20500000.0,57.1,раздельный,нет,4.0,5.0,2.7,нет,нет,1986,кирпичный,частично,3.751
8500000.0,48.9,раздельный,нет,2.0,4.0,2.7,да,нет,1962,кирпичный,частично,2.041
9500000.0,40.3,совмещенный,нет,1.0,4.0,2.7,нет,нет,1964,кирпичный,полностью,2.107
10000000.0,42.0,совмещенный,нет,3.0,5.0,2.7,да,нет,1982,кирпичный,частично,1.247
22000000.0,67.5,раздельный,нет,1.0,9.0,2.7,нет,В залоге,2005,панельный,частично,1.682
